Country Name,Country Code,Indicator Name,Indicator Code,1960,1961,1962,1963,1964,1965,1966,1967,1968,1969,1970,1971,1972,1973,1974,1975,1976,1977,1978,1979,1980,1981,1982,1983,1984,1985,1986,1987,1988,1989,1990,1991,1992,1993,1994,1995,1996,1997,1998,1999,2000,2001,2002,2003,2004,2005,2006,2007,2008,2009,2010,2011,2012,2013,2014,2015,2016,2017,2018,2019,2020,2021,2022,2023,2024
Aruba,ABW,Total reserves (% of total external debt),FI.RES.TOTL.DT.ZS,,,,,,,,,,,,,,,,,,,,,,,,,,,,,,,,,,,,,,,,,,,,,,,,,,,,,,,,,,,,,,,,,
Africa Eastern and Southern,AFE,Total reserves (% of total external debt),FI.RES.TOTL.DT.ZS,,,,,,,,,,,,21.52842965,21.69819976,24.94928509,17.98987333,12.95596165,12.34348522,13.2516842,9.890092608,12.55724864,10.55019437,7.027464406,5.464408008,5.621344655,5.001380451,5.405313639,6.84716125,7.331010591,7.774171091,8.086044517,8.575948428,8.950256168,9.933361947,10.22830757,11.63644231,11.88269796,11.59390559,14.52459776,13.95472974,17.56528514,19.20873586,19.73407707,18.31232713,18.07356056,24.30110682,30.25062687,42.02691433,45.72501062,46.40263177,44.38125929,41.53182125,41.88470906,39.05189759,36.75708211,33.46169442,31.36842597,27.98661358,24.82041861,24.26348448,24.2217838,23.04637804,24.85193841,24.29845575,25.00824999,
Afghanistan,AFG,Total reserves (% of total external debt),FI.RES.TOTL.DT.ZS,,,,,,,,,,,,,,,,,,,,,,,,,,,,,,,,,,,,,,,,,,,,,,,,,141.900322,171.9967932,211.9363509,255.2835756,277.1540762,281.6590952,297.5869891,268.6633974,280.499616,294.2340214,306.3611823,319.2583924,320.6813959,,,,
Africa Western and Central,AFW,Total reserves (% of total external debt),FI.RES.TOTL.DT.ZS,,,,,,,,,,,,,,,,,,,,,,,,,,,,,,,,9.881877202,,,4.636454575,4.803836199,9.123879308,14.28093333,12.05291643,10.1285755,16.31765034,16.85241139,13.01869387,12.48204023,23.7073922,45.43340373,97.78717794,112.5560874,122.7495898,,74.74505901,70.24308486,77.96094285,66.3478881,52.46332313,41.64477238,36.09055672,40.0875782,39.72472507,35.15473806,31.68379208,33.46157487,,,
Angola,AGO,Total reserves (% of total external debt),FI.RES.TOTL.DT.ZS,,,,,,,,,,,,,,,,,,,,,,,,,,,,,,,,,,,,1.98517359,5.26930407,3.945551559,1.877236485,4.604038731,12.27240845,8.33853369,4.118263386,6.958062321,14.07572243,26.12153623,82.27088084,93.76138801,114.5766855,67.38624366,73.43997411,77.97032832,86.16479968,72.66605528,58.86278918,48.779569,41.21626875,29.71327907,24.93936515,26.22296905,21.07168673,21.91484308,22.59003536,24.44623283,
Albania,ALB,Total reserves (% of total external debt),FI.RES.TOTL.DT.ZS,,,,,,,,,,,,,,,,,,,,,,,,,,,,,,,,,,21.18353521,25.318879,57.81643099,65.72774137,66.30029579,67.01832713,67.66486588,57.60037181,66.75688438,73.40380745,66.97017787,86.54200725,67.7083365,72.01946527,72.8757987,55.52849375,51.44100465,46.73300531,38.1142608,35.20715123,32.07197082,31.30961218,37.15576552,36.50284793,36.61378824,40.34437254,40.58175257,45.97960038,50.96958248,50.54093935,56.80632927,
Andorra,AND,Total reserves (% of total external debt),FI.RES.TOTL.DT.ZS,,,,,,,,,,,,,,,,,,,,,,,,,,,,,,,,,,,,,,,,,,,,,,,,,,,,,,,,,,,,,,,,,
Arab World,ARB,Total reserves (% of total external debt),FI.RES.TOTL.DT.ZS,,,,,,,,,,,,33.2286672,41.73562765,57.10099289,79.4975497,41.55297335,35.98402132,24.54701834,24.44010389,32.64824399,33.0257365,23.84176823,22.1663411,17.40301154,12.14484382,12.8626389,11.03150318,11.92194099,10.26583691,10.15411085,12.15577217,16.00921701,20.79388752,25.20211467,26.96747813,27.56717427,31.35736378,36.56440674,33.63667334,32.97432503,37.35790374,44.58941446,50.55051644,63.95834172,71.82759224,92.10334785,123.3743106,142.6483453,157.9082825,160.3104557,165.5392363,156.4883866,145.4794276,131.3073931,124.5284651,115.6873161,95.28489976,86.09717472,85.59467834,79.1483168,66.20072692,64.00044445,70.37556817,75.88570519,
United Arab Emirates,ARE,Total reserves (% of total external debt),FI.RES.TOTL.DT.ZS,,,,,,,,,,,,,,,,,,,,,,,,,,,,,,,,,,,,,,,,,,,,,,,,,,,,,,,,,,,,,,,,,
Argentina,ARG,Total reserves (% of total external debt),FI.RES.TOTL.DT.ZS,,,,,,,,,,,,4.78941024,8.303830743,21.65881379,24.22995787,10.73488049,20.87347315,32.92247467,43.92562326,54.90199902,34.02605327,13.98017823,10.28606703,6.160003224,5.280192789,9.192619695,8.403039008,6.358650037,8.739234669,4.90838137,9.958833618,11.36329325,16.6852628,23.96273788,21.31096042,16.17793725,17.74162356,17.48487173,17.56533611,17.3454705,16.76104655,9.535250238,7.074171519,8.661925641,11.70216335,21.47109343,26.92731676,38.19748867,35.74920935,35.90780889,41.22437233,32.37982721,30.90076819,20.32545454,20.08609715,13.57674864,20.03702217,23.37060926,22.31734903,14.99245443,14.30392764,14.86486538,16.78354232,8.671449891,
Armenia,ARM,Total reserves (% of total external debt),FI.RES.TOTL.DT.ZS,,,,,,,,,,,,,,,,,,,,,,,,,,,,,,,,,,10.14535717,16.84707091,29.99600892,32.31266805,37.46771158,36.45208252,29.68051777,30.85179947,23.37117462,25.0632144,25.14750132,25.98581921,33.98679975,50.1157713,53.8327542,38.94269014,40.60060695,29.58258774,26.07645479,23.55027464,25.93695209,17.4088736,20.10292411,22.3640248,22.62462888,21.06450388,23.97785371,20.02429601,23.00525906,25.80911907,22.77619124,
American Samoa,ASM,Total reserves (% of total external debt),FI.RES.TOTL.DT.ZS,,,,,,,,,,,,,,,,,,,,,,,,,,,,,,,,,,,,,,,,,,,,,,,,,,,,,,,,,,,,,,,,,
Antigua and Barbuda,ATG,Total reserves (% of total external debt),FI.RES.TOTL.DT.ZS,,,,,,,,,,,,,,,,,,,,,,,,,,,,,,,,,,,,,,,,,,,,,,,,,,,,,,,,,,,,,,,,,
Australia,AUS,Total reserves (% of total external debt),FI.RES.TOTL.DT.ZS,,,,,,,,,,,,,,,,,,,,,,,,,,,,,,,,,,,,,,,,,,,,,,,,,,,,,,,,,,,,,,,,,
Austria,AUT,Total reserves (% of total external debt),FI.RES.TOTL.DT.ZS,,,,,,,,,,,,,,,,,,,,,,,,,,,,,,,,,,,,,,,,,,,,,,,,,,,,,,,,,,,,,,,,,
Azerbaijan,AZE,Total reserves (% of total external debt),FI.RES.TOTL.DT.ZS,,,,,,,,,,,,,,,,,,,,,,,,,,,,,,,,,,1.660313969,1.803156745,37.66007331,48.74661669,91.98099491,63.47844133,52.17660224,42.87147663,47.70224112,42.33966978,40.97664497,49.03289934,51.88170883,88.65346583,108.8855583,142.997641,117.1214456,87.97001222,133.0451692,103.8747315,143.2067125,128.7672055,53.01116702,45.85270197,45.50835558,40.3808559,42.74373776,47.18392555,52.97875482,74.21835723,94.60575387,
Burundi,BDI,Total reserves (% of total external debt),FI.RES.TOTL.DT.ZS,,,,,,,,,,,,130.0735826,269.0094407,277.494676,152.243067,159.1835299,219.8003146,203.096052,111.6222751,71.02250982,63.15128342,38.15264934,16.42582921,10.88921015,7.195503984,7.713511807,13.28907209,8.974800735,9.547909762,11.98485772,12.31270919,15.30643319,17.52527262,15.92572681,18.74246692,18.59875282,12.90833143,11.0424585,6.28267407,4.592181806,3.343804336,1.643720081,4.796705908,4.996247181,4.873113009,7.809285431,9.558882874,12.56488143,19.17135234,53.21063442,53.48608442,48.82964936,46.50470868,48.41203335,45.8871871,21.71404489,15.76213198,16.00904017,11.47359622,17.71497619,13.58049042,27.27153272,16.59976324,8.663983586,
Belgium,BEL,Total reserves (% of total external debt),FI.RES.TOTL.DT.ZS,,,,,,,,,,,,,,,,,,,,,,,,,,,,,,,,,,,,,,,,,,,,,,,,,,,,,,,,,,,,,,,,,
Benin,BEN,Total reserves (% of total external debt),FI.RES.TOTL.DT.ZS,,,,,,,,,,,,,,,,,,,,,,,,,,,,,,,,,,,,,,,,,,,,,,,,,,,,,,,,,,,,,,,,,
Burkina Faso,BFA,Total reserves (% of total external debt),FI.RES.TOTL.DT.ZS,,,,,,,,,,,,,,,,,,,,,,,,,,,,,,,,,,,,,,,,,,,,,,,,,,,,,,,,,,,,,,,,,
Bangladesh,BGD,Total reserves (% of total external debt),FI.RES.TOTL.DT.ZS,,,,,,,,,,,,,184.6167777,28.76423478,10.99019833,8.822644954,14.48940281,10.35706367,11.3919994,13.94121796,8.710277042,3.793557963,4.220951574,10.21046109,7.363758813,5.454747964,5.494921508,8.998299637,10.47606429,4.972373982,5.365907758,10.0629229,13.80315114,17.32059848,20.49508684,15.10145442,12.32428324,11.29753213,12.48289294,9.935619437,9.716242238,8.716522499,10.31745796,14.23302584,16.34243477,15.26774972,19.23107167,24.51956443,24.78852283,40.75036406,42.05529005,33.92265376,43.74481093,55.73213259,63.2793433,71.03248319,77.66278268,65.46427768,56.06674169,52.34162454,58.69644028,50.46649395,34.78370078,21.54781348,
Bulgaria,BGR,Total reserves (% of total external debt),FI.RES.TOTL.DT.ZS,,,,,,,,,,,,,,,,,,,,,,,,,,,,,,,,,,,,,,,,,,,,,,,,,,,,,,,,,,,,,,,,,
Bahrain,BHR,Total reserves (% of total external debt),FI.RES.TOTL.DT.ZS,,,,,,,,,,,,,,,,,,,,,,,,,,,,,,,,,,,,,,,,,,,,,,,,,,,,,,,,,,,,,,,,,
"Bahamas, The",BHS,Total reserves (% of total external debt),FI.RES.TOTL.DT.ZS,,,,,,,,,,,,,,,,,,,,,,,,,,,,,,,,,,,,,,,,,,,,,,,,,,,,,,,,,,,,,,,,,
Bosnia and Herzegovina,BIH,Total reserves (% of total external debt),FI.RES.TOTL.DT.ZS,,,,,,,,,,,,,,,,,,,,,,,,,,,,,,,,,,,,,,,,18.78106604,17.79252956,46.19954279,41.86972593,40.00163333,43.46260473,36.01650428,42.24282188,43.28205215,33.98318415,32.49286487,30.72539427,34.23258223,33.61710028,36.01417634,37.01428874,41.10462531,44.03397577,49.55958094,52.44727884,56.35652286,61.86428521,68.53263603,65.45631106,65.70158131,
Belarus,BLR,Total reserves (% of total external debt),FI.RES.TOTL.DT.ZS,,,,,,,,,,,,,,,,,,,,,,,,,,,,,,,,,,,7.791503198,22.25959491,23.94937034,18.90652659,29.44740385,10.88578082,13.37670182,13.95905209,20.22241,16.84165268,18.18941219,25.31650723,21.1275443,33.35893486,20.21503821,25.5459693,17.68764843,23.17328567,23.98108997,16.81484356,12.66490981,10.90701514,13.08139153,18.4801835,18.46275362,23.06130016,17.87011444,20.22567908,19.87846232,22.11660455,
Belize,BLZ,Total reserves (% of total external debt),FI.RES.TOTL.DT.ZS,,,,,,,,,,,,,,,,,59.90262396,38.80430696,41.95988871,14.56623293,20.10595182,17.15881198,14.0927573,9.246510437,6.148323016,12.54006906,22.06961927,26.54202922,39.05223757,43.63982406,48.88345739,32.77043689,29.25628524,19.91559851,17.37670912,14.73929387,20.74360293,13.20079155,13.22046256,17.11691018,19.51075514,15.51864319,13.47882334,7.97603665,4.995937707,6.974208884,10.78715761,10.0895181,13.02438755,16.54961194,16.71935152,18.60173716,24.15037802,32.25421763,37.84926431,34.15695234,29.19751,23.31275533,21.83028942,20.15222364,22.78994856,28.9409853,32.84106763,31.37446246,
Bermuda,BMU,Total reserves (% of total external debt),FI.RES.TOTL.DT.ZS,,,,,,,,,,,,,,,,,,,,,,,,,,,,,,,,,,,,,,,,,,,,,,,,,,,,,,,,,,,,,,,,,
Bolivia,BOL,Total reserves (% of total external debt),FI.RES.TOTL.DT.ZS,,,,,,,,,,,,8.120590766,8.71977328,11.80381753,26.65557278,18.22782261,15.20061877,17.20977946,14.09251851,20.0426844,19.87157686,12.96756578,16.43933103,12.21672315,12.08240288,10.05458137,9.053072087,8.936103289,9.456341997,13.31836071,11.69185296,10.15566152,11.06949809,13.00887375,15.97902985,18.76154587,24.6737756,25.57932384,21.42788476,22.07863411,20.09427136,23.90516492,17.48048022,18.70592583,20.23119486,25.76173032,51.0566047,104.9133455,135.4097877,148.3407588,168.4528025,194.0257968,210.428882,177.2223853,170.2977583,131.878237,91.44438927,78.87547265,67.40156666,45.1393748,34.02847441,29.51630421,23.55299511,11.03794946,
Brazil,BRA,Total reserves (% of total external debt),FI.RES.TOTL.DT.ZS,,,,,,,,,,,,22.70001523,35.56075663,43.20235624,24.31893318,14.99730742,19.72365119,17.5103295,22.15077109,15.92144941,9.551063898,9.131032066,4.23319945,4.606517297,11.46056914,11.15253273,7.464241431,6.752017849,7.72155032,8.421011048,8.309727812,7.740140315,18.33517859,22.30131763,25.38259646,32.20739798,33.08834868,26.23803579,18.38325825,14.82664435,13.61389956,15.59683841,16.31088417,20.89682854,23.98568285,28.5612586,44.17989077,75.62919605,73.69386983,84.69323653,81.89664251,87.12130079,84.71370246,74.17626295,65.28235059,65.59932178,67.18438705,68.86836002,67.18051825,62.75379106,64.73647578,63.37541311,56.02956521,58.47674808,
Barbados,BRB,Total reserves (% of total external debt),FI.RES.TOTL.DT.ZS,,,,,,,,,,,,,,,,,,,,,,,,,,,,,,,,,,,,,,,,,,,,,,,,,,,,,,,,,,,,,,,,,
Brunei Darussalam,BRN,Total reserves (% of total external debt),FI.RES.TOTL.DT.ZS,,,,,,,,,,,,,,,,,,,,,,,,,,,,,,,,,,,,,,,,,,,,,,,,,,,,,,,,,,,,,,,,,
Bhutan,BTN,Total reserves (% of total external debt),FI.RES.TOTL.DT.ZS,,,,,,,,,,,,,,,,,,,,,,,,2011.218501,1575.715639,603.6733898,291.1277992,216.0613649,142.6271448,121.8966675,106.330094,117.3272759,95.42720953,101.3864202,116.1633975,123.3419936,168.1445716,157.7637518,150.1403661,152.2050679,150.1297083,118.5725534,91.94392655,74.26599493,66.29117938,71.18864347,75.62269114,87.24613998,110.34913,113.2661223,107.2231666,73.76454635,65.85582903,60.88544268,64.14151653,52.25602891,47.17292201,44.54431582,37.2268313,44.1675415,44.08471124,32.10915114,26.1294906,20.02039125,
Botswana,BWA,Total reserves (% of total external debt),FI.RES.TOTL.DT.ZS,,,,,,,,,,,,,,,,,43.4754614,52.10839373,117.0446614,200.8289413,246.2855461,148.36225,134.7857441,164.9252287,170.0269155,219.3893447,285.3522407,370.4350703,416.2852251,507.6016863,602.5199645,607.0699077,625.6168547,617.0837665,628.4237097,654.738924,802.4599705,987.4253201,1116.312827,1220.880822,1396.492138,1473.013046,1114.056787,1038.611392,1097.609869,1369.928922,2191.308452,2302.44162,2033.101281,529.6632169,436.3851595,337.4216786,303.0044434,324.8967345,334.196374,339.4576642,338.9001905,432.4421166,375.2553834,394.4784466,308.2303815,240.3861651,213.6572683,228.7760382,
Central African Republic,CAF,Total reserves (% of total external debt),FI.RES.TOTL.DT.ZS,,,,,,,,,,,,0.741178877,4.668588126,3.175294113,2.542210613,4.8369557,19.9081375,19.9110005,18.30197108,31.64697457,31.69445708,31.62416594,20.34877797,19.82917982,21.27968533,15.5019165,15.08965482,16.52546691,16.89913819,16.94438037,17.59606561,13.46175542,12.75734436,13.29252654,24.12885094,25.15330372,25.33845885,20.5883096,16.20589472,15.09502959,15.68591209,14.59346461,11.7252718,12.87802686,13.71820762,13.87122551,12.62221151,8.920437513,13.16364763,38.24603414,28.56237754,27.05102,27.35637585,32.3915729,39.21819512,30.94617329,34.50823479,50.2297071,46.0535516,41.23651628,48.00593012,43.20929438,36.8864786,46.97854342,
Canada,CAN,Total reserves (% of total external debt),FI.RES.TOTL.DT.ZS,,,,,,,,,,,,,,,,,,,,,,,,,,,,,,,,,,,,,,,,,,,,,,,,,,,,,,,,,,,,,,,,,
Central Europe and the Baltics,CEB,Total reserves (% of total external debt),FI.RES.TOTL.DT.ZS,,,,,,,,,,,,,,,,,,,,,,,,,,,,,,,,,,,,,,,,,,,,,,,,,,,,,,,,,,,,,,,,,
Switzerland,CHE,Total reserves (% of total external debt),FI.RES.TOTL.DT.ZS,,,,,,,,,,,,,,,,,,,,,,,,,,,,,,,,,,,,,,,,,,,,,,,,,,,,,,,,,,,,,,,,,
Channel Islands,CHI,Total reserves (% of total external debt),FI.RES.TOTL.DT.ZS,,,,,,,,,,,,,,,,,,,,,,,,,,,,,,,,,,,,,,,,,,,,,,,,,,,,,,,,,,,,,,,,,
Chile,CHL,Total reserves (% of total external debt),FI.RES.TOTL.DT.ZS,,,,,,,,,,,,,,,,,,,,,,,,,,,,,,,,,,,,,,,,,,,,,,,,,,,,,,,,,,,,,,,,,
China,CHN,Total reserves (% of total external debt),FI.RES.TOTL.DT.ZS,,,,,,,,,,,,,,,,,,,,,,174.3069217,205.162268,206.3288407,176.0406778,101.0888607,69.21544128,63.53513759,55.96629882,51.3049177,62.34137832,79.92975335,34.26111844,31.76586097,57.39828503,67.85997919,86.58668903,99.68917565,105.9831198,108.4585432,117.721047,119.3913938,160.5360997,200.8873439,251.8396412,290.8480507,331.0940728,409.3628405,508.7784465,539.6969718,392.2936172,308.7312199,295.0372843,262.1026302,219.3028525,255.3105822,219.0854421,189.1304587,161.5149347,152.4431237,144.320949,125.8254924,135.0805473,142.5307401,
Cote d'Ivoire,CIV,Total reserves (% of total external debt),FI.RES.TOTL.DT.ZS,,,,,,,,,,,,,,,,,,,,,,,,,,,,,,,,,,,,,,,,,,,,,,,,,,,,,,,,,,,,,,,,,
Cameroon,CMR,Total reserves (% of total external debt),FI.RES.TOTL.DT.ZS,,,,,,,,,,,,40.8674075,19.69498227,19.2377381,24.26778878,6.530867344,7.170130937,4.0312147,3.640939912,6.487352373,8.021113724,3.665104509,2.882586166,5.885353755,2.178999846,4.500219505,1.70990201,1.706066205,3.909520356,1.712954794,0.56495284,0.792474696,0.403897804,0.182718152,0.146827976,0.140340685,0.124910125,0.088875288,0.087574837,0.121890468,2.085158093,3.488776148,6.221430578,5.716398919,7.760197608,12.5290161,50.76008271,95.01526453,109.779668,113.5359071,114.1830439,103.3671251,86.95448301,67.05304035,54.95090163,48.40932534,28.20840141,31.80933153,31.43436925,28.77465502,26.9077021,27.96216812,33.97500144,31.84240439,
"Congo, Dem. Rep.",COD,Total reserves (% of total external debt),FI.RES.TOTL.DT.ZS,,,,,,,,,,,,37.47192288,32.15369839,32.21452041,13.78264297,4.138675328,2.923150245,4.826731593,4.349298134,7.415554549,7.960718381,5.772251879,4.45383511,5.049439341,5.312858854,5.432007041,6.274313743,4.765966154,4.343768224,3.047509712,2.542745342,1.782732979,1.510329622,0.486469876,1.067448867,1.190008458,0.643530735,0.797471776,0.625371524,0.678692256,0.698892085,0.710460846,0.734791423,0.85500701,2.049961505,1.228008017,1.36411482,1.450121512,0.589049503,7.34675584,21.2104907,22.77841239,28.11588845,26.13116253,25.3141385,20.27669588,12.44408768,11.94508769,11.39943818,18.36596526,10.52644835,37.81732869,45.06880934,46.12118572,
"Congo, Rep.",COG,Total reserves (% of total external debt),FI.RES.TOTL.DT.ZS,,,,,,,,,,,,7.73021902,6.535446645,4.155310965,9.252238598,3.867543509,3.190882981,2.49730071,1.449684917,4.548209468,6.065157992,8.563139044,2.155204678,0.578267581,0.365352563,0.249663207,0.318379798,0.204817512,0.22853769,0.24945913,0.207331597,0.181645108,0.163241712,0.111610222,1.008964811,1.058327736,1.82158031,1.2548262,0.079276007,0.846890395,4.813126859,1.493369155,0.70722522,0.712239008,1.821303518,11.71675562,27.6414778,41.34649204,74.11065799,75.30794999,159.0262561,176.7369073,154.7837411,124.8484094,86.05911823,32.78142785,10.71574185,5.18570828,6.014238967,11.76951489,13.86816113,10.03772145,10.62896392,9.196255464,
Colombia,COL,Total reserves (% of total external debt),FI.RES.TOTL.DT.ZS,,,,,,,,,,,,7.795949397,11.36312352,16.96238179,14.54039974,16.07724655,31.31168328,38.84937149,53.14576743,83.04598861,90.7247805,68.10354203,53.28332094,30.17313461,14.5469748,15.18068234,22.33904806,19.81930563,21.49302026,22.61954939,27.96204378,39.33944163,45.02989488,41.85827625,36.46644733,33.34496919,34.02659837,30.69159919,26.19310934,23.25421598,26.23381188,27.97844188,32.29299934,29.25778217,35.40186923,39.88164049,39.97060346,47.26962896,50.32022803,46.55045879,43.57479692,41.87815809,46.68741682,46.58811017,44.74999298,40.77467158,38.21436062,37.36437902,35.91788369,37.88382833,37.55419891,33.70136212,30.75005297,29.89323696,
Comoros,COM,Total reserves (% of total external debt),FI.RES.TOTL.DT.ZS,,,,,,,,,,,,,,,,,,,,,14.49065478,15.29790084,15.71027063,12.83726799,3.516658535,8.891818334,10.66791159,15.22040593,11.89825401,17.7474901,16.18512953,16.36845727,14.51942274,21.07979103,22.52597847,21.47727539,23.05039313,18.29122849,17.10251305,16.11679546,18.6713082,25.73855481,29.62084754,32.60097524,34.17832055,29.82958525,31.99829116,40.89553107,40.79052262,52.6209863,52.47469991,56.60132175,77.29033063,122.0943218,125.1224432,159.6800646,91.08922166,114.442184,74.54043723,74.62452576,96.56142966,93.79155517,78.36098452,85.02685061,
Cabo Verde,CPV,Total reserves (% of total external debt),FI.RES.TOTL.DT.ZS,,,,,,,,,,,,,,,,,,,,,,96.07136661,72.41818947,64.02355015,53.75729372,58.32108154,49.74273355,62.32018005,65.40503549,59.29625732,57.54483755,48.49522016,53.35141278,39.09310543,23.91923976,17.22966149,13.6037359,9.35616961,3.370551212,13.23546689,8.819670453,13.15800342,19.88258923,20.98264742,30.02347448,36.52329612,48.55756178,62.77541314,57.72931372,54.9109288,43.19043642,32.51183562,23.37761061,24.14757728,27.57558058,26.85637946,31.17139271,29.18925002,28.98194712,34.36115738,30.34049122,31.33461999,30.26609644,34.17903142,
Costa Rica,CRI,Total reserves (% of total external debt),FI.RES.TOTL.DT.ZS,,,,,,,,,,,,8.148942588,10.16907733,10.59578177,8.139976119,6.539709325,9.619015399,14.31177357,11.87697741,7.30533775,6.873768232,4.169242564,6.63137871,8.008218725,10.02399094,11.63331813,11.73825604,10.74435613,14.60727887,15.91480139,13.64790503,22.67077336,25.70391643,26.35350857,22.81639856,27.47132357,28.36896357,36.01140962,26.85910005,34.66021285,28.09423472,27.2250723,29.62785986,32.5613985,33.66740805,35.67518028,44.56972229,48.92852884,42.99834055,52.39834255,56.74539629,46.30143648,47.91418115,42.78414531,36.56525457,33.21041495,29.62838579,27.91169508,26.44030518,29.98851745,23.455536,20.56079591,22.1133502,33.88853904,
Caribbean small states,CSS,Total reserves (% of total external debt),FI.RES.TOTL.DT.ZS,,,,,,,,,,,,18.4581175,24.97513695,10.12159384,29.49987394,31.32559383,10.73264777,8.563781484,13.42050634,6.230486445,4.857267103,5.002056944,3.977699354,3.071839808,3.617196929,3.961101229,5.922225908,6.38278988,6.138380664,7.726463988,8.223114427,11.30446171,15.14478473,16.25132983,15.4097822,16.06352184,22.11641612,21.06772855,20.84095954,21.52732497,23.09880905,21.69919074,20.40560268,17.42775754,17.70756854,18.15755665,21.6058725,24.79845747,21.99895557,31.01629054,34.22149558,31.79622358,35.7115476,32.30348422,32.70086749,28.24150857,28.54209165,27.39996847,26.71244199,26.59117143,27.23994517,34.38399564,36.97121856,34.69816058,
Cuba,CUB,Total reserves (% of total external debt),FI.RES.TOTL.DT.ZS,,,,,,,,,,,,,,,,,,,,,,,,,,,,,,,,,,,,,,,,,,,,,,,,,,,,,,,,,,,,,,,,,
Curacao,CUW,Total reserves (% of total external debt),FI.RES.TOTL.DT.ZS,,,,,,,,,,,,,,,,,,,,,,,,,,,,,,,,,,,,,,,,,,,,,,,,,,,,,,,,,,,,,,,,,
Cayman Islands,CYM,Total reserves (% of total external debt),FI.RES.TOTL.DT.ZS,,,,,,,,,,,,,,,,,,,,,,,,,,,,,,,,,,,,,,,,,,,,,,,,,,,,,,,,,,,,,,,,,
Cyprus,CYP,Total reserves (% of total external debt),FI.RES.TOTL.DT.ZS,,,,,,,,,,,,,,,,,,,,,,,,,,,,,,,,,,,,,,,,,,,,,,,,,,,,,,,,,,,,,,,,,
Czechia,CZE,Total reserves (% of total external debt),FI.RES.TOTL.DT.ZS,,,,,,,,,,,,,,,,,,,,,,,,,,,,,,,,,,,,,,,,,,,,,,,,,,,,,,,,,,,,,,,,,
Germany,DEU,Total reserves (% of total external debt),FI.RES.TOTL.DT.ZS,,,,,,,,,,,,,,,,,,,,,,,,,,,,,,,,,,,,,,,,,,,,,,,,,,,,,,,,,,,,,,,,,
Djibouti,DJI,Total reserves (% of total external debt),FI.RES.TOTL.DT.ZS,,,,,,,,,,,,,,,,,,,,,,,,,72.45505971,53.07631322,44.95445585,41.14403155,40.66086373,45.06862476,60.30049263,48.81546198,37.91277849,32.3028211,28.61943906,26.46846196,26.73881208,25.31944625,23.79450828,26.18861677,22.76199245,23.4586749,20.54786253,25.30885572,20.40660171,18.3336013,21.23510321,16.31304846,20.76299157,26.90973935,32.39877447,31.72263082,30.98634287,51.78669335,41.68664323,29.72369073,23.93399594,24.53049858,19.56569227,19.66081271,23.66385373,18.35050347,18.59345428,14.64225554,
Dominica,DMA,Total reserves (% of total external debt),FI.RES.TOTL.DT.ZS,,,,,,,,,,,,,,,,,,,,,,21.18003054,21.09720187,3.776867911,10.19731926,5.573474516,15.62276025,24.44500016,18.34531194,14.49347236,15.93631179,18.11282753,20.88738819,20.26955563,15.46144579,21.09558595,19.65609255,22.72945169,24.28935105,23.53158479,16.02185945,13.40734862,18.28063531,15.52902389,13.02400913,16.71291254,23.10883564,22.79323292,21.17323184,27.75601188,28.03986641,28.92540954,31.02667268,17.80368642,21.05048479,25.44836694,41.39673525,40.74316064,37.85379532,33.71770272,34.47989018,37.42135701,34.12304777,30.68366256,
Denmark,DNK,Total reserves (% of total external debt),FI.RES.TOTL.DT.ZS,,,,,,,,,,,,,,,,,,,,,,,,,,,,,,,,,,,,,,,,,,,,,,,,,,,,,,,,,,,,,,,,,
Dominican Republic,DOM,Total reserves (% of total external debt),FI.RES.TOTL.DT.ZS,,,,,,,,,,,,12.85448382,12.66005312,18.20019572,16.48146406,17.08795373,15.42861791,16.5868519,12.62243987,17.6198169,13.40453282,11.87343708,6.564592969,6.68287412,8.134567974,9.682117629,10.18912641,4.758404363,6.418987399,4.116151083,1.528095818,9.745326384,10.72452261,13.27845574,5.9340488,8.220516125,8.086661923,9.193961888,11.33557785,14.58451375,13.68852692,21.19059616,7.219608086,3.841552263,10.569432,24.89547627,24.67964755,28.32888987,25.39750801,30.20263828,28.70263035,27.25269592,16.10132563,19.6204217,18.50740054,19.70275561,21.68228463,23.3329352,24.22025344,25.27649296,26.73787875,29.90713627,30.10383211,29.75070312,
Algeria,DZA,Total reserves (% of total external debt),FI.RES.TOTL.DT.ZS,,,,,,,,,,,,42.61697665,41.30695107,51.02384979,73.52155912,40.9191663,40.92365971,24.44288178,20.52701688,29.81406106,36.4803374,32.19644104,28.19122811,24.5012077,20.04580682,25.43452549,16.96494997,17.76403764,12.22367802,11.32430165,9.60248236,12.14451851,12.12930834,13.91328233,15.91794872,12.60048857,18.71088086,31.28762053,27.54354102,21.79188285,53.24135173,86.27158715,109.1717749,149.1586859,203.8372314,346.3707156,1380.891775,1875.449949,2373.168953,2092.066159,2350.225287,3161.178384,3636.657525,3840.101162,3375.189509,3223.773497,2211.020486,1837.320525,1530.216959,1307.192192,1147.852233,761.7927584,1007.85098,1110.236304,
East Asia & Pacific (excluding high income),EAP,Total reserves (% of total external debt),FI.RES.TOTL.DT.ZS,,,,,,,,,,,,18.4633757,24.39998072,29.73219474,38.27940564,24.64836394,25.16080794,24.21599225,22.67838661,28.14194506,30.15396202,35.87212387,36.2895666,35.03138153,35.40968647,26.88467646,24.16568133,26.05090377,25.82107379,26.44590641,31.24950689,37.36558473,25.83906605,26.03598402,33.45233298,33.94375747,40.76161752,42.42898894,44.90598476,49.29431182,55.7691807,64.49166584,84.06103045,105.2391412,136.242124,163.4003507,198.848188,254.5877306,306.5320283,329.5607488,274.485868,234.1139133,219.0360356,203.7145356,176.0149767,189.6322551,166.8467074,149.6802434,130.7793438,126.3113429,122.4521577,110.3614404,113.6856831,119.6767483,
Early-demographic dividend,EAR,Total reserves (% of total external debt),FI.RES.TOTL.DT.ZS,,,,,,,,,,,,12.92703605,17.48838962,23.57190999,25.75104861,16.52730099,17.97443548,18.05851256,19.56118906,26.88135544,29.35026984,17.05747925,14.22183923,11.68126123,11.53565634,11.34883241,10.90460335,11.52212002,9.327797444,9.202814165,10.14850215,12.97719968,15.02142347,17.62952532,16.58201397,17.45350532,19.94071267,21.78820081,21.40375682,22.40021218,23.998697,25.02057115,28.99454695,33.56486208,37.59696216,44.62010462,51.76430376,62.0861743,61.26433857,64.06628878,64.41805344,61.62736703,57.74739265,53.90917136,52.11221952,49.01473797,48.30354921,46.47224895,42.6543652,43.74478272,47.60328591,48.84001599,45.49509346,46.21182606,
East Asia & Pacific,EAS,Total reserves (% of total external debt),FI.RES.TOTL.DT.ZS,,,,,,,,,,,,18.4633757,24.39998072,29.73219474,38.27940564,24.64836394,25.16080794,24.21599225,22.67838661,28.14194506,30.15396202,35.87212387,36.2895666,35.03138153,35.40968647,26.88467646,24.16568133,26.05090377,25.82107379,26.44590641,31.24950689,37.36558473,25.83906605,26.03598402,33.45233298,33.94375747,40.76161752,42.42898894,44.90598476,49.29431182,55.7691807,64.49166584,84.06103045,105.2391412,136.242124,163.4003507,198.848188,254.5877306,306.5320283,329.5607488,274.485868,234.1139133,219.0360356,203.7145356,176.0149767,189.6322551,166.8467074,149.6802434,130.7793438,126.3113429,122.4521577,110.3614404,113.6856831,119.6767483,
Europe & Central Asia (excluding high income),ECA,Total reserves (% of total external debt),FI.RES.TOTL.DT.ZS,,,,,,,,,,,,,,,,,,,,,,,,,,,,,,15.1482258,15.42990517,13.00520446,13.96371399,12.92181862,15.29981608,21.00463762,24.43619303,25.16019779,21.09788091,22.70896538,19.11982387,18.2926967,21.67736448,24.77780759,25.42235337,31.27110594,32.95253333,31.76306338,27.24465554,27.52893087,27.94048071,28.0490167,29.355901,29.61547936,27.67429603,25.87667612,25.79148591,25.79660762,25.13052675,27.67964845,27.23563995,29.15375633,30.21055715,30.90184575,
Europe & Central Asia,ECS,Total reserves (% of total external debt),FI.RES.TOTL.DT.ZS,,,,,,,,,,,,,,,,,,,,,,,,,,,,,,15.1482258,15.42990517,13.00520446,13.96371399,12.92181862,15.29981608,21.00463762,24.43619303,25.16019779,21.09788091,22.70896538,19.11982387,18.2926967,21.67736448,24.77780759,25.42235337,31.27110594,32.95253333,31.76306338,27.24465554,27.52893087,27.94048071,28.0490167,29.355901,29.61547936,27.67429603,25.87667612,25.79148591,25.79660762,25.13052675,27.67964845,27.23563995,29.15375633,30.21055715,30.90184575,
Ecuador,ECU,Total reserves (% of total external debt),FI.RES.TOTL.DT.ZS,,,,,,,,,,,,13.96745898,26.89534672,44.20454246,55.11934837,30.93859305,43.60347848,27.72156172,17.7989809,20.14276137,20.57907167,10.25483486,6.320467426,10.43179344,8.79642607,9.708818652,8.55862818,6.553806225,5.250940227,6.210673315,8.296532767,8.633301641,8.284006057,10.9188383,11.06258943,10.51509917,11.52187128,12.05102565,9.388446267,9.877668628,6.861197867,6.026495292,5.128240423,5.83353234,6.978790948,10.51277616,9.936553553,16.67177315,23.50025409,28.34832336,17.04100439,18.28116818,15.28856279,22.75956076,15.7753626,8.756224737,11.91000507,5.270015128,4.800001431,5.661945792,12.65413772,13.61448188,13.93992398,7.333715859,
"Egypt, Arab Rep.",EGY,Total reserves (% of total external debt),FI.RES.TOTL.DT.ZS,,,,,,,,,,,,7.96636555,10.72205664,26.74189694,31.92665317,11.0642715,8.923501773,7.089815159,8.17063647,12.04309475,12.96168377,7.622671919,6.621787779,5.623099155,4.616679617,4.394123416,4.461327078,5.788344773,4.899739105,5.463169578,10.96426709,18.97078213,37.28135635,45.19972012,44.34876699,51.14768688,58.06069742,64.67012991,58.19333861,48.80858887,47.15620893,47.99657939,47.43924969,47.93148387,48.84366098,71.48417644,83.81628416,93.0930283,101.1942898,98.53059779,100.6101906,52.9343823,39.12077386,35.53506265,35.73379567,31.79794431,34.17140981,43.03284868,42.06760129,38.78577671,29.40485148,27.27729012,19.70902071,19.67733438,
Euro area,EMU,Total reserves (% of total external debt),FI.RES.TOTL.DT.ZS,,,,,,,,,,,,,,,,,,,,,,,,,,,,,,,,,,,,,,,,,,,,,,,,,,,,,,,,,,,,,,,,,
Eritrea,ERI,Total reserves (% of total external debt),FI.RES.TOTL.DT.ZS,,,,,,,,,,,,,,,,,,,,,,,,,,,,,,,,,,,,110.3600743,183.6216821,304.2531436,46.63778654,21.53417101,10.95904781,11.65668865,5.600092443,3.765888236,4.570483507,3.690421521,2.865664958,3.613999722,5.614537662,8.567103587,11.00425683,10.97311483,13.39754104,14.1423597,16.72006761,16.57053507,18.15327239,17.36920421,20.44404687,24.59724817,,,,,
Spain,ESP,Total reserves (% of total external debt),FI.RES.TOTL.DT.ZS,,,,,,,,,,,,,,,,,,,,,,,,,,,,,,,,,,,,,,,,,,,,,,,,,,,,,,,,,,,,,,,,,
Estonia,EST,Total reserves (% of total external debt),FI.RES.TOTL.DT.ZS,,,,,,,,,,,,,,,,,,,,,,,,,,,,,,,,,,,,,,,,,,,,,,,,,,,,,,,,,,,,,,,,,
Ethiopia,ETH,Total reserves (% of total external debt),FI.RES.TOTL.DT.ZS,,,,,,,,,,,,34.06430284,43.77444991,76.00296978,111.1996959,91.72994994,82.40289296,52.02265379,38.35139971,43.12574199,31.84374308,20.09183925,8.456449256,5.347130196,2.576127609,4.150446389,5.406489638,3.034477659,1.943358746,1.566332072,0.638399109,1.165328561,2.886568483,5.144730141,5.828987877,7.894354861,8.356436471,5.831472291,5.775876865,9.808911105,6.572460096,8.526077225,14.74101751,13.12321933,22.78842843,16.88193101,39.05636322,49.75182857,30.56930103,33.21646881,30.75391732,32.96314933,21.99359373,18.77971112,20.80276868,18.76008094,12.95456652,11.63737567,13.36168499,9.851766871,9.412060738,5.1375043,3.889798988,6.092513285,
European Union,EUU,Total reserves (% of total external debt),FI.RES.TOTL.DT.ZS,,,,,,,,,,,,,,,,,,,,,,,,,,,,,,,,,,,,,,,,,,,,,,,,,,,,,,,,,,,,,,,,,
Fragile and conflict affected situations,FCS,Total reserves (% of total external debt),FI.RES.TOTL.DT.ZS,,,,,,,,,,,,51.4787213,55.16669986,58.57391499,142.8622476,113.1672825,94.65603814,63.23065161,39.50560814,63.59249932,69.35740469,32.31633945,25.67398851,17.18738999,12.85210724,13.08274967,10.88912055,10.00011623,9.162121212,9.815850741,10.3259968,11.04781461,8.114728249,8.992973218,10.22269067,11.51687726,15.67656393,18.19538058,15.31841947,16.34493763,19.32980461,19.73807671,20.41110581,24.16059655,30.07099485,46.24590043,61.20529984,63.88517038,64.35969173,60.54951722,57.89483311,48.4741156,48.83799648,40.79993059,34.53678044,43.37514836,40.58298919,41.71852179,46.68315813,45.63786798,40.35095679,39.64469024,43.16126926,44.86743187,
Finland,FIN,Total reserves (% of total external debt),FI.RES.TOTL.DT.ZS,,,,,,,,,,,,,,,,,,,,,,,,,,,,,,,,,,,,,,,,,,,,,,,,,,,,,,,,,,,,,,,,,
Fiji,FJI,Total reserves (% of total external debt),FI.RES.TOTL.DT.ZS,,,,,,,,,,,,267.4989331,334.9925999,156.6814891,200.2442182,250.5797981,182.0366693,122.7673824,132.3430573,100.3481339,80.45903078,50.46187208,43.64907565,36.11654322,38.41639719,40.05777029,51.64316938,36.34892176,63.00506741,66.97688013,82.10097303,96.3183915,123.1945047,109.5513954,138.9027159,190.4630955,257.9052239,227.9878948,229.2055149,185.0002814,211.8019298,201.9870611,169.8068896,164.1051238,183.1629981,106.1569984,83.94419941,132.7542245,46.75279646,53.37489685,65.06194836,73.41433153,71.57192486,70.98116924,63.92106817,61.57328301,64.86765861,67.1458849,58.19491313,56.95823044,52.83978551,60.76107138,52.10021602,46.25000132,
France,FRA,Total reserves (% of total external debt),FI.RES.TOTL.DT.ZS,,,,,,,,,,,,,,,,,,,,,,,,,,,,,,,,,,,,,,,,,,,,,,,,,,,,,,,,,,,,,,,,,
Faroe Islands,FRO,Total reserves (% of total external debt),FI.RES.TOTL.DT.ZS,,,,,,,,,,,,,,,,,,,,,,,,,,,,,,,,,,,,,,,,,,,,,,,,,,,,,,,,,,,,,,,,,
"Micronesia, Fed. Sts.",FSM,Total reserves (% of total external debt),FI.RES.TOTL.DT.ZS,,,,,,,,,,,,,,,,,,,,,,,,,,,,,,,,,,,,,,,,,,,,,,,,,,,,,,,,,,,,,,,,,
Gabon,GAB,Total reserves (% of total external debt),FI.RES.TOTL.DT.ZS,,,,,,,,,,,,17.4436385,10.11486598,12.07818502,19.5624708,16.54905184,9.410737615,0.742403927,1.634087128,1.54338689,7.591112664,17.95195985,31.74439816,20.95383475,22.11536322,16.30514916,6.754324285,0.691057852,2.552033524,1.178290291,6.997631108,7.862134438,1.960485646,0.149261067,4.315840194,3.508141046,5.875800254,6.685819085,0.431128521,0.540910176,4.926196242,0.388711457,4.095842382,5.304385955,10.9219294,16.95330466,25.67906969,24.12514907,77.78952703,73.51260274,59.55278253,67.77708271,72.55560391,62.27795229,53.33943154,36.3070037,14.65340936,14.66948535,19.15658901,18.81649119,17.93674668,16.65111817,17.69924463,19.07471518,
United Kingdom,GBR,Total reserves (% of total external debt),FI.RES.TOTL.DT.ZS,,,,,,,,,,,,,,,,,,,,,,,,,,,,,,,,,,,,,,,,,,,,,,,,,,,,,,,,,,,,,,,,,
Georgia,GEO,Total reserves (% of total external debt),FI.RES.TOTL.DT.ZS,,,,,,,,,,,,,,,,,,,,,,,,,,,,,,,,,,,,16.00438112,14.05791611,13.76133187,8.062510595,7.799065323,6.352500509,8.480903465,9.937760206,9.131304831,16.69140335,22.19811203,36.17155455,45.57011521,19.16926338,24.33267573,25.75306259,26.05189239,22.75656191,20.75517929,19.06544254,16.94646096,16.88948778,18.50205341,18.98551999,18.6901981,19.47911766,19.36594856,20.37481317,20.44445318,
Ghana,GHA,Total reserves (% of total external debt),FI.RES.TOTL.DT.ZS,,,,,,,,,,,,7.94492584,17.28810427,25.65203578,13.8801912,20.42149296,15.94192325,17.02406875,25.54714199,31.29852089,23.56908069,17.44345299,21.17850834,17.48340605,22.2717404,24.46650033,22.5513982,10.00982397,9.911754269,12.81225429,7.970086246,14.70954318,9.129313963,10.57946815,12.60282397,13.54196693,14.43846152,9.730535246,6.553220214,7.52781666,4.580828228,5.479327087,8.32506879,17.70944659,24.15508303,23.44362938,37.44264447,26.69033355,20.02420248,28.480629,28.68084075,27.74009344,25.20383585,19.60023345,19.50997746,18.34324639,16.82902702,20.73358226,17.67568338,23.20367522,19.42202776,22.63875533,12.19880111,8.284729944,
Gibraltar,GIB,Total reserves (% of total external debt),FI.RES.TOTL.DT.ZS,,,,,,,,,,,,,,,,,,,,,,,,,,,,,,,,,,,,,,,,,,,,,,,,,,,,,,,,,,,,,,,,,
Guinea,GIN,Total reserves (% of total external debt),FI.RES.TOTL.DT.ZS,,,,,,,,,,,,,,,,,,,,,,,,,,,,,,,,5.669284102,3.800824573,4.813361328,2.887957496,2.713489157,2.722440562,3.489884024,6.684947917,6.231066051,5.44494327,7.16732964,8.326445817,8.883682359,3.478073886,3.127300396,1.257225645,1.417133227,1.741748861,12.83611238,9.308959336,29.55169943,56.99658904,50.87114155,53.4414585,32.09528101,37.90749813,41.01930507,47.95402282,38.96013764,36.41265601,47.02999448,43.01996235,36.54378997,
"Gambia, The",GMB,Total reserves (% of total external debt),FI.RES.TOTL.DT.ZS,,,,,,,,,,,,199.6324337,154.6124514,183.3027309,229.4227097,212.8339649,133.7553984,64.16976899,52.33857134,2.375848829,4.144898963,2.242930783,4.049634335,1.377948965,0.981019401,0.707507341,5.02081034,7.88482879,5.85850231,6.096316724,15.00558208,17.64667879,23.31066974,24.82610743,23.17288492,24.91299892,22.5964883,22.61609587,23.14630849,23.58201337,22.32669773,21.43808511,18.30795525,9.217946852,12.32535493,14.85477247,17.00440309,20.66876928,29.7812148,42.21168786,37.07687346,43.27175522,41.77004542,36.12291537,28.53247379,18.94865473,14.06498546,22.52405124,24.65012031,30.16653216,40.14928542,58.65449251,48.17239335,43.54770287,
Guinea-Bissau,GNB,Total reserves (% of total external debt),FI.RES.TOTL.DT.ZS,,,,,,,,,,,,,,,,,,,,,,,,,,,,,,,,,,,,,,,,,,,,,,,,,,,,,,,,,,,,,,,,,
Equatorial Guinea,GNQ,Total reserves (% of total external debt),FI.RES.TOTL.DT.ZS,,,,,,,,,,,,,,,,,,,,,,,,,,,,,,,,,,,,,,,,,,,,,,,,,,,,,,,,,,,,,,,,,
Greece,GRC,Total reserves (% of total external debt),FI.RES.TOTL.DT.ZS,,,,,,,,,,,,,,,,,,,,,,,,,,,,,,,,,,,,,,,,,,,,,,,,,,,,,,,,,,,,,,,,,
Grenada,GRD,Total reserves (% of total external debt),FI.RES.TOTL.DT.ZS,,,,,,,,,,,,48.83344037,56.54502354,55.71326571,57.82865804,54.65187946,102.2907785,88.1622753,64.40112002,54.64565063,59.94005921,47.32062986,20.32706255,24.17314513,25.60200014,34.82386475,31.48728316,28.30532227,18.64806922,16.84942713,15.57261902,14.03425864,22.06332673,18.01244018,23.9760059,28.66642508,25.39561141,36.57937901,27.20807367,36.86703896,28.91372281,27.13376513,23.60818295,22.54978427,28.33526904,26.02048428,22.08725715,22.67298066,19.54845597,23.19016338,21.25528228,22.67682474,20.27747046,25.65832673,26.65153593,32.93185531,33.38380888,35.46370257,40.45373404,43.28920985,43.03096028,46.23059953,53.12714521,55.5778598,
Greenland,GRL,Total reserves (% of total external debt),FI.RES.TOTL.DT.ZS,,,,,,,,,,,,,,,,,,,,,,,,,,,,,,,,,,,,,,,,,,,,,,,,,,,,,,,,,,,,,,,,,
Guatemala,GTM,Total reserves (% of total external debt),FI.RES.TOTL.DT.ZS,,,,,,,,,,,,43.92248645,63.28860915,87.91291068,83.88998917,88.8669659,119.7190889,101.0540558,94.27586227,84.3723746,59.27014021,26.10521694,21.20783375,21.25387523,17.51333912,16.9222097,19.4219355,18.70630263,15.35223422,19.38057913,12.42897623,30.72096536,28.54617912,32.2416391,29.83277634,23.4843219,27.76232916,33.38796916,37.84418213,32.31645731,45.73620274,53.6818814,52.42455933,56.71202129,43.51539167,39.73111116,37.04716171,34.03115916,33.66784231,35.10983832,39.54347118,37.92183663,43.5591133,41.57626432,37.57138,38.01076487,43.31614657,50.57020406,51.83587204,60.10646617,75.80263513,79.55964008,80.78889168,84.01821355,
Guam,GUM,Total reserves (% of total external debt),FI.RES.TOTL.DT.ZS,,,,,,,,,,,,,,,,,,,,,,,,,,,,,,,,,,,,,,,,,,,,,,,,,,,,,,,,,,,,,,,,,
Guyana,GUY,Total reserves (% of total external debt),FI.RES.TOTL.DT.ZS,,,,,,,,,,,,16.69255993,23.19544414,7.827866077,28.31109878,30.57850863,6.394636028,4.363841691,9.534491422,2.552010819,1.507141169,0.753703447,1.049144508,0.517488202,0.445255184,0.423937899,0.540927716,0.477419062,0.2132927,0.804114824,1.460904953,6.291167437,9.828979405,12.57527395,12.04390559,12.69494633,20.51076255,19.83670574,18.67803488,18.71428343,22.18716584,21.63713743,20.46322607,19.00668353,16.94249152,20.33143092,24.04097197,36.88245182,35.93294271,44.21874363,55.52859433,39.95554864,43.76587244,34.04059078,28.52005737,32.49321779,35.34251101,35.7354903,32.26565994,37.46890507,45.17421767,41.84697984,44.33956491,30.32185703,
High income,HIC,Total reserves (% of total external debt),FI.RES.TOTL.DT.ZS,,,,,,,,,,,,,,,,,,,,,,,,,,,,,,,,,,,,,,,,,,,,,,,,,,,,,,,,,,,,,,,,,
"Hong Kong SAR, China",HKG,Total reserves (% of total external debt),FI.RES.TOTL.DT.ZS,,,,,,,,,,,,,,,,,,,,,,,,,,,,,,,,,,,,,,,,,,,,,,,,,,,,,,,,,,,,,,,,,
Honduras,HND,Total reserves (% of total external debt),FI.RES.TOTL.DT.ZS,,,,,,,,,,,,11.20545089,15.95461958,16.40165629,12.76879967,21.59507476,29.65025148,21.74512174,18.30935599,16.91433359,10.12608134,5.943299692,6.134875434,5.350608865,5.528000682,3.88764337,3.793425553,3.326065622,1.650884301,0.787895362,1.22026516,3.224545498,5.152794146,2.380500953,3.739533155,5.493151011,5.348811478,11.86573723,16.16007808,22.63290439,23.4816478,27.55037699,27.88738574,25.43706058,31.90302936,45.22407434,66.25594346,84.56122076,70.85152457,54.99957585,67.40647116,62.98065871,49.77746854,43.7807597,46.8924351,49.17572865,50.03543326,53.80864475,51.96762974,58.88117939,73.48875875,69.29186406,66.54547726,58.83786506,
Heavily indebted poor countries (HIPC),HPC,Total reserves (% of total external debt),FI.RES.TOTL.DT.ZS,,,,,,,,,,,,17.42394611,17.42308303,20.26588667,17.13040099,12.04456848,10.87447942,10.46667341,8.414170658,9.962840963,7.844884791,6.01085741,5.065346281,4.521753245,4.054994256,3.911177242,4.185429717,3.21756969,3.299997286,3.157646529,2.808564486,3.270347208,3.384562226,3.186885688,3.931293497,4.797731728,5.923429842,6.439762883,5.843374043,6.957018499,7.438594036,8.187524891,9.401226305,9.91960004,12.72532387,15.07680426,25.33863449,31.52623535,35.32434757,39.53576831,43.98767275,45.02960843,43.11006496,36.55235771,33.73928961,27.88027597,22.85597762,23.79693125,23.34047201,,,,,,
Croatia,HRV,Total reserves (% of total external debt),FI.RES.TOTL.DT.ZS,,,,,,,,,,,,,,,,,,,,,,,,,,,,,,,,,,,,,,,,,,,,,,,,,,,,,,,,,,,,,,,,,
Haiti,HTI,Total reserves (% of total external debt),FI.RES.TOTL.DT.ZS,,,,,,,,,,,,20.75837531,33.3017968,33.19574122,16.59862341,8.520431202,15.51285855,14.79268568,14.48942371,19.16314475,6.9836319,6.223929666,2.026926107,2.445640906,2.524527362,1.559954658,2.950891966,2.830077568,2.320987152,2.307504087,1.082821273,5.15562013,4.004593267,4.647266559,7.672722188,23.73750638,24.13804692,19.85223325,24.70060578,21.64303477,15.16610666,11.02968452,6.416134412,4.585055506,14.71966931,16.42183302,25.95783451,36.33950293,35.90560373,75.4289885,201.6709762,247.8803805,190.0113909,155.7376044,100.4606899,90.76209999,96.03104039,106.7582833,102.4416452,106.3809408,111.7292016,94.32805056,84.84348152,98.05918719,
Hungary,HUN,Total reserves (% of total external debt),FI.RES.TOTL.DT.ZS,,,,,,,,,,,,,,,,,,,,,,,,,,,,,,,,,,,,,,,,,,,,,,,,,,,,,,,,,,,,,,,,,
IBRD only,IBD,Total reserves (% of total external debt),FI.RES.TOTL.DT.ZS,,,,,,,,,,,,16.75738135,23.14315338,30.41169331,30.44989764,19.52374949,21.31723417,20.51173336,22.92816961,27.81446852,28.30265538,19.94619508,17.87354406,15.18592044,15.96949797,14.69847474,13.50417562,14.61753287,13.63015577,13.89908061,16.36969848,20.46946965,20.82516518,23.24308693,25.14304808,26.72366945,30.74178049,32.09151554,30.40441752,31.21238933,33.10488729,36.68714342,44.41591599,54.19006654,67.33616853,83.54761223,97.89479846,119.0355254,130.2410692,143.516145,136.2717116,128.6866953,120.8706194,114.714779,104.6723294,102.9216225,94.57788354,89.22987226,81.88452103,80.99591232,82.04784374,78.58814154,77.4410301,80.12494133,
IDA & IBRD total,IBT,Total reserves (% of total external debt),FI.RES.TOTL.DT.ZS,,,,,,,,,,,,17.01410401,22.74143692,28.97638447,32.49847979,22.14822975,22.89144669,21.05154226,21.58544577,27.14810407,27.95441015,18.84703675,16.49422992,14.1417013,14.59540207,13.35886116,12.24897842,12.85839116,11.95462064,12.2015178,14.24712945,17.65589713,17.89814688,20.08443269,21.98348617,23.56828592,27.41888496,29.05203823,27.52742573,28.35384622,30.30591235,33.82575918,40.55989538,49.1479271,61.22455955,76.87464038,92.76557772,112.8831981,122.7364251,134.382719,128.6050073,121.4382825,114.2852102,108.6215272,99.26774424,96.62402729,88.75545451,83.72674082,77.10307955,76.27572559,77.07541901,73.82209033,72.02077497,74.24809701,
IDA total,IDA,Total reserves (% of total external debt),FI.RES.TOTL.DT.ZS,,,,,,,,,,,,18.24837747,20.76656271,22.54489467,41.58287729,34.40534368,30.77080874,23.76702614,14.93527929,23.81201792,26.21736663,13.23810104,9.297755046,8.898084225,7.695338583,7.030631642,6.359725123,5.401307173,5.018577443,5.210183531,5.954562974,6.790413377,5.767703738,6.641616023,7.964000944,7.765339093,9.162942617,11.0934846,10.21057816,10.7014998,12.90655222,15.11121457,16.42075152,17.96112494,22.52617726,30.18417961,46.64370325,53.36379131,53.79695823,53.28778753,50.99299162,42.39682041,42.74328075,42.4696399,39.60209995,36.59119676,34.98680186,34.42237853,32.65734499,32.16812201,32.89667023,31.67026729,26.33385282,25.04335015,
IDA blend,IDB,Total reserves (% of total external debt),FI.RES.TOTL.DT.ZS,,,,,,,,,,,,16.64626691,17.94745645,21.60268916,73.4006939,67.34444109,60.01351675,42.44700249,21.51975911,40.30167084,50.34522632,22.18631193,14.41508418,12.95893622,10.9724743,10.48937233,8.248785334,6.921150558,5.883705648,7.20329285,8.661194312,8.889737973,5.339591424,6.728643136,8.251750065,6.89539903,9.506339346,13.45080807,11.8234284,11.68379616,15.83924775,18.74578959,19.42499983,20.64241462,27.78774599,45.78312253,78.27968245,90.22237598,77.69020351,67.58677279,54.96957011,50.8682457,53.385392,55.48989419,51.11699577,46.18871857,44.06462924,40.16369378,36.06855847,33.47494543,32.25287216,32.52338762,27.0438349,25.75127805,
Indonesia,IDN,Total reserves (% of total external debt),FI.RES.TOTL.DT.ZS,,,,,,,,,,,,3.099337175,9.975918566,11.15604538,16.48328747,5.151657823,10.73655584,15.40090496,14.8331118,22.57966953,32.49144025,27.45033817,18.15393816,16.21789342,17.89203459,16.31297207,12.26775857,13.50745216,11.69524895,11.28228516,12.39366934,13.02429749,13.04962478,13.99109959,12.35500263,11.98361601,15.03536471,12.82590412,15.58297389,18.01312673,20.37704549,21.17671402,24.93968986,26.9818363,26.30415589,24.43562958,31.32826127,38.5150304,32.70128554,36.85461752,48.52318938,50.14656784,44.65057134,37.69737876,38.23507146,34.4092877,36.47348345,36.81634545,31.76529337,32.10561232,32.58894463,34.67787586,34.64929469,36.04418121,
IDA only,IDX,Total reserves (% of total external debt),FI.RES.TOTL.DT.ZS,,,,,,,,,,,,19.7690336,23.24129418,23.40650905,17.72961298,12.81623285,12.51757268,12.11459816,10.59767526,12.46676655,9.002891591,6.959126866,5.784306234,5.656279409,5.2580376,4.65796631,4.99124539,4.371002446,4.453406418,3.912222674,4.185253592,5.462892876,6.042836037,6.58967866,7.7933578,8.305251641,8.951099913,9.658923866,9.242520843,10.06414255,11.02089706,12.6979749,14.45966768,16.1500742,18.90962862,20.738023,28.43092559,32.46381318,40.78954372,45.58441207,48.64589592,37.13141247,36.52190881,34.97651051,33.02798934,31.1358247,29.9668912,30.89784767,30.43579149,31.19361265,33.37325393,31.01407934,25.77594026,24.48676578,
Isle of Man,IMN,Total reserves (% of total external debt),FI.RES.TOTL.DT.ZS,,,,,,,,,,,,,,,,,,,,,,,,,,,,,,,,,,,,,,,,,,,,,,,,,,,,,,,,,,,,,,,,,
India,IND,Total reserves (% of total external debt),FI.RES.TOTL.DT.ZS,,,,,,,,,,,,13.3546609,13.63610271,14.85808269,18.30872582,14.88883193,25.56321725,39.47826828,50.33892491,64.95417269,57.9529008,36.07122306,30.58903735,26.80544355,26.05284629,24.38204322,23.33607802,21.54752064,15.49345893,10.91744391,6.753736085,8.97557783,10.86726083,16.06763852,24.7408255,24.37361317,26.48760661,30.17816999,31.16589712,36.08485931,40.59967978,49.29728141,67.71967149,87.25872698,106.459372,113.7210975,111.6121052,135.5392705,113.3462732,111.0687833,103.4613192,89.33615126,76.52670538,69.77083946,71.05481325,73.78784031,79.39869521,80.65547016,76.5897509,82.61239418,104.468843,104.3297648,92.16626841,97.06328154,
Not classified,INX,Total reserves (% of total external debt),FI.RES.TOTL.DT.ZS,,,,,,,,,,,,,,,,,,,,,,,,,,,,,,,,,,,,,,,,,,,,,,,,,,,,,,,,,,,,,,,,,
Ireland,IRL,Total reserves (% of total external debt),FI.RES.TOTL.DT.ZS,,,,,,,,,,,,,,,,,,,,,,,,,,,,,,,,,,,,,,,,,,,,,,,,,,,,,,,,,,,,,,,,,
"Iran, Islamic Rep.",IRN,Total reserves (% of total external debt),FI.RES.TOTL.DT.ZS,,,,,,,,,,,,,,,,,,,,,276.7521603,83.93846803,92.93456684,,,,,,,,,,,,,,,,,,,,,,,,,,,,,,,,,,,,,,,,,,
Iraq,IRQ,Total reserves (% of total external debt),FI.RES.TOTL.DT.ZS,,,,,,,,,,,,,,,,,,,,,,,,,,,,,,,,,,,,,,,,,,,,,,,,,,,,,,,,282.1547895,193.9655645,175.6100524,232.8134711,247.4420442,206.6967726,253.2476602,426.8660072,552.0177645,
Iceland,ISL,Total reserves (% of total external debt),FI.RES.TOTL.DT.ZS,,,,,,,,,,,,,,,,,,,,,,,,,,,,,,,,,,,,,,,,,,,,,,,,,,,,,,,,,,,,,,,,,
Israel,ISR,Total reserves (% of total external debt),FI.RES.TOTL.DT.ZS,,,,,,,,,,,,,,,,,,,,,,,,,,,,,,,,,,,,,,,,,,,,,,,,,,,,,,,,,,,,,,,,,
Italy,ITA,Total reserves (% of total external debt),FI.RES.TOTL.DT.ZS,,,,,,,,,,,,,,,,,,,,,,,,,,,,,,,,,,,,,,,,,,,,,,,,,,,,,,,,,,,,,,,,,
Jamaica,JAM,Total reserves (% of total external debt),FI.RES.TOTL.DT.ZS,,,,,,,,,,,,17.60089798,15.20621694,10.45834926,13.1209194,7.69882308,2.206594871,2.923041816,4.076194138,4.033530214,5.430796232,3.646173629,3.782108102,1.809176262,2.665316693,3.887077007,2.306078342,3.653382933,3.177349399,2.306744736,3.514449713,2.299353493,6.998744496,9.438840885,15.8458661,14.75923962,21.48781695,17.86341788,17.98196727,13.76724707,21.85525875,34.69413245,29.36956568,20.8883496,28.33416223,32.92245701,28.67817432,17.84986051,16.9946473,18.67277476,17.62998131,15.97121171,14.01290256,14.10734331,17.56699624,20.73023945,23.50033307,25.92603707,20.1481016,25.10315155,27.84406273,30.21353695,28.61017803,31.71874805,
Jordan,JOR,Total reserves (% of total external debt),FI.RES.TOTL.DT.ZS,,,,,,,,,,,,168.0396069,162.1790326,167.6887263,170.4655015,166.4679959,133.851647,97.45881334,96.17947913,111.7044442,93.4563216,69.1021571,52.01229937,41.04085174,25.65548446,19.51719966,17.65558829,14.52867682,7.001564545,10.5334232,13.665629,11.38900767,12.92987553,25.50766191,26.43848116,29.75575406,27.84212777,33.30582979,26.29628695,34.1716191,31.10743073,26.70618509,31.62619181,42.95145366,42.23771413,42.77672494,50.38808446,53.32172372,64.53813798,85.04101428,80.69616437,69.20133111,48.26013087,60.10491593,66.51627138,64.73780536,57.33377871,51.8142207,45.66943744,45.98076135,44.59079502,45.71515882,44.14011672,42.72679809,
Japan,JPN,Total reserves (% of total external debt),FI.RES.TOTL.DT.ZS,,,,,,,,,,,,,,,,,,,,,,,,,,,,,,,,,,,,,,,,,,,,,,,,,,,,,,,,,,,,,,,,,
Kazakhstan,KAZ,Total reserves (% of total external debt),FI.RES.TOTL.DT.ZS,,,,,,,,,,,,,,,,,,,,,,,,,,,,,,,,,,41.16317327,43.59737749,44.26091282,67.07479008,54.50757307,32.35404167,30.31546169,16.28351424,16.33563546,17.03533261,21.36376986,27.91391226,16.11814467,25.69518238,18.33012797,18.62784989,21.12521052,23.72180155,23.49812514,20.83571936,16.46131054,18.51428562,18.15001436,18.07503646,19.3085448,19.69655344,18.18006936,22.06572429,21.30729717,21.78984457,22.0432696,
Kenya,KEN,Total reserves (% of total external debt),FI.RES.TOTL.DT.ZS,,,,,,,,,,,,34.33382461,34.75703186,27.58863141,16.76801319,13.4400268,18.45024822,31.69503442,16.96763483,24.5698874,15.90621324,8.14171386,7.366879872,11.2016619,11.80086267,9.966234562,9.655393537,5.09021013,5.102790069,5.37632996,3.346702148,1.947251484,1.153189282,6.141375118,8.255296868,5.257251821,11.38771297,12.54586574,11.47637097,12.13181899,14.60621374,19.38005595,17.52236547,22.07145905,21.96946686,27.67396181,35.95530286,44.28605077,37.42895204,44.83607955,48.62964502,42.472666,48.27372028,47.90302722,46.56181594,37.98501759,35.8723664,27.18016055,25.97325262,26.06742935,21.81283234,23.02548231,19.17756894,17.10969875,
Kyrgyz Republic,KGZ,Total reserves (% of total external debt),FI.RES.TOTL.DT.ZS,,,,,,,,,,,,,,,,,,,,,,,,,,,,,,,,,,16.51771374,5.861342076,21.92606416,12.33085582,14.48864701,12.46883594,13.70269616,13.51260628,15.70885748,16.21102591,18.58469833,22.04511349,27.13608994,31.47615253,40.86850039,33.76796318,38.46576114,41.77199684,33.3395576,34.24015379,32.84410496,26.86956711,23.02998366,24.67897379,26.78013716,26.42140156,28.72574241,32.40832007,32.91761434,28.71490811,32.00027633,
Cambodia,KHM,Total reserves (% of total external debt),FI.RES.TOTL.DT.ZS,,,,,,,,,,,,,,,,,,,,,,,,,,,,,,,,,,1.458773316,6.797534814,10.35502109,13.86654806,15.46127404,21.95240327,24.6275309,29.00052795,32.0060449,38.18755174,36.63181814,38.68974024,39.46317335,46.53082813,95.18758773,99.65792826,99.46422367,95.17790396,87.25154858,70.5213675,65.59090326,73.41481611,78.14242063,90.56214513,106.7121343,107.9873125,122.1895464,121.2271025,101.094875,79.20958464,88.68494798,
Kiribati,KIR,Total reserves (% of total external debt),FI.RES.TOTL.DT.ZS,,,,,,,,,,,,,,,,,,,,,,,,,,,,,,,,,,,,,,,,,,,,,,,,,,,,,,,,,,,,,,,,,
St. Kitts and Nevis,KNA,Total reserves (% of total external debt),FI.RES.TOTL.DT.ZS,,,,,,,,,,,,,,,,,,,,,,,,,,,,,,,,,,,,,,,,,,,,,,,,,,,,,,,,,,,,,,,,,
"Korea, Rep.",KOR,Total reserves (% of total external debt),FI.RES.TOTL.DT.ZS,,,,,,,,,,,,,,,,,,,,,,,,,,,,,,,,,,,,,,,,,,,,,,,,,,,,,,,,,,,,,,,,,
Kuwait,KWT,Total reserves (% of total external debt),FI.RES.TOTL.DT.ZS,,,,,,,,,,,,,,,,,,,,,,,,,,,,,,,,,,,,,,,,,,,,,,,,,,,,,,,,,,,,,,,,,
Latin America & Caribbean (excluding high income),LAC,Total reserves (% of total external debt),FI.RES.TOTL.DT.ZS,,,,,,,,,,,,13.6776676,20.56298406,26.86924515,21.20818185,13.65679619,16.01341642,16.74744188,20.18365027,22.71017056,17.53198694,12.00866331,7.693044058,7.216818738,9.823229305,9.640837044,8.659826485,9.146417752,7.961616016,7.968426113,9.875857895,12.78776718,17.76432404,20.84408318,17.67521787,20.27451844,22.94915128,22.65639301,19.22775374,17.36052851,17.64599309,17.85907388,18.62220906,20.98614555,23.7850446,29.64231315,36.12209973,50.10333896,51.54518537,56.34973103,57.00158218,59.21220844,57.07158385,50.97483652,47.62127332,44.57110984,45.20626873,44.50148724,42.22954617,40.43392361,42.26441073,42.72928382,39.95963447,39.8308234,
Lao PDR,LAO,Total reserves (% of total external debt),FI.RES.TOTL.DT.ZS,,,,,,,,,,,,,,,,,,,,,,,,,,,,,0.048256944,0.562981589,0.473586744,1.852955571,2.400274029,3.505951175,3.258433195,4.57513042,7.786112555,5.036812875,4.763407005,5.280799924,5.700688701,6.064936493,7.145712459,11.30243159,10.04315514,9.975324481,12.69181704,14.65347075,15.9498409,16.03147945,18.43368824,16.84281755,17.42095032,13.23342924,12.79462921,9.140630129,6.669895914,7.366521965,6.08100422,5.782474748,8.918061864,10.0308268,8.239306547,8.696429356,
Lebanon,LBN,Total reserves (% of total external debt),FI.RES.TOTL.DT.ZS,,,,,,,,,,,,879.3925988,1498.793835,2672.38918,6081.802657,5461.114627,6516.988311,5809.360017,2119.997839,2253.147027,1376.577672,834.3930431,940.3557214,589.0704563,405.7128886,466.8270734,472.3631699,501.6315227,479.3213249,449.6234844,235.6059584,290.3105826,251.9099047,433.4056191,348.8265418,272.2146779,232.3097727,169.8685148,132.0770171,123.0685954,84.11513236,55.84458159,59.4241704,85.93900952,69.17113332,72.92736997,79.41650905,79.45065941,64.22164463,84.81151794,93.00852923,96.36579218,94.27228654,77.05870319,78.61182032,71.1405227,77.55166802,74.71341521,65.7633672,70.66081413,61.62006195,52.67423734,48.46877661,41.46480474,
Liberia,LBR,Total reserves (% of total external debt),FI.RES.TOTL.DT.ZS,,,,,,,,,,,,,,,11.55639582,10.73886892,8.233582986,9.361047921,4.067386142,9.217190001,0.794826273,1.024865743,0.717163074,2.026312238,0.321860097,0.121417929,0.171663759,0.027585161,0.020933512,0.419548231,,0.059797463,0.044894982,0.105585264,0.214118571,1.128450586,0.015531609,0.01745369,0.024073799,0.016653884,0.009438698,0.01581952,0.100140617,0.203059339,0.48524937,0.642828613,1.717393912,3.159348843,5.089176279,20.12977431,105.5345797,113.0199729,117.8647369,111.1053988,73.22198757,66.95949911,61.66520583,52.40927802,28.69373918,23.45135624,23.32335792,37.91033492,31.49471213,,
Libya,LBY,Total reserves (% of total external debt),FI.RES.TOTL.DT.ZS,,,,,,,,,,,,,,,,,,,,,,,,,,,,,,,,,,,,,,,,,,,,,,,,,,,,,,,,,,,,,,,,,
St. Lucia,LCA,Total reserves (% of total external debt),FI.RES.TOTL.DT.ZS,,,,,,,,,,,,,,,,,,,,,,49.05666858,47.95546004,46.91456917,61.01378153,54.73069121,78.95269225,65.91312274,56.82326243,58.17621728,56.31761461,59.19949676,56.60396249,59.53029971,50.8727756,49.18384965,39.65556873,39.8726322,38.30277727,39.58542963,34.72416181,34.39893699,32.01886273,31.55544916,36.54109735,27.52872485,35.81052326,31.95726815,17.0401286,39.83420567,35.27053434,46.82274903,53.60888752,40.10185332,47.97134745,59.91543109,56.19653166,51.7397391,46.43808051,40.82944714,31.52758737,48.51563558,42.78852295,39.06265579,
Latin America & Caribbean,LCN,Total reserves (% of total external debt),FI.RES.TOTL.DT.ZS,,,,,,,,,,,,13.62930454,20.45563116,26.61059017,21.0919015,13.64768992,15.88966854,16.6598636,20.02756909,22.41118777,17.30943475,11.85548661,7.65457245,7.199813663,9.785840072,9.624893672,8.662601196,9.126240177,8.005895659,8.038233042,9.870564702,12.85805815,17.80562158,20.85635071,17.69365107,20.2959653,22.97597768,22.72724442,19.27100967,17.46571517,17.72505062,17.92998996,18.70462004,21.06965234,23.84726166,29.68200366,36.18664559,50.07654987,51.43536678,56.29403544,56.9974761,59.0626244,56.94996367,50.85096867,47.45721844,44.39506857,44.95800907,44.25287551,41.98324454,40.27013994,41.9659259,42.35062306,39.61837663,39.70441909,
Least developed countries: UN classification,LDC,Total reserves (% of total external debt),FI.RES.TOTL.DT.ZS,,,,,,,,,,,,22.74307825,25.47383036,24.64940555,18.64889323,11.84400491,11.984706,10.87282625,8.800103366,10.4437432,8.559349256,6.363262513,4.789119668,4.939521791,3.833856653,3.370085678,3.943249792,4.197049146,4.441940397,3.66826266,4.05426339,4.967894091,5.452446687,5.797308798,6.941970869,6.82509843,7.427024238,7.909368627,7.442943062,8.374820649,10.48089666,11.67779395,13.08075652,14.3396073,17.32263702,19.42418096,31.11940746,37.15842833,42.12068996,43.22708185,47.11755011,47.56028472,50.27664259,47.07112319,41.62289222,38.01666459,36.11065856,33.73511111,33.46239394,33.73385076,35.3352564,32.94244441,27.8314864,26.70022352,
Low income,LIC,Total reserves (% of total external debt),FI.RES.TOTL.DT.ZS,,,,,,,,,,,,20.8372259,21.90925576,24.36313563,14.76570862,7.928717151,7.732960592,9.065639594,7.697188041,7.650292807,6.223849054,4.539809598,3.235459909,3.462123837,3.370055275,2.796550203,3.493965287,3.345159278,3.623329719,3.177562579,3.512640712,3.816781249,2.861255694,2.27561184,2.984479305,4.355513358,5.526458471,6.754006543,5.806732183,7.116075183,9.826779755,12.0676465,13.42612626,13.94463896,17.16123915,19.2647422,26.35832523,28.34552603,55.30362569,56.12800324,63.51722782,34.41283348,34.89423505,28.69433455,26.17739437,19.58934324,17.43966974,19.51650787,,,,,,,
Liechtenstein,LIE,Total reserves (% of total external debt),FI.RES.TOTL.DT.ZS,,,,,,,,,,,,,,,,,,,,,,,,,,,,,,,,,,,,,,,,,,,,,,,,,,,,,,,,,,,,,,,,,
Sri Lanka,LKA,Total reserves (% of total external debt),FI.RES.TOTL.DT.ZS,,,,,,,,,,,,9.674934347,10.72670964,13.7112697,9.899902608,7.022320598,9.804451927,25.62894127,29.46477935,35.1494667,15.28261796,15.71743743,14.44628559,11.1045405,17.68169105,13.30812594,9.2296707,6.509854943,4.755157319,5.195667896,7.618743714,11.0051478,15.1305052,23.95906538,25.99945981,25.15576288,23.91538377,25.19417998,22.05721143,16.632009,12.2310686,15.16345999,16.84446805,21.75818484,19.00680054,24.20296712,23.89260755,24.84526752,16.0320332,27.44849779,33.1824783,26.12559537,19.88604917,19.07610897,19.42712447,16.62331642,12.87579628,15.67770398,13.07774039,13.62879114,9.958656278,5.340297781,3.229411453,7.138884911,
Lower middle income,LMC,Total reserves (% of total external debt),FI.RES.TOTL.DT.ZS,,,,,,,,,,,,17.86980033,21.20006389,26.58938868,44.53386983,33.76503579,33.19768608,29.13568607,26.71875129,37.194249,36.1817567,20.87291133,17.43619939,14.64711593,12.34259119,11.71260711,11.60109076,10.87949946,9.318146775,8.872465434,8.915622806,11.62518893,13.70011609,16.70502374,20.17778708,18.8680256,21.72322335,23.12838062,22.74492034,24.50596403,26.5050718,29.94933665,35.08206226,42.97278205,49.67293491,59.26019959,75.57811254,92.5526539,83.33490368,82.33469379,78.22829964,70.52072954,66.31899293,62.21677443,60.66732157,58.97063573,59.26013016,58.39987684,54.33282873,57.35705528,63.56160543,62.66940246,53.44940352,54.90483797,
Low & middle income,LMY,Total reserves (% of total external debt),FI.RES.TOTL.DT.ZS,,,,,,,,,,,,17.01128364,22.74963206,28.98981615,32.45331245,22.05912948,22.8764281,21.06350756,21.63862443,27.29731583,28.15125936,18.98317024,16.63985603,14.27608111,14.74108545,13.47260764,12.33608014,12.98097123,12.0555816,12.29627395,14.39580425,17.80374372,18.01496681,20.20040653,22.12050005,23.68039338,27.54603435,29.18982969,27.66438327,28.40384506,30.39211567,33.93362208,40.69640376,49.34875251,61.4479514,77.21477436,93.00415456,113.1751002,123.1078623,134.8071769,128.9771206,121.8259978,114.7051369,109.0554407,99.71037926,97.17531057,89.31670751,84.22887938,77.57587976,76.73387196,77.5653909,74.29563711,72.50867723,74.71406495,
Lesotho,LSO,Total reserves (% of total external debt),FI.RES.TOTL.DT.ZS,,,,,,,,,,,,,,,,,,,,,69.87386316,51.41152447,38.9410826,51.81906595,35.19152514,24.82816838,30.49250184,26.11159773,19.60421778,14.9316131,18.29535281,25.71370713,31.85388933,46.58900391,59.8536549,66.73985812,65.67115943,84.95987567,83.56210229,72.69553329,54.29345692,56.47092522,57.02817856,65.22511603,64.84103618,77.91021673,100.1466926,146.2849094,138.780658,195.9805344,188.5613181,111.0950761,110.5360177,114.6112409,118.5491823,104.7074855,68.12611348,43.72291362,49.78291983,48.88567404,42.02766176,43.54403993,42.62586089,48.10104621,
Late-demographic dividend,LTE,Total reserves (% of total external debt),FI.RES.TOTL.DT.ZS,,,,,,,,,,,,26.91154637,36.97796649,45.29081481,38.15874313,26.21361081,28.60734783,25.85422095,29.23168607,28.80484078,23.60526935,25.35637424,25.01533778,22.90382411,24.60122693,21.01042856,18.38226349,19.60112217,21.16698717,22.36394586,26.78769592,32.9022516,28.97783435,30.58962335,38.63695677,40.40544548,45.04435845,45.24234954,42.1102631,43.19141009,45.60954792,53.28461743,67.15409732,85.11788827,111.679345,138.5900741,160.3601363,196.4683635,222.9350311,245.1783905,214.1654795,190.7442948,179.7664261,168.0181858,147.3997672,153.2593106,136.8703722,127.485561,114.4807529,111.1431677,108.9282457,98.96777637,99.38140134,103.8640264,
Lithuania,LTU,Total reserves (% of total external debt),FI.RES.TOTL.DT.ZS,,,,,,,,,,,,,,,,,,,,,,,,,,,,,,,,,,,,,,,,,,,,,,,,,,,,,,,,,,,,,,,,,
Luxembourg,LUX,Total reserves (% of total external debt),FI.RES.TOTL.DT.ZS,,,,,,,,,,,,,,,,,,,,,,,,,,,,,,,,,,,,,,,,,,,,,,,,,,,,,,,,,,,,,,,,,
Latvia,LVA,Total reserves (% of total external debt),FI.RES.TOTL.DT.ZS,,,,,,,,,,,,,,,,,,,,,,,,,,,,,,,,,,,,,,,,,,,,,,,,,,,,,,,,,,,,,,,,,
"Macao SAR, China",MAC,Total reserves (% of total external debt),FI.RES.TOTL.DT.ZS,,,,,,,,,,,,,,,,,,,,,,,,,,,,,,,,,,,,,,,,,,,,,,,,,,,,,,,,,,,,,,,,,
St. Martin (French part),MAF,Total reserves (% of total external debt),FI.RES.TOTL.DT.ZS,,,,,,,,,,,,,,,,,,,,,,,,,,,,,,,,,,,,,,,,,,,,,,,,,,,,,,,,,,,,,,,,,
Morocco,MAR,Total reserves (% of total external debt),FI.RES.TOTL.DT.ZS,,,,,,,,,,,,15.6782663,21.29698185,23.91213308,33.30811319,16.45619355,16.33550556,10.86536779,11.15193084,11.17807085,8.368753092,4.816044058,4.348330556,2.878285969,1.910569786,2.150553204,2.714111475,3.575676122,3.960228648,3.467269064,9.340225693,14.88282472,16.83096243,17.77044946,20.10397577,16.28550065,16.72935118,17.85885035,19.59783201,25.54127109,24.10827156,45.81011704,57.19425364,76.94648958,97.16174573,101.2213823,115.1759225,118.8422751,107.8610324,95.09530278,86.695501,67.18751509,50.51766722,47.67281622,46.77556811,50.97898238,52.46812001,50.9940766,48.25978806,47.78056608,54.5337472,54.26960493,49.7357999,52.4456859,
Monaco,MCO,Total reserves (% of total external debt),FI.RES.TOTL.DT.ZS,,,,,,,,,,,,,,,,,,,,,,,,,,,,,,,,,,,,,,,,,,,,,,,,,,,,,,,,,,,,,,,,,
Moldova,MDA,Total reserves (% of total external debt),FI.RES.TOTL.DT.ZS,,,,,,,,,,,,,,,,,,,,,,,,,,,,,,,,,6.368297877,27.49355469,35.80552163,36.97138403,36.80248764,33.81208245,13.40549322,15.64968911,12.08027961,12.76327776,13.68362362,14.28138836,22.24414947,26.92055415,29.57466667,39.63073001,44.90341241,39.84433594,36.35516899,37.67204917,47.27358602,45.46421295,36.85912893,28.82484248,35.47652415,40.23127976,41.11051923,41.91889991,47.79906449,43.18911588,46.01481355,51.25741317,
Madagascar,MDG,Total reserves (% of total external debt),FI.RES.TOTL.DT.ZS,,,,,,,,,,,,9.488432994,10.24073642,13.44623636,6.580303516,4.497581019,22.19669076,8.818148222,16.63971437,0.65186694,0.728973425,1.643868364,1.032710586,1.432232435,2.743467053,1.915286526,3.808109442,5.02771998,6.073506134,7.147741772,2.48804132,2.2736125,2.158527772,2.11954114,1.748830536,2.521070778,5.810238035,6.853378581,3.90029493,4.751121025,6.034303877,9.5201923,7.994746329,8.319425268,13.16495857,13.65181788,38.19160914,36.3027138,38.77959628,34.49666454,37.11832514,39.56769875,35.17025336,26.3943251,26.11135262,27.66117967,39.7637877,47.3017813,46.76162365,41.85993712,40.91279623,43.67906863,36.37659041,40.79117437,
Maldives,MDV,Total reserves (% of total external debt),FI.RES.TOTL.DT.ZS,,,,,,,,,,,,,,,,,,,6.432410393,5.560261172,3.684114614,2.9456114,12.9190955,5.880706519,6.194704471,5.528101582,10.06692206,11.25007635,30.2509061,37.07510304,31.26851682,28.88710536,29.70923017,23.27551131,25.27464607,30.96334358,45.28214339,57.37692032,61.22680692,57.98063683,60.48626689,39.94179573,49.34159643,54.44899789,59.9409568,51.44265869,41.83155336,39.95647758,20.97785205,18.8737225,38.31769916,38.02884393,32.42724885,35.94871752,55.82450202,56.16261034,41.08259941,40.07786953,30.68059991,28.17006757,26.90093524,19.65639891,20.83986128,14.76224369,
"Middle East, North Africa, Afghanistan & Pakistan",MEA,Total reserves (% of total external debt),FI.RES.TOTL.DT.ZS,,,,,,,,,,,,22.78787512,29.3926684,42.87148141,61.07248219,35.56441804,32.00854953,23.28512765,23.52530909,32.12825935,49.7653887,28.05322139,30.43047395,20.1715477,13.83016834,14.09733831,12.08336232,12.86048519,11.01864929,10.977953,12.54643891,16.16033091,20.74308833,25.43995557,28.00075108,27.24461109,29.8805434,34.7544755,31.72365754,30.86353501,34.9449601,42.84394106,50.8548532,64.10127987,70.52745463,89.49781931,116.701588,134.4988262,140.9506824,142.7823486,146.8138134,138.4078915,130.2740574,119.2487213,114.1608067,107.6443001,89.52862377,77.93852898,71.0378294,66.26151328,56.45978266,52.84393216,55.71312218,60.36338026,
Mexico,MEX,Total reserves (% of total external debt),FI.RES.TOTL.DT.ZS,,,,,,,,,,,,12.86745027,15.5263552,15.74759808,13.64198889,10.31903646,5.815478322,6.176515995,6.320456107,7.18494778,7.252046023,6.339871681,2.060412221,5.14548676,8.439274238,5.850702999,6.602034932,12.48669395,6.364887609,7.169235973,9.767122581,15.80467664,17.04804777,19.18712698,4.603790739,10.2232028,12.39152321,19.38426206,18.61904208,17.12460521,19.97448593,22.11783943,26.19199409,29.62285127,30.56638753,33.96014625,34.40909204,34.7927249,38.39018562,39.86847482,38.60684975,42.42546474,38.58674048,35.74436369,35.95984774,33.00959388,32.66815393,30.32457924,29.30067656,29.64711258,32.28045794,34.5483714,34.35200244,35.96416717,
Marshall Islands,MHL,Total reserves (% of total external debt),FI.RES.TOTL.DT.ZS,,,,,,,,,,,,,,,,,,,,,,,,,,,,,,,,,,,,,,,,,,,,,,,,,,,,,,,,,,,,,,,,,
Middle income,MIC,Total reserves (% of total external debt),FI.RES.TOTL.DT.ZS,,,,,,,,,,,,16.90239216,22.77458865,29.13380125,33.15091325,22.63767408,23.4802604,21.55333007,22.19220215,28.0975591,29.02090777,19.54703377,17.14491332,14.68535928,15.20341685,13.94057553,12.73935151,13.43646412,12.45253736,12.74274117,14.96221008,18.556509,18.82485982,21.08404332,23.04317581,24.51993696,28.45042514,30.02548145,28.48471049,29.14620136,31.11350477,34.64205765,41.59407163,50.53115908,62.88900167,79.0476763,94.71007965,115.1591757,124.8249302,136.7308217,130.1892461,123.1393917,115.9427112,110.3884916,100.892389,98.55668931,90.61884255,85.34923253,78.31289374,77.4052497,78.28741915,75.02720701,73.26565689,75.45433087,
North Macedonia,MKD,Total reserves (% of total external debt),FI.RES.TOTL.DT.ZS,,,,,,,,,,,,,,,,,,,,,,,,,,,,,,,,,,12.05263616,16.08167518,22.76269738,15.44028125,22.76337077,22.48835344,31.7505103,31.14020999,53.43277666,47.69509648,50.07219979,35.13625115,45.01175198,57.37354252,54.41475242,49.13753487,43.91044256,44.49213652,44.58520163,44.89230201,43.27813398,44.30710094,37.47773253,37.36509546,33.24066484,38.13706224,41.09230882,40.5439345,37.98382723,35.39722815,39.75635067,
Mali,MLI,Total reserves (% of total external debt),FI.RES.TOTL.DT.ZS,,,,,,,,,,,,,,,,,,,,,,,,,,,,,,,,,,,,,,,,,,,,,,,,,,,,,,,,,,,,,,,,,
Malta,MLT,Total reserves (% of total external debt),FI.RES.TOTL.DT.ZS,,,,,,,,,,,,,,,,,,,,,,,,,,,,,,,,,,,,,,,,,,,,,,,,,,,,,,,,,,,,,,,,,
Myanmar,MMR,Total reserves (% of total external debt),FI.RES.TOTL.DT.ZS,,,,,,,,,,,,39.07514581,27.60215551,37.58299259,61.66366892,43.10263504,37.44827779,23.17715695,14.77637119,23.69517594,24.31009925,16.71300102,9.739130487,7.553075036,5.590184121,3.768818982,3.462313986,3.106117492,3.696827083,7.673886995,7.685738964,6.33115362,6.570274057,6.871799933,8.075273035,10.39056066,5.40204319,5.377226294,6.240539145,5.158382677,4.419715963,7.623183993,8.190323697,8.697459985,10.03713512,12.39129883,18.38967443,40.70462517,43.77123571,57.98450528,60.51263214,68.00194781,66.64143302,89.09875806,44.87375902,44.99683162,48.32042565,48.34923897,52.6151537,52.08562931,57.20764283,66.16417541,65.25975739,76.77800588,
"Middle East, North Africa, Afghanistan & Pakistan (excluding high income)",MNA,Total reserves (% of total external debt),FI.RES.TOTL.DT.ZS,,,,,,,,,,,,22.78787512,29.3926684,42.87148141,61.07248219,35.56441804,32.00854953,23.28512765,23.52530909,32.12825935,49.7653887,28.05322139,30.43047395,20.1715477,13.83016834,14.09733831,12.08336232,12.86048519,11.01864929,10.977953,12.54643891,16.16033091,20.74308833,25.43995557,28.00075108,27.24461109,29.8805434,34.7544755,31.72365754,30.86353501,34.9449601,42.84394106,50.8548532,64.10127987,70.52745463,89.49781931,116.701588,134.4988262,140.9506824,142.7823486,146.8138134,138.4078915,130.2740574,119.2487213,114.1608067,107.6443001,89.52862377,77.93852898,71.0378294,66.26151328,56.45978266,52.84393216,55.71312218,60.36338026,
Montenegro,MNE,Total reserves (% of total external debt),FI.RES.TOTL.DT.ZS,,,,,,,,,,,,,,,,,,,,,,,,,,,,,,,,,,,,,,,,,,,,,,,,53.01445153,29.00409514,24.29727195,12.35083422,7.108043626,7.42666093,7.907586637,9.802099114,10.21610763,12.63750333,14.00899077,14.86739189,18.10019838,20.58815515,20.98856067,23.36219371,18.26241777,
Mongolia,MNG,Total reserves (% of total external debt),FI.RES.TOTL.DT.ZS,,,,,,,,,,,,,,,,,,,,,,,,,,,,,,,,,6.433670213,17.03288732,20.27812914,29.68147066,30.14346852,33.05205829,14.194772,13.95546648,21.05026046,21.82814877,24.25641763,13.17776571,13.04167127,23.85834558,48.15458747,57.45287022,30.04597875,44.4148376,38.59033514,25.42015164,25.9752108,11.14801063,7.288971225,5.483716332,4.935984094,10.1448659,11.22763793,13.10130548,13.9277912,12.61824884,10.15946313,14.32205841,
Northern Mariana Islands,MNP,Total reserves (% of total external debt),FI.RES.TOTL.DT.ZS,,,,,,,,,,,,,,,,,,,,,,,,,,,,,,,,,,,,,,,,,,,,,,,,,,,,,,,,,,,,,,,,,
Mozambique,MOZ,Total reserves (% of total external debt),FI.RES.TOTL.DT.ZS,,,,,,,,,,,,,,,,,,,,,,,,,4.172541232,1.62169477,1.644416721,2.889070654,4.211680386,4.708712313,5.037181933,5.151476846,4.592006284,3.626440713,2.457402838,2.635856468,4.576806227,7.087668301,7.559362665,9.168885761,11.21954828,16.27286709,16.19095276,17.53653012,19.35906614,18.02299208,24.71996869,26.82702513,26.07978411,27.57109979,20.16845388,19.24455421,14.96941978,11.58243506,9.358982979,6.786914043,4.778439857,7.311153482,6.235198835,7.175329354,6.946976335,6.033067502,4.564404735,5.440725166,
Mauritania,MRT,Total reserves (% of total external debt),FI.RES.TOTL.DT.ZS,,,,,,,,,,,,19.28334843,24.07696732,40.19169769,61.87766158,25.35568149,20.15913248,9.754444613,11.93002924,16.50739842,17.50992268,17.29918544,12.72465774,8.651618301,6.153078973,4.332727485,3.025912031,3.823009437,2.94521873,4.422637814,2.775086105,3.256250587,3.094750467,2.26067331,1.954299957,3.760780082,5.933900899,8.198347122,2.179362801,1.544811523,2.107031478,1.769572119,3.310903983,1.372392063,1.685715917,3.084337731,12.46662012,8.075075897,6.967264133,7.570394154,8.09372149,13.42048492,22.64544322,22.06543657,14.02132566,16.46681355,16.70135598,16.67269373,17.88534961,19.11633358,26.12414466,42.34553176,,,
Mauritius,MUS,Total reserves (% of total external debt),FI.RES.TOTL.DT.ZS,,,,,,,,,,,,155.3101308,195.5367603,157.8048162,274.1238239,318.0732881,137.8684243,66.86016205,28.02094295,15.81608825,26.8483722,9.906874192,10.02408933,6.294316396,6.894507037,7.311055608,23.76525429,46.05952942,56.2133681,66.71981394,81.64792219,92.25377835,89.06845519,86.6792555,70.20087558,62.69462947,65.68719742,53.09647602,45.01858365,57.92419724,94.58022931,98.31298405,61.12580521,49.69883278,49.04636249,37.76796991,37.35110089,32.28769887,27.56968684,31.63799327,33.0271896,28.20060423,28.54644865,28.17024649,30.73017883,41.347099,47.5093918,56.29891754,56.5518329,59.5616413,58.78819552,58.24822754,44.14494083,37.64680462,
Malawi,MWI,Total reserves (% of total external debt),FI.RES.TOTL.DT.ZS,,,,,,,,,,,,20.9714312,20.62942141,30.99399477,33.73540658,22.74992471,8.47520532,19.22736828,12.94317296,11.37261351,9.15019043,6.592077901,3.2985417,2.27449203,6.881828884,4.814305398,2.559500979,4.24682829,11.09886846,7.478888675,9.119457085,9.474344301,2.588041625,3.388963228,2.360968571,5.135475281,9.74515897,6.555869383,10.62515241,9.073110496,9.075486025,7.950563834,5.717999874,4.094658589,3.881784877,5.169941616,16.30291934,26.15976086,25.52434345,14.2668194,31.87272187,17.88357946,18.37519348,27.36127922,36.96883843,39.59908416,33.06835622,35.5346707,33.81516404,34.88645981,20.19848932,,,,
Malaysia,MYS,Total reserves (% of total external debt),FI.RES.TOTL.DT.ZS,,,,,,,,,,,,,,,,,,,,,,,,,,,,,,,,,,,,,,,,,,,,,,,,,,,,,,,,,,,,,,,,,
North America,NAC,Total reserves (% of total external debt),FI.RES.TOTL.DT.ZS,,,,,,,,,,,,,,,,,,,,,,,,,,,,,,,,,,,,,,,,,,,,,,,,,,,,,,,,,,,,,,,,,
Namibia,NAM,Total reserves (% of total external debt),FI.RES.TOTL.DT.ZS,,,,,,,,,,,,,,,,,,,,,,,,,,,,,,,,,,,,,,,,,,,,,,,,,,,,,,,,,,,,,,,,,
New Caledonia,NCL,Total reserves (% of total external debt),FI.RES.TOTL.DT.ZS,,,,,,,,,,,,,,,,,,,,,,,,,,,,,,,,,,,,,,,,,,,,,,,,,,,,,,,,,,,,,,,,,
Niger,NER,Total reserves (% of total external debt),FI.RES.TOTL.DT.ZS,,,,,,,,,,,,,,,,,,,,,,,,,,,,,,,,,,,,,,,,,,,,,,,,,,,,,,,,,,,,,,,,,
Nigeria,NGA,Total reserves (% of total external debt),FI.RES.TOTL.DT.ZS,,,,,,,,,,,,44.97693156,36.11817483,35.01186389,303.5520117,335.8092762,392.9448577,137.8059567,39.84956743,94.47616525,119.0371063,36.4199886,16.06369928,7.122871213,9.413960727,10.14114291,6.076324696,5.160508775,3.149426286,6.776040602,12.34003815,13.95303164,4.12166722,5.343593099,4.983556762,5.012880599,13.78139628,27.3337686,24.07671169,19.41783283,30.13478257,30.4391643,20.57336131,17.71534603,37.58725423,85.07606869,244.316342,266.3995261,262.4918169,189.5908581,114.2584133,98.71826091,114.4874308,102.5138909,75.14120237,64.43433023,64.06675596,62.16989082,61.67852465,47.11022039,41.90632882,42.02704196,34.49462588,31.25904121,
Nicaragua,NIC,Total reserves (% of total external debt),FI.RES.TOTL.DT.ZS,,,,,,,,,,,,19.90111869,22.77442202,23.6714937,15.99411261,14.24320195,15.41515543,11.2559343,3.728780901,9.648049824,3.305093836,4.349472222,5.63532726,,,,,1.399802803,1.884953813,1.659856454,1.508019145,1.52305023,2.531512181,0.505260248,1.176765393,1.34074532,3.285591677,6.047585787,5.560421686,8.020602817,7.218626482,6.012542703,7.036908604,7.414964065,13.11028856,14.52334922,22.00059771,26.82008325,24.1804213,26.55719299,25.63576257,23.83738974,20.61495921,19.43321417,20.75846718,21.64695126,20.06751221,21.66710667,17.38899844,17.61486932,23.34180532,27.7485764,29.56413163,35.92198519,
Netherlands,NLD,Total reserves (% of total external debt),FI.RES.TOTL.DT.ZS,,,,,,,,,,,,,,,,,,,,,,,,,,,,,,,,,,,,,,,,,,,,,,,,,,,,,,,,,,,,,,,,,
Norway,NOR,Total reserves (% of total external debt),FI.RES.TOTL.DT.ZS,,,,,,,,,,,,,,,,,,,,,,,,,,,,,,,,,,,,,,,,,,,,,,,,,,,,,,,,,,,,,,,,,
Nepal,NPL,Total reserves (% of total external debt),FI.RES.TOTL.DT.ZS,,,,,,,,,,,,1116.795263,870.989005,657.2158745,528.3479757,335.0513133,292.5532046,160.5353748,158.1784786,160.7610729,133.0088999,94.12363882,76.07560316,42.23223494,27.34491784,17.88224946,19.61387182,25.50246234,24.27081536,20.12519515,21.76858493,25.54938438,28.82716838,34.94086699,32.41662091,26.78852267,26.17964512,27.78651101,29.98928037,29.37560058,34.34836744,39.40377004,35.69549687,40.02910422,45.42252041,49.0810743,56.88040175,55.74104279,66.48945483,74.64756561,79.28021388,96.76614438,115.9537356,135.4171642,156.1491529,196.6118338,203.2515999,190.0965141,151.2532483,133.7239101,145.0553308,109.2729846,101.4740787,124.954881,
Nauru,NRU,Total reserves (% of total external debt),FI.RES.TOTL.DT.ZS,,,,,,,,,,,,,,,,,,,,,,,,,,,,,,,,,,,,,,,,,,,,,,,,,,,,,,,,,,,,,,,,,
New Zealand,NZL,Total reserves (% of total external debt),FI.RES.TOTL.DT.ZS,,,,,,,,,,,,,,,,,,,,,,,,,,,,,,,,,,,,,,,,,,,,,,,,,,,,,,,,,,,,,,,,,
OECD members,OED,Total reserves (% of total external debt),FI.RES.TOTL.DT.ZS,,,,,,,,,,,,,,,,,,,,,,,,,,,,,,,,,,,,,,,,,,,,,,,,,,,,,,,,,,,,,,,,,
Oman,OMN,Total reserves (% of total external debt),FI.RES.TOTL.DT.ZS,,,,,,,,,,,,,,,,,,,,,,,,,,,,,,,,,,,,,,,,,,,,,,,,,,,,,,,,,,,,,,,,,
Other small states,OSS,Total reserves (% of total external debt),FI.RES.TOTL.DT.ZS,,,,,,,,,,,,,,,172.0748322,246.237714,154.09945,99.97880712,48.22621868,32.43035919,39.97831033,23.51937021,20.36809924,22.49106089,24.56595157,24.51093419,31.71298554,44.96490457,52.21626332,60.52276095,70.81143327,72.54215046,75.66107792,70.46675356,62.82628195,53.12237704,55.89631658,48.22763168,48.44923097,53.39663881,64.72990774,59.44540536,50.69124353,45.83907172,46.10389077,39.14149111,42.36552887,45.51821661,38.47362118,40.55974927,35.08993691,27.49588999,31.5136904,30.36790794,32.56699959,36.22673018,37.5081424,40.67799364,38.71793014,41.34995203,40.29761582,39.8580903,34.84730432,30.04092608,
Pakistan,PAK,Total reserves (% of total external debt),FI.RES.TOTL.DT.ZS,,,,,,,,,,,,5.229454385,7.95163434,12.92522267,13.44382356,9.786323994,10.05741073,9.46179409,9.555936884,12.82723671,15.78632326,13.75441887,15.48853498,22.30833268,13.17010806,10.61603495,9.79556613,8.577589423,6.989057737,7.097414315,5.06417494,5.220971911,6.114823874,8.127571119,13.56595542,8.357980249,4.379972643,5.962805478,5.031465146,6.19322258,6.303771758,13.0318188,25.62817423,31.90199344,29.0197323,32.1282818,34.13792252,37.08077652,17.98134499,23.87014419,27.18142347,27.19063116,21.40358834,12.68911342,22.22939947,29.13151067,29.28952334,19.81132374,11.81365465,15.05390393,15.69190922,17.4331999,7.77287767,10.49341181,
Panama,PAN,Total reserves (% of total external debt),FI.RES.TOTL.DT.ZS,,,,,,,,,,,,,,,,,,,,,,,,,,,,,,,,,,,,,,,,,,,,,,,,,,,,,,,,,,,,,,,,,
Peru,PER,Total reserves (% of total external debt),FI.RES.TOTL.DT.ZS,,,,,,,,,,,,12.61748693,14.31400745,15.87334319,20.6722558,9.038646157,5.495082592,5.601362565,6.250526327,22.44534726,29.40991819,20.07597056,18.2905921,16.49878191,16.7254761,19.01119737,14.90464289,7.770968177,6.601288981,8.508771921,9.314604334,14.85490023,16.92472379,16.56468482,27.89911156,27.99357731,37.85333208,38.03573219,32.31366128,30.82184064,30.08861844,32.3927055,34.17483598,33.88929453,39.89821049,48.01619161,59.5374925,86.18751134,89.9812589,88.86116843,104.8890489,108.666597,104.0995976,103.49069,92.080844,91.67786193,88.77846906,94.40223169,90.36071648,106.5266813,101.9204194,90.53006528,81.42420122,79.26758743,
Philippines,PHL,Total reserves (% of total external debt),FI.RES.TOTL.DT.ZS,,,,,,,,,,,,16.22300045,22.47396867,40.25091197,50.09807926,35.06868888,28.79556558,20.20603374,19.54090579,23.49958194,22.83937575,13.751598,7.128820402,3.540463478,3.466835611,4.122791221,9.258307938,7.762803572,7.49653248,8.369881039,6.65873573,13.65254279,16.06214882,16.41832126,17.75521401,19.76292764,26.76685615,17.24906963,20.22313121,25.77380913,25.79346708,26.85978669,27.17940744,27.22526116,26.55388214,31.48246435,39.87649486,57.02825688,64.36736829,78.98154832,95.3818098,113.6511839,120.806942,125.6791938,103.1957201,105.7350089,107.7905148,111.3042873,100.2529741,107.0129794,111.6605506,102.1652971,86.34138949,85.45341778,
Palau,PLW,Total reserves (% of total external debt),FI.RES.TOTL.DT.ZS,,,,,,,,,,,,,,,,,,,,,,,,,,,,,,,,,,,,,,,,,,,,,,,,,,,,,,,,,,,,,,,,,
Papua New Guinea,PNG,Total reserves (% of total external debt),FI.RES.TOTL.DT.ZS,,,,,,,,,,,,,,5.947726878,6.421653939,35.50533974,49.39047903,63.82910505,71.10682231,87.21140277,63.6668659,35.53207273,29.57632925,24.84208686,22.40161125,21.92715176,22.68399168,20.53453684,18.63857457,17.68575472,16.47288052,12.44816921,6.85087102,5.080699161,4.30492532,10.64378386,24.21491166,14.71158235,7.780321076,8.408272911,13.08161335,21.49382398,18.4788598,27.93148888,37.30227095,40.1098774,82.11286799,137.5836286,139.8094826,148.6233542,52.13258308,34.58975976,27.04091479,13.19131383,11.40311924,8.626071348,8.608060524,10.07794484,12.48925821,12.31406492,14.8844937,16.43867608,20.31361803,25.46457535,
Poland,POL,Total reserves (% of total external debt),FI.RES.TOTL.DT.ZS,,,,,,,,,,,,,,,,,,,,,,,,,,,,,,,,,,,,,,,,,,,,,,,,,,,,,,,,,,,,,,,,,
Pre-demographic dividend,PRE,Total reserves (% of total external debt),FI.RES.TOTL.DT.ZS,,,,,,,,,,,,24.88980175,21.51116586,22.61149106,60.78918571,48.04965294,40.90339421,27.76341869,12.4601757,24.15810215,30.77320403,12.02945446,6.190777942,4.651073905,4.868848025,4.763701282,3.868409762,3.395771777,3.095871592,3.960193588,5.609104884,5.783733178,2.786326317,3.20511425,3.567360956,3.535156357,6.452226724,9.609331633,8.360776194,7.905463898,12.37072009,13.23345511,11.10664675,10.97019617,18.21234899,30.90648614,63.52233254,73.67269593,78.40859935,64.72187764,60.18919278,59.85849896,65.19530468,55.50368532,44.85871347,53.32592741,44.58352389,42.33588241,46.99920249,46.12038567,39.00660352,40.98125812,,,
Puerto Rico (US),PRI,Total reserves (% of total external debt),FI.RES.TOTL.DT.ZS,,,,,,,,,,,,,,,,,,,,,,,,,,,,,,,,,,,,,,,,,,,,,,,,,,,,,,,,,,,,,,,,,
"Korea, Dem. People's Rep.",PRK,Total reserves (% of total external debt),FI.RES.TOTL.DT.ZS,,,,,,,,,,,,,,,,,,,,,,,,,,,,,,,,,,,,,,,,,,,,,,,,,,,,,,,,,,,,,,,,,
Portugal,PRT,Total reserves (% of total external debt),FI.RES.TOTL.DT.ZS,,,,,,,,,,,,,,,,,,,,,,,,,,,,,,,,,,,,,,,,,,,,,,,,,,,,,,,,,,,,,,,,,
Paraguay,PRY,Total reserves (% of total external debt),FI.RES.TOTL.DT.ZS,,,,,,,,,,,,13.0370153,17.05800892,27.50478469,34.05658548,37.12569649,42.08233395,48.43641897,62.35431903,68.74881125,74.11231263,65.63298688,54.07607822,45.91898552,43.30753647,28.57816014,21.18866811,19.69907129,13.88973794,18.15566392,31.01079561,45.76717975,33.89646963,39.08149824,48.48871658,42.26886912,40.78920726,33.87767262,30.95481554,28.78218517,24.86817956,25.22137258,19.00852736,14.46473978,15.83385684,15.62340138,17.79504944,22.9741893,22.82629442,27.48265604,25.84210964,31.04184839,30.08127465,35.60625024,40.45575985,34.33142028,39.93292273,46.21052765,44.79863071,43.73788473,44.38782704,43.5172648,38.40756731,37.82485647,
West Bank and Gaza,PSE,Total reserves (% of total external debt),FI.RES.TOTL.DT.ZS,,,,,,,,,,,,,,,,,,,,,,,,,,,,,,,,,,,,,,,,,,,,,,,,,,,,,,,,,,,,,,,,,
Pacific island small states,PSS,Total reserves (% of total external debt),FI.RES.TOTL.DT.ZS,,,,,,,,,,,,264.2219121,294.5839879,139.4904378,168.5123639,202.0836407,140.4864449,103.5107222,109.3819509,88.45476072,69.99443116,47.29034767,44.5612929,40.7155554,41.38518447,43.00915513,50.63681819,45.807759,64.13246377,63.11955876,66.98090761,69.44239006,86.03681044,68.0673687,68.91220351,80.86899851,102.9501592,96.61652641,95.59883677,86.27997482,84.49207056,74.45580523,64.12321533,72.82052615,88.24347913,73.31598486,70.56943309,93.44660238,51.7027992,62.71980603,71.458133,79.35441201,81.2398504,81.71954462,74.15225861,75.78694996,75.88873881,78.87015533,79.27275718,79.24175597,84.22390415,85.09294442,77.09433148,74.85081036,
Post-demographic dividend,PST,Total reserves (% of total external debt),FI.RES.TOTL.DT.ZS,,,,,,,,,,,,,,,,,,,,,,,,,,,,,,,,,,,,,,,,,,,,,,,,,,,,,,,,,,,,,,,,,
French Polynesia,PYF,Total reserves (% of total external debt),FI.RES.TOTL.DT.ZS,,,,,,,,,,,,,,,,,,,,,,,,,,,,,,,,,,,,,,,,,,,,,,,,,,,,,,,,,,,,,,,,,
Qatar,QAT,Total reserves (% of total external debt),FI.RES.TOTL.DT.ZS,,,,,,,,,,,,,,,,,,,,,,,,,,,,,,,,,,,,,,,,,,,,,,,,,,,,,,,,,,,,,,,,,
Romania,ROU,Total reserves (% of total external debt),FI.RES.TOTL.DT.ZS,,,,,,,,,,,,,,,,,,,,,,,,,,,,,,,,,,,,,,,,,,,,,,,,,,,,,,,,,,,,,,,,,
Russian Federation,RUS,Total reserves (% of total external debt),FI.RES.TOTL.DT.ZS,,,,,,,,,,,,,,,,,,,,,,,,,,,,,,,,,,,,,,,,,,,,,,,,,,,,,,,,,,,,,,,,,
Rwanda,RWA,Total reserves (% of total external debt),FI.RES.TOTL.DT.ZS,,,,,,,,,,,,289.1092951,188.3134848,191.8295416,106.4797451,103.495624,130.2576754,96.09959216,74.89352968,105.7833324,103.2894221,85.31566432,54.56527138,46.27773172,36.7098751,30.99293292,36.04505697,27.33164277,18.18171378,11.23417946,6.254380851,13.60807301,9.175306396,5.215253333,5.37541058,9.597688344,10.21130685,13.77930483,13.74346519,13.27808152,14.78121316,16.32816713,16.78534837,13.80651697,18.83264367,16.82855126,88.05070906,126.5996059,82.81899653,91.69387849,65.38446062,49.12546725,26.15432584,28.27213314,32.48012294,26.59351803,23.47354807,23.22784654,23.84508704,22.48023011,20.98783376,20.04001722,17.8076731,16.11080092,
South Asia,SAS,Total reserves (% of total external debt),FI.RES.TOTL.DT.ZS,,,,,,,,,,,,14.18546548,16.79982355,16.43557108,18.19087381,14.53898895,24.21534077,35.71053818,44.24948986,56.88296013,48.4740779,30.37448255,26.07015877,23.62824958,23.05536666,21.09912432,19.92600613,18.89998717,14.3408101,10.13962211,6.972956028,9.61223308,11.8580928,17.10654728,24.51225926,23.36191228,24.67469077,27.69807628,28.39299773,31.32615634,34.91423688,42.00455128,56.23325852,72.67830205,87.39390847,93.81289818,95.54276705,117.7467147,98.88872797,99.0912254,93.86790541,81.28898084,70.30119646,65.35218549,67.09275925,69.96873508,74.3866226,74.73054587,69.83748135,74.39575267,91.93668193,89.83623729,77.94895104,80.72730258,
Saudi Arabia,SAU,Total reserves (% of total external debt),FI.RES.TOTL.DT.ZS,,,,,,,,,,,,,,,,,,,,,,,,,,,,,,,,,,,,,,,,,,,,,,,,,,,,,,,,,,,,,,,,,
Sudan,SDN,Total reserves (% of total external debt),FI.RES.TOTL.DT.ZS,,,,,,,,,,,,7.046124319,7.871988995,10.86592933,10.9348493,2.275119422,1.13075056,0.883243188,0.897614642,1.65277087,0.941216216,0.273980537,0.285938543,0.220655085,0.202820323,0.136233422,0.607526051,0.104138713,0.105051316,0.11911595,0.077133301,0.049770328,0.176874108,0.234240022,0.457154875,0.916909482,0.629170533,0.499715644,0.538046523,1.164650158,0.85614532,0.330870789,1.540940335,3.051700635,7.269894888,10.57436665,8.93430969,6.887327581,6.796795332,5.122756327,4.586584782,0.897121953,0.872499147,0.849223336,0.825857902,0.801175642,0.787803085,0.809897722,,,,,,,
Senegal,SEN,Total reserves (% of total external debt),FI.RES.TOTL.DT.ZS,,,,,,,,,,,,,,,,,,,,,,,,,,,,,,,,,,,,,,,,,,,,,,,,,,,,,,,,,,,,,,,,,
Singapore,SGP,Total reserves (% of total external debt),FI.RES.TOTL.DT.ZS,,,,,,,,,,,,,,,,,,,,,,,,,,,,,,,,,,,,,,,,,,,,,,,,,,,,,,,,,,,,,,,,,
Solomon Islands,SLB,Total reserves (% of total external debt),FI.RES.TOTL.DT.ZS,,,,,,,,,,,,,,,,,,,254.2514082,268.5485639,152.6011629,92.19892337,132.8309192,137.8056583,101.5029436,54.32469216,38.49483178,37.68626442,38.22033912,26.16667553,14.6054779,6.598282977,24.92005905,13.33079793,11.24263665,10.01960584,22.09133758,25.96678823,31.7200729,30.83091363,20.51434738,11.01639268,10.3394632,20.41807048,44.42924022,56.64975461,59.66792751,67.58806373,53.22180816,84.65653036,115.2014722,160.1033094,218.6810246,255.170887,264.4578383,250.4367334,194.8012979,177.9844345,194.8204065,187.4445116,204.8983144,154.8146346,138.5937209,130.3897461,
Sierra Leone,SLE,Total reserves (% of total external debt),FI.RES.TOTL.DT.ZS,,,,,,,,,,,,34.58408568,38.90932125,36.517753,28.31207082,13.86293999,10.79999806,11.53051518,10.02619849,11.11171625,6.311146145,2.642571577,1.299996335,2.49786194,1.248976066,1.519464542,1.564700127,0.61079484,0.716547839,0.341863548,0.453670202,0.757448867,1.361361465,1.860953499,2.608482127,2.770314808,2.141325579,3.205280617,3.33732057,2.992253863,3.941741824,4.082884923,6.013144587,4.227584364,7.431887841,9.448347748,12.03214891,39.2974352,34.73715435,47.26187976,43.92222491,41.80497389,35.79806993,38.04601791,41.918209,37.15746033,30.60552713,30.59993173,27.33565547,27.46742323,32.2358785,37.361639,26.0166978,20.81087035,
El Salvador,SLV,Total reserves (% of total external debt),FI.RES.TOTL.DT.ZS,,,,,,,,,,,,29.34167699,34.32905579,33.86691682,40.09548188,35.6375988,44.18644944,36.11442746,38.19315909,41.35732286,38.29211111,22.7043233,22.40976201,18.42414642,16.10453032,17.10286231,18.05919223,19.92846402,16.87187181,20.90857517,26.67708196,19.93837937,24.65000519,36.10301368,38.32138577,36.57613129,38.64839587,45.0807241,52.80259202,51.97952801,41.9252017,32.24675723,26.71948355,23.05403718,21.16330931,19.24591144,19.70072259,23.34409246,24.74062951,29.99181299,25.06826559,19.58512461,23.44341164,19.42337496,17.74958003,17.85798474,19.52818992,20.74924394,21.38727609,25.59689152,16.67733337,16.84226724,12.64633975,13.53986535,
San Marino,SMR,Total reserves (% of total external debt),FI.RES.TOTL.DT.ZS,,,,,,,,,,,,,,,,,,,,,,,,,,,,,,,,,,,,,,,,,,,,,,,,,,,,,,,,,,,,,,,,,
Somalia,SOM,Total reserves (% of total external debt),FI.RES.TOTL.DT.ZS,,,,,,,,,,,,32.85678814,32.75993276,29.7382151,27.84031941,37.09947637,35.1850282,38.2068648,31.57009702,11.1452713,4.787207775,4.054055523,1.371432452,1.265607406,0.492240936,0.566310215,1.188669742,0.884107931,1.190694438,1.137866657,,,,,,,,,,,,,,,,,,,,,,,,,,,,,,,,,,,
Serbia,SRB,Total reserves (% of total external debt),FI.RES.TOTL.DT.ZS,,,,,,,,,,,,,,,,,,,,,,,,,,,,,,,,,,,,,,,,,,,,,,,59.7859917,54.22887364,37.6409506,45.04084474,40.43957594,49.2244414,41.91642152,43.30279027,37.52838948,37.49089938,38.51080281,38.48505916,41.45779568,46.6993758,43.60279815,45.22334622,46.49278512,56.26394252,
Sub-Saharan Africa (excluding high income),SSA,Total reserves (% of total external debt),FI.RES.TOTL.DT.ZS,,,,,,,,,,,,23.82203487,22.36111693,24.67308963,57.51862729,46.42291898,38.97596154,26.7741619,13.92994851,25.23060662,31.34656824,13.65623981,8.347803805,6.528844084,6.835686184,7.060589567,6.592858586,6.328645569,6.264376931,7.449845839,9.342506739,9.941227026,7.456350537,7.79502054,9.102111217,9.389509372,10.83700713,14.91078633,13.69161881,15.01358,18.45478327,18.91902684,16.35236613,16.03308345,24.1116642,35.98769663,57.86534506,62.95287311,65.16992636,57.53030616,49.3397323,48.70198736,48.21195499,44.31937326,38.43543752,34.4970021,30.60021157,29.17035893,28.77938671,28.00152459,26.36977668,28.56519174,26.43289361,26.00144326,
South Sudan,SSD,Total reserves (% of total external debt),FI.RES.TOTL.DT.ZS,,,,,,,,,,,,,,,,,,,,,,,,,,,,,,,,,,,,,,,,,,,,,,,,,,,,,,,,,,,,,,,,,
Sub-Saharan Africa,SSF,Total reserves (% of total external debt),FI.RES.TOTL.DT.ZS,,,,,,,,,,,,24.12456006,22.96495303,25.92390825,58.65336388,47.39837306,39.92844219,27.26696097,14.35782289,25.57885447,31.35536475,13.87664078,8.353780948,6.462812627,6.588308659,6.88134691,6.51533998,6.116656578,5.978234399,7.069780232,8.770851371,9.372321891,7.131323305,7.615095462,8.916311602,9.312862213,10.7095625,14.44096018,13.2785776,14.85940571,18.10621028,18.5901425,16.30001614,15.93821847,24.07483011,35.44677676,57.64251007,62.79576619,64.73733117,57.02743229,48.9004268,48.30771301,47.51540928,43.57509227,37.79610898,33.80818695,29.79505988,28.40248989,28.02190535,27.10326762,25.50334937,27.41358391,25.37775864,24.9922234,
Small states,SST,Total reserves (% of total external debt),FI.RES.TOTL.DT.ZS,,,,,,,,,,,,59.27253275,81.40122269,57.5336212,85.62143087,94.22481516,51.79930993,41.81019906,36.49200567,26.4225635,27.50078094,18.65557989,16.54807214,15.33208673,16.24465771,16.73217357,21.28835728,26.41007848,30.8547259,35.24698307,38.99561416,41.73534214,46.43864788,42.60798505,40.22344967,39.12657778,46.632413,41.20585818,41.96783255,44.59997843,48.42986981,43.90151402,40.15374938,37.98065278,39.856797,34.92937622,38.16815864,44.05875577,35.60099399,40.49402427,37.97292978,32.24592063,35.99667288,34.21430253,35.60742119,37.50231662,38.28714346,40.91236534,39.16643864,41.13613353,40.95728547,42.326442,38.68525803,34.65859984,
Sao Tome and Principe,STP,Total reserves (% of total external debt),FI.RES.TOTL.DT.ZS,,,,,,,,,,,,,,,,,,,,,,,,,,,,,,,,,,,,2.091258622,2.137153596,5.2167553,3.74902021,3.380317241,3.818387736,5.020795552,5.203939191,7.492081871,5.401750508,7.95641867,9.722856605,23.66704944,46.52901858,42.45781425,26.60006173,22.69126513,26.19277807,30.39171273,28.36591832,30.620743,25.84670496,22.18501895,17.55511763,17.0150144,23.77103543,22.64047784,15.2937381,10.18051763,
Suriname,SUR,Total reserves (% of total external debt),FI.RES.TOTL.DT.ZS,,,,,,,,,,,,,,,,,,,,,,,,,,,,,,,,,,,,,,,,,,,,,,,,,,,,,,,,12.88735543,12.86398129,13.57450279,16.40543376,16.4972334,15.05298718,23.97082105,28.47763158,33.25761077,
Slovak Republic,SVK,Total reserves (% of total external debt),FI.RES.TOTL.DT.ZS,,,,,,,,,,,,,,,,,,,,,,,,,,,,,,,,,,,,,,,,,,,,,,,,,,,,,,,,,,,,,,,,,
Slovenia,SVN,Total reserves (% of total external debt),FI.RES.TOTL.DT.ZS,,,,,,,,,,,,,,,,,,,,,,,,,,,,,,,,,,,,,,,,,,,,,,,,,,,,,,,,,,,,,,,,,
Sweden,SWE,Total reserves (% of total external debt),FI.RES.TOTL.DT.ZS,,,,,,,,,,,,,,,,,,,,,,,,,,,,,,,,,,,,,,,,,,,,,,,,,,,,,,,,,,,,,,,,,
Eswatini,SWZ,Total reserves (% of total external debt),FI.RES.TOTL.DT.ZS,,,,,,,,,,,,,,,37.2311972,135.1589898,179.9389634,155.0036752,76.63478504,62.0901854,76.4535764,51.85049501,37.01467018,39.01981014,41.85074436,35.26499849,35.2796831,41.99567323,53.96643525,66.61148888,84.54266807,66.01659222,129.9038859,115.8312647,123.3314437,119.4498423,108.1503416,72.07877037,119.2086009,110.4730005,105.4173012,77.97688163,67.13693482,61.20031334,69.79348997,46.87676894,78.43119298,155.631339,156.625824,182.1413953,74.43631319,57.82389672,85.84169977,101.1749694,128.6658386,121.8823744,73.76213446,64.53465874,57.52257784,52.81321083,56.98763714,48.54637951,36.25031654,38.62866438,
Sint Maarten (Dutch part),SXM,Total reserves (% of total external debt),FI.RES.TOTL.DT.ZS,,,,,,,,,,,,,,,,,,,,,,,,,,,,,,,,,,,,,,,,,,,,,,,,,,,,,,,,,,,,,,,,,
Seychelles,SYC,Total reserves (% of total external debt),FI.RES.TOTL.DT.ZS,,,,,,,,,,,,,,,,,,,,,,,,,,,,,,,,,,,,,,,,,,,,,,,,,,,,,,,,,,,,,,,,,
Syrian Arab Republic,SYR,Total reserves (% of total external debt),FI.RES.TOTL.DT.ZS,,,,,,,,,,,,,,,,,,,,,,,,,,,,,,,,,,,,,,,,,,,,,,,,,330.0196153,321.7008338,391.0091446,,,,,,,,,,,,,,
Turks and Caicos Islands,TCA,Total reserves (% of total external debt),FI.RES.TOTL.DT.ZS,,,,,,,,,,,,,,,,,,,,,,,,,,,,,,,,,,,,,,,,,,,,,,,,,,,,,,,,,,,,,,,,,
Chad,TCD,Total reserves (% of total external debt),FI.RES.TOTL.DT.ZS,,,,,,,,,,,,23.88753794,27.57577803,3.066825444,20.07941682,2.138439533,14.93069827,9.536491277,4.880196367,5.545223794,4.141943652,4.571004337,7.98683934,14.74089984,24.53194028,17.13256475,7.694114132,16.51965313,17.09198444,29.14282482,25.68445256,20.0669251,13.12018469,6.252065749,10.23903265,17.43947752,17.81002677,14.531228,11.97016555,8.857397138,10.35149867,11.4495298,17.43771797,12.45536888,13.71476956,14.19219272,35.97340335,52.16142505,75.18287035,32.90169455,29.31118277,40.7956313,49.24882108,40.64594151,28.88852561,13.18197885,0.286374868,0.273598118,4.644956364,9.639665008,11.20313161,5.901241856,30.5154596,32.66255856,
East Asia & Pacific (IDA & IBRD countries),TEA,Total reserves (% of total external debt),FI.RES.TOTL.DT.ZS,,,,,,,,,,,,18.4633757,24.39998072,29.73219474,38.27940564,24.64836394,25.16080794,24.21599225,22.67838661,28.14194506,30.15396202,35.87212387,36.2895666,35.03138153,35.40968647,26.88467646,24.16568133,26.05090377,25.82107379,26.44590641,31.24950689,37.36558473,25.83906605,26.03598402,33.45233298,33.94375747,40.76161752,42.42898894,44.90598476,49.29431182,55.7691807,64.49166584,84.06103045,105.2391412,136.242124,163.4003507,198.848188,254.5877306,306.5320283,329.5607488,274.485868,234.1139133,219.0360356,203.7145356,176.0149767,189.6322551,166.8467074,149.6802434,130.7793438,126.3113429,122.4521577,110.3614404,113.6856831,119.6767483,
Europe & Central Asia (IDA & IBRD countries),TEC,Total reserves (% of total external debt),FI.RES.TOTL.DT.ZS,,,,,,,,,,,,,,,,,,,,,,,,,,,,,,15.1482258,15.42990517,13.00520446,13.96371399,12.92181862,15.29981608,21.00463762,24.43619303,25.16019779,21.09788091,22.70896538,19.11982387,18.2926967,21.67736448,24.77780759,25.42235337,31.27110594,32.95253333,31.76306338,27.24465554,27.52893087,27.94048071,28.0490167,29.355901,29.61547936,27.67429603,25.87667612,25.79148591,25.79660762,25.13052675,27.67964845,27.23563995,29.15375633,30.21055715,30.90184575,
Togo,TGO,Total reserves (% of total external debt),FI.RES.TOTL.DT.ZS,,,,,,,,,,,,,,,,,,,,,,,,,,,,,,,,,,,,,,,,,,,,,,,,,,,,,,,,,,,,,,,,,
Thailand,THA,Total reserves (% of total external debt),FI.RES.TOTL.DT.ZS,,,,,,,,,,,,82.47918149,90.71199809,117.9662805,137.0847574,107.5953549,90.85042887,66.02315736,50.8418023,46.65009538,36.47382542,25.06903725,21.84903906,18.384263,17.90012039,17.11735892,20.37272481,25.53661465,32.68018691,44.64594592,50.62401787,48.69359079,50.59922957,48.25621635,46.1616561,36.90462489,34.23537202,24.51221113,28.14556669,35.89248024,40.91879149,49.09676385,61.82771877,72.12938906,85.32936889,88.98083261,106.8424386,138.5022121,166.4087949,171.0333525,160.5249148,148.6143286,120.0705451,108.7088533,106.9680341,127.2150887,131.052514,131.8853544,119.4886441,133.0697854,138.1227099,125.0918153,107.6844818,115.9297952,
Tajikistan,TJK,Total reserves (% of total external debt),FI.RES.TOTL.DT.ZS,,,,,,,,,,,,,,,,,,,,,,,,,,,,,,,,,,,,,,3.700327548,4.54755985,4.18130836,8.26534247,8.113336525,7.136132848,9.240373133,14.74973114,16.9140058,19.21427668,6.319493263,6.548313882,9.56183049,11.3194568,13.23121853,13.65319415,13.60082405,10.00527162,9.591350287,12.44597931,22.02465082,21.09644555,22.10694912,32.42202109,37.91415867,57.22219425,48.07126102,
Turkmenistan,TKM,Total reserves (% of total external debt),FI.RES.TOTL.DT.ZS,,,,,,,,,,,,,,,,,,,,,,,,,,,,,,,,,,289.0393504,215.5241051,290.3696212,154.5971566,67.2929893,57.3948606,55.37669855,,,,,,,,,,,,,,,,,,,,,,,,,
Latin America & the Caribbean (IDA & IBRD countries),TLA,Total reserves (% of total external debt),FI.RES.TOTL.DT.ZS,,,,,,,,,,,,13.62930454,20.45563116,26.61059017,21.0919015,13.64768992,15.88966854,16.6598636,20.02756909,22.41118777,17.30943475,11.85548661,7.65457245,7.199813663,9.785840072,9.624893672,8.662601196,9.126240177,8.005895659,8.038233042,9.870564702,12.85805815,17.80562158,20.85635071,17.69365107,20.2959653,22.97597768,22.72724442,19.27100967,17.46571517,17.72505062,17.92998996,18.70462004,21.06965234,23.84726166,29.68200366,36.18664559,50.07654987,51.43536678,56.29403544,56.9974761,59.0626244,56.94996367,50.85096867,47.45721844,44.39506857,44.95800907,44.25287551,41.98324454,40.27013994,41.9659259,42.35062306,39.61837663,39.70441909,
Timor-Leste,TLS,Total reserves (% of total external debt),FI.RES.TOTL.DT.ZS,,,,,,,,,,,,,,,,,,,,,,,,,,,,,,,,,,,,,,,,,,,,,,,,,,,,,1162.027656,767.6412763,298.6143644,375.0007512,347.2526945,437.2180135,426.3688921,322.6248144,283.2278333,335.5109232,286.7881281,254.4032221,
"Middle East, North Africa, Afghanistan & Pakistan (IDA & IBRD)",TMN,Total reserves (% of total external debt),FI.RES.TOTL.DT.ZS,,,,,,,,,,,,22.78787512,29.3926684,42.87148141,61.07248219,35.56441804,32.00854953,23.28512765,23.52530909,32.12825935,49.7653887,28.05322139,30.43047395,20.1715477,13.83016834,14.09733831,12.08336232,12.86048519,11.01864929,10.977953,12.54643891,16.16033091,20.74308833,25.43995557,28.00075108,27.24461109,29.8805434,34.7544755,31.72365754,30.86353501,34.9449601,42.84394106,50.8548532,64.10127987,70.52745463,89.49781931,116.701588,134.4988262,140.9506824,142.7823486,146.8138134,138.4078915,130.2740574,119.2487213,114.1608067,107.6443001,89.52862377,77.93852898,71.0378294,66.26151328,56.45978266,52.84393216,55.71312218,60.36338026,
Tonga,TON,Total reserves (% of total external debt),FI.RES.TOTL.DT.ZS,,,,,,,,,,,,,,,,,,,,,,,,,,112.0651229,77.71405966,80.01037804,81.22889267,63.49303326,58.37714312,71.74557616,73.06076278,83.76894815,60.60434995,44.77946521,47.98356041,46.85579166,44.16854466,31.37799055,33.31586675,33.29773749,30.82425408,42.57409797,58.56769644,52.63857305,52.3608964,67.348086,70.48728498,83.29756678,68.02858202,74.94416403,76.97291075,77.93074861,81.04392965,84.68518405,101.1958179,102.822812,115.0528525,117.0380636,153.6378848,161.7927525,178.9019964,201.8442681,
South Asia (IDA & IBRD),TSA,Total reserves (% of total external debt),FI.RES.TOTL.DT.ZS,,,,,,,,,,,,14.18546548,16.79982355,16.43557108,18.19087381,14.53898895,24.21534077,35.71053818,44.24948986,56.88296013,48.4740779,30.37448255,26.07015877,23.62824958,23.05536666,21.09912432,19.92600613,18.89998717,14.3408101,10.13962211,6.972956028,9.61223308,11.8580928,17.10654728,24.51225926,23.36191228,24.67469077,27.69807628,28.39299773,31.32615634,34.91423688,42.00455128,56.23325852,72.67830205,87.39390847,93.81289818,95.54276705,117.7467147,98.88872797,99.0912254,93.86790541,81.28898084,70.30119646,65.35218549,67.09275925,69.96873508,74.3866226,74.73054587,69.83748135,74.39575267,91.93668193,89.83623729,77.94895104,80.72730258,
Sub-Saharan Africa (IDA & IBRD countries),TSS,Total reserves (% of total external debt),FI.RES.TOTL.DT.ZS,,,,,,,,,,,,24.12456006,22.96495303,25.92390825,58.65336388,47.39837306,39.92844219,27.26696097,14.35782289,25.57885447,31.35536475,13.87664078,8.353780948,6.462812627,6.588308659,6.88134691,6.51533998,6.116656578,5.978234399,7.069780232,8.770851371,9.372321891,7.131323305,7.615095462,8.916311602,9.312862213,10.7095625,14.44096018,13.2785776,14.85940571,18.10621028,18.5901425,16.30001614,15.93821847,24.07483011,35.44677676,57.64251007,62.79576619,64.73733117,57.02743229,48.9004268,48.30771301,47.51540928,43.57509227,37.79610898,33.80818695,29.79505988,28.40248989,28.02190535,27.10326762,25.50334937,27.41358391,25.37775864,24.9922234,
Trinidad and Tobago,TTO,Total reserves (% of total external debt),FI.RES.TOTL.DT.ZS,,,,,,,,,,,,,,,,,,,,,,,,,,,,,,,,,,,,,,,,,,,,,,,,,,,,,,,,,,,,,,,,,
Tunisia,TUN,Total reserves (% of total external debt),FI.RES.TOTL.DT.ZS,,,,,,,,,,,,21.94986417,30.0323847,35.85968617,43.33559552,35.6725885,29.69458764,16.72102559,16.21958014,19.54406865,19.81531252,16.9004856,18.31269725,15.71404252,11.32091181,6.011316137,6.362712162,9.032837614,14.35058401,14.86402024,11.27020385,10.49594219,10.81335709,10.78877487,16.06396037,15.61138527,17.38003129,18.17604628,17.63452046,19.51469224,16.48082498,15.86754666,15.2472645,16.74710292,20.4778198,25.20445697,36.70078798,38.78508108,41.8949854,49.31034506,43.09142214,34.04672565,34.29987027,28.74862116,27.1706669,26.80847353,20.78451272,18.22371371,16.0532015,19.68943963,23.37123543,20.56052761,19.74152391,22.38381107,
Turkiye,TUR,Total reserves (% of total external debt),FI.RES.TOTL.DT.ZS,,,,,,,,,,,,23.75999735,42.02586956,56.76969854,48.07864493,28.55289444,24.5191742,10.80582638,10.97355153,16.23530308,17.23909751,12.61194534,14.21370627,13.42474051,11.3022392,8.909299299,8.843540317,8.867483408,9.544188984,15.1482258,15.42990517,13.00520446,13.27571118,11.43704621,13.03142445,18.82717924,22.10167758,23.30743958,21.21380654,24.00436347,20.13242676,17.62902697,21.51519935,23.96118191,22.54381882,29.4484929,29.08151313,28.46958847,25.02140654,26.20040784,27.14594414,27.3959616,33.7248965,32.58555893,30.78447515,27.64041887,26.24778496,24.06149125,21.78900127,25.45849644,21.77551148,25.47949012,28.11316617,28.18257437,
Tuvalu,TUV,Total reserves (% of total external debt),FI.RES.TOTL.DT.ZS,,,,,,,,,,,,,,,,,,,,,,,,,,,,,,,,,,,,,,,,,,,,,,,,,,,,,,,,,,,,,,,,,
Tanzania,TZA,Total reserves (% of total external debt),FI.RES.TOTL.DT.ZS,,,,,,,,,,,,5.124922335,8.568567156,8.296869302,2.496487236,2.794596788,4.154902797,8.120482488,2.285628769,1.618467737,0.38725553,0.326895268,0.078614972,0.285437578,0.375037134,0.175903039,1.247336945,0.577761647,1.29321054,0.926629724,2.99690837,3.108594425,4.908001964,3.003928275,4.594155601,4.059309828,6.369474584,9.05514516,8.261842368,10.06894006,13.81755127,18.03140172,21.6924833,27.80536273,26.56820196,24.2882326,54.86756421,57.06955219,47.25055419,44.64008308,43.69002022,36.64579373,33.62803214,33.38792049,27.04409144,22.47120969,22.36511315,27.46642624,22.57116119,,,,,,
Uganda,UGA,Total reserves (% of total external debt),FI.RES.TOTL.DT.ZS,,,,,,,,,,,,15.62028327,20.2304595,16.58515629,8.293489583,14.82821579,18.25975265,15.69559987,12.34666126,3.882343767,0.434465795,4.242655433,8.957403367,10.55419018,6.321369477,2.203223857,2.052535135,2.820817453,2.540239557,0.64202746,1.687991429,2.101584641,3.199216883,4.794088784,9.45874317,12.71484229,14.24087453,16.21037253,18.40188382,21.569497,22.85738905,26.09624005,23.23515132,23.59817439,27.31221284,30.13566624,139.2237573,154.8509762,100.3348657,108.3701832,90.97031427,80.22634796,83.87308954,38.9903234,38.33320062,30.39354493,30.70771837,31.85620561,27.24151285,,,,,,
Ukraine,UKR,Total reserves (% of total external debt),FI.RES.TOTL.DT.ZS,,,,,,,,,,,,,,,,,,,,,,,,,,,,,,,,,85.1499131,4.308301158,11.78959683,12.67805641,20.67012861,21.18683498,6.065575333,6.941691832,10.61553031,13.90833504,19.00022289,26.85407015,30.26654664,55.23672619,41.20116861,40.1970527,31.69461368,25.16567257,27.76211368,23.18079869,18.35762557,13.89284291,5.905499304,11.21810229,13.35485868,15.11944804,16.9850638,20.13686167,21.84132892,22.61866888,19.89000425,22.93299886,
Upper middle income,UMC,Total reserves (% of total external debt),FI.RES.TOTL.DT.ZS,,,,,,,,,,,,16.28048567,23.69400819,30.5514936,27.3124484,16.92627195,18.76365382,17.8055591,19.99520239,23.7180102,25.56408018,18.94101143,17.01000126,14.70382773,16.57049965,15.07645858,13.32569526,14.81390627,14.20195091,15.00295537,18.39784922,22.35377256,21.43065435,23.17630823,24.33109582,26.914986,31.10674754,32.58413236,30.54435976,30.82233718,32.75136088,36.24649222,43.93634374,53.27473757,67.57043594,85.65826554,100.6662886,122.0447406,138.0039951,154.4749861,145.4511365,137.7389787,129.9150716,123.3331114,111.3564986,110.6319488,100.1803812,93.66732575,85.5253363,83.58163173,82.92002151,78.90720968,79.85684536,82.39467358,
Uruguay,URY,Total reserves (% of total external debt),FI.RES.TOTL.DT.ZS,,,,,,,,,,,,,,,,,,,,,,,,,,,,,,,,,,,,,,,,,,,,,,,,,,,,,,,,,,,,,,,,,
United States,USA,Total reserves (% of total external debt),FI.RES.TOTL.DT.ZS,,,,,,,,,,,,,,,,,,,,,,,,,,,,,,,,,,,,,,,,,,,,,,,,,,,,,,,,,,,,,,,,,
Uzbekistan,UZB,Total reserves (% of total external debt),FI.RES.TOTL.DT.ZS,,,,,,,,,,,,,,,,,,,,,,,,,,,,,,,,,,,,,,,,23.39478394,,,,,,,,,,,,,,220.4061159,200.8125252,181.4485594,173.8287297,171.7100654,153.7975484,127.5888259,103.5349387,87.11785514,73.01846879,58.38960831,
St. Vincent and the Grenadines,VCT,Total reserves (% of total external debt),FI.RES.TOTL.DT.ZS,,,,,,,,,,,,,,,,,124.6040516,101.3949521,92.41685113,123.0502899,68.41101731,47.85560667,22.53667324,22.25517186,51.40682392,50.76580474,82.36506983,48.71288594,45.1992737,43.18292499,42.24594983,32.94513065,43.78118945,30.97969715,27.37512485,25.2171686,24.64318451,26.49395088,28.44195797,21.97297857,28.28567858,31.49988266,30.29127096,25.68925701,32.79567461,27.51611459,32.31896794,43.06873379,36.59867714,35.92499704,38.09035602,29.35795316,38.14602866,42.80284671,45.5479633,46.85322083,56.29902881,53.6857904,53.15856436,57.36455139,51.84978988,61.71829843,57.83288529,44.63964074,
"Venezuela, RB",VEN,Total reserves (% of total external debt),FI.RES.TOTL.DT.ZS,,,,,,,,,,,,,,,,,,,,,,,,,,,,,,,,,,,,,,,,,,,,,,,,,,,,,,,,,,,,,,,,,
British Virgin Islands,VGB,Total reserves (% of total external debt),FI.RES.TOTL.DT.ZS,,,,,,,,,,,,,,,,,,,,,,,,,,,,,,,,,,,,,,,,,,,,,,,,,,,,,,,,,,,,,,,,,
Virgin Islands (U.S.),VIR,Total reserves (% of total external debt),FI.RES.TOTL.DT.ZS,,,,,,,,,,,,,,,,,,,,,,,,,,,,,,,,,,,,,,,,,,,,,,,,,,,,,,,,,,,,,,,,,
Viet Nam,VNM,Total reserves (% of total external debt),FI.RES.TOTL.DT.ZS,,,,,,,,,,,,,,,,,,,,,,,,,,,,,,,,,,,,5.194307139,6.597865142,9.096558478,8.894077531,14.25770049,26.6059009,29.08742109,30.88557269,39.91651379,39.93742155,48.6758314,71.37238389,101.4869148,90.15999969,50.18442464,27.6902523,24.92592217,41.08137159,39.08481627,45.7481856,34.52503937,40.36839711,44.6576161,49.23776824,63.94868269,73.24230294,78.20478943,59.02008469,65.02490657,
Vanuatu,VUT,Total reserves (% of total external debt),FI.RES.TOTL.DT.ZS,,,,,,,,,,,,,,,,,,,,,,281.256026,139.0323747,62.10158651,62.49716169,67.31175666,117.4485819,169.8732635,151.8774609,115.7229491,98.6239264,114.2462349,117.2017724,113.4281151,95.60088862,98.66020316,91.73810913,76.54503137,69.61331452,47.00513136,34.67086444,30.70022421,22.74319136,27.19051944,40.15652448,66.96487276,94.64450049,93.52945229,77.3974977,96.93691435,90.83957772,97.39122871,100.0090832,113.0797598,90.51769289,104.8186646,91.11347395,98.42594721,104.5633683,120.4424685,139.4802606,139.4354708,137.7839503,136.7788407,
World,WLD,Total reserves (% of total external debt),FI.RES.TOTL.DT.ZS,,,,,,,,,,,,,,,,,,,,,,,,,,,,,,,,,,,,,,,,,,,,,,,,,,,,,,,,,,,,,,,,,
Samoa,WSM,Total reserves (% of total external debt),FI.RES.TOTL.DT.ZS,,,,,,,,,,,,245.6267533,103.4038581,53.69280704,43.17435082,36.72462746,23.15622891,29.20247797,11.59536755,9.177933033,4.679483555,5.242131031,5.291539348,10.6806217,14.35895464,18.66217876,31.76476601,46.72072708,65.63256667,74.88090483,75.20731343,59.66429067,48.95071298,36.08995526,32.86150128,34.56011141,39.6259945,46.26154497,42.6798508,46.08011292,45.74039213,41.807542,42.14140608,49.76526282,48.80200673,45.68764095,45.88160421,48.09137812,39.51776049,57.13129093,53.22692081,34.75902598,30.3498472,27.55655429,21.02175358,24.07116205,20.01178551,26.12947714,36.40545156,40.75932061,58.05100171,58.28151443,68.23055048,103.3745918,
Kosovo,XKX,Total reserves (% of total external debt),FI.RES.TOTL.DT.ZS,,,,,,,,,,,,,,,,,,,,,,,,,,,,,,,,,,,,,,,,,79.58000007,375.1939818,469.7108839,650.9791062,492.5515806,415.1939662,565.5689347,179.5003451,131.4072831,48.12003232,47.81490469,36.88026185,47.77159548,43.0799065,37.21586001,36.64188879,30.018536,32.72817875,37.89261566,39.95244295,35.46749606,37.19188731,34.08788135,29.35749335,
"Yemen, Rep.",YEM,Total reserves (% of total external debt),FI.RES.TOTL.DT.ZS,,,,,,,,,,,,,,,,,,,,,,,,,,,,,,,6.947494238,10.76321335,5.128740392,2.772291952,4.452316917,10.2129031,16.18284052,31.08531256,17.47753389,28.95340771,56.55556809,70.78170902,83.17301448,91.37287643,101.4869656,112.1128531,132.019608,126.0209773,130.925306,102.8052371,91.30108272,70.3906264,81.08234519,69.50675162,56.42138853,19.76681038,12.42330645,12.79780583,42.39613625,23.43858398,13.61656101,22.20575796,17.0155735,,
South Africa,ZAF,Total reserves (% of total external debt),FI.RES.TOTL.DT.ZS,,,,,,,,,,,,,,,,,,,,,,,,,,,,,,,,,,,15.20404497,17.60216401,8.986619648,19.44679724,21.17287734,29.14746386,28.88101766,29.69935719,22.27003866,20.32815095,33.82356988,45.73837862,44.16998961,45.21506931,45.87115782,46.93548974,37.99757421,39.2696532,34.25797127,35.09494248,32.89731781,35.92183223,32.75303028,28.98225588,28.66073185,28.86467656,31.35870103,33.99302117,35.26203456,37.69404408,
Zambia,ZMB,Total reserves (% of total external debt),FI.RES.TOTL.DT.ZS,,,,,,,,,,,,33.33376668,18.16351077,20.17896189,16.35796512,9.847004977,6.089082532,4.024905167,3.743825903,6.285285533,6.337175578,3.945357487,4.295926758,3.666014204,1.461481031,4.48148615,1.26918382,1.709242444,2.081819557,1.877539298,2.914103786,2.765080548,,2.968950626,3.938120486,3.200753013,3.15449417,3.589953818,1.009869658,0.763131136,4.212042416,2.961554438,8.009627275,3.599539747,4.465914307,10.42433051,31.91799355,39.71671519,37.24937489,51.90657161,48.41075238,44.65930766,49.11435664,40.1236291,31.81472968,24.04998197,14.8982285,8.756060244,6.363821328,4.928555784,4.073167302,10.22261803,10.47964936,10.93094732,
Zimbabwe,ZWE,Total reserves (% of total external debt),FI.RES.TOTL.DT.ZS,,,,,,,,,,,,17.48280271,44.37148758,96.05728904,75.61720051,69.13275849,78.07413116,48.94769014,41.33965912,77.25172068,53.36395528,28.15511588,17.09797703,13.65749349,11.86687509,14.20964556,11.95336685,12.68274623,12.47430033,9.605714899,8.895208262,8.390563179,9.696982487,14.55418781,12.8195379,17.47464721,16.43133019,7.7240986,6.609794661,10.86240708,8.189199584,3.195178595,3.249925374,2.907883425,4.657325124,2.141563577,3.086678177,2.804489798,1.406567779,13.3479906,10.81903546,8.931590592,6.47309504,5.64150623,4.352320884,4.477014169,3.53263224,2.327187126,0.685244765,1.234680924,0.262164061,6.070384862,4.328572291,0.812823219,
