Country Name,Country Code,Indicator Name,Indicator Code,1960,1961,1962,1963,1964,1965,1966,1967,1968,1969,1970,1971,1972,1973,1974,1975,1976,1977,1978,1979,1980,1981,1982,1983,1984,1985,1986,1987,1988,1989,1990,1991,1992,1993,1994,1995,1996,1997,1998,1999,2000,2001,2002,2003,2004,2005,2006,2007,2008,2009,2010,2011,2012,2013,2014,2015,2016,2017,2018,2019,2020,2021,2022,2023,2024
Aruba,ABW,Trade (% of GDP),NE.TRD.GNFS.ZS,,,,,,,,,,,,,,,,,,,,,,,,,,,,,,,,,,,,171.3620981,175.3441296,168.781911,163.2673599,164.5590143,145.0728795,140.3911086,133.2307714,132.7942913,132.4309298,145.0502801,141.0426267,139.9723095,139.1101498,137.5565759,135.4646547,154.4377869,156.6451972,161.8912803,162.8820521,145.8336633,142.2397634,143.8042955,145.2135524,145.3435727,124.1372672,147.0155771,172.8841717,169.7982826,
Africa Eastern and Southern,AFE,Trade (% of GDP),NE.TRD.GNFS.ZS,,,,,,,,,,,,,,,,,,,,,,,,,,,,,,,41.23043881,39.73472806,40.40942725,42.82686607,45.34295525,47.40893641,47.10150192,44.9825564,46.58620564,44.82493621,46.4662178,47.85378199,59.42482008,56.79230438,57.83405618,60.35136644,60.86342631,66.8260114,74.41619994,63.7968822,63.47816046,64.63835882,62.44503929,62.58776081,61.01546205,55.59722375,52.8916428,52.62034059,55.54701362,52.60904544,50.38405324,55.64409433,58.64228728,56.99858271,54.11740756
Afghanistan,AFG,Trade (% of GDP),NE.TRD.GNFS.ZS,,,,,,,,,,,,,,,,,,,,,,,,,,,,,,,,,,,,,,,,,,,,,,,,,,,,,,,,,,,,,46.70989455,51.41171637,72.88546961,67.58466515,
Africa Western and Central,AFW,Trade (% of GDP),NE.TRD.GNFS.ZS,33.0232601,,,,,,,,,,,,,,,,,,,,,,,,,,,,,,,,,,,,,,,,,,,,,,,,,,,,,,,,,,,,,,,,
Angola,AGO,Trade (% of GDP),NE.TRD.GNFS.ZS,,,,,,,,,,,,,,,,,,,,,,,,,,,,,,,,,,,,,,,,,,,105.3017426,103.9012296,103.5799471,106.5909621,94.62515933,108.0600679,121.3647085,122.4461441,104.1236353,99.98250633,91.80009734,86.81193276,79.33292278,62.88851609,53.37015807,52.25682223,66.37801333,57.82953812,65.94202893,74.46449859,69.69107051,67.00179328,62.29591877
Albania,ALB,Trade (% of GDP),NE.TRD.GNFS.ZS,,,,,,,,,,,,,,,,,,,,,47.4940925,46.10046628,44.81056161,40.4106676,38.11568302,35.93482397,31.63730488,32.15956392,36.89787074,40.06608646,39.4369634,36.07052006,108.7854722,80.51833277,53.10258474,40.13869895,44.41178201,44.72937806,47.1306267,49.89541841,61.60926104,64.24744626,65.99146503,64.8232151,65.03793832,69.11629266,72.20190895,79.91190089,75.24854728,73.32135756,75.53253297,80.69899853,76.96835832,75.75061856,75.02120231,71.27944766,74.01445045,76.78738179,75.69407837,75.38212893,59.52071189,75.59032173,84.6980571,82.49368256,79.07075977
Andorra,AND,Trade (% of GDP),NE.TRD.GNFS.ZS,,,,,,,,,,,,,,,,,,,,,,,,,,,,,,,,,,,,,,,,,,,,,,,,,,,,,,,,,,,,,,,,,
Arab World,ARB,Trade (% of GDP),NE.TRD.GNFS.ZS,,,,,,,,,,,59.80360126,60.32864065,63.15493422,83.32990822,74.6763705,83.33510288,77.19950498,81.63936849,79.7766596,82.10655202,86.35804612,88.09716648,83.83907196,75.64113348,71.96776196,64.51595033,56.86733396,59.10551963,61.08615252,65.88967579,64.46598932,68.0462111,63.22332824,59.07648546,57.63286543,61.2393921,60.71012843,68.78579965,67.28940067,67.31321855,72.01320139,73.22578749,73.51966997,80.17857909,84.50680772,88.64571645,88.94087196,92.9395641,96.75734782,88.78404998,85.90015219,88.75040865,90.25871691,89.29795764,87.1740681,82.44414232,76.86120837,80.25104903,80.59966492,79.98516961,75.08922197,79.92741546,87.2777227,86.79232957,
United Arab Emirates,ARE,Trade (% of GDP),NE.TRD.GNFS.ZS,,,,,,,,,,,,,,,,,,,,,,,,,,,,,,,,,,,,,,,,,,89.86457993,93.07165881,102.3001695,116.6226125,119.5528716,119.4706696,136.7981529,148.513544,153.4619444,138.8920969,147.392662,159.9704706,161.1004825,163.687585,169.4762367,170.9768292,170.9208069,159.6427773,170.0681188,185.2805524,186.1089326,188.9454617,202.332536,
Argentina,ARG,Trade (% of GDP),NE.TRD.GNFS.ZS,15.20809609,11.98989231,14.07552565,15.78090624,11.12742968,10.37645741,11.64260542,12.49266037,11.88816489,12.79742663,10.33744408,12.61518892,14.0356432,13.32216851,13.19157986,11.80272429,15.09688462,16.94228657,14.32379637,12.84068464,11.54567246,14.29297748,15.6114861,14.98767011,12.34638143,18.00942507,14.48603279,15.44896988,15.74345861,19.6377977,14.990859,13.75305416,14.73098059,16.22315145,18.13434587,19.77142309,21.50646841,23.33617884,23.35002797,21.38274496,22.62244478,21.85225545,41.75272436,40.64474803,40.69264611,40.55127097,40.43347987,40.94517062,40.40267338,34.05712691,34.97101326,35.206155,30.52654237,29.333929,28.40679365,22.48622609,26.09388785,25.28960114,30.76253595,32.63061505,30.20369881,33.07868957,31.54770801,26.64051213,28.15940143
Armenia,ARM,Trade (% of GDP),NE.TRD.GNFS.ZS,,,,,,,,,,,,,,,,,,,,,,,,,,,,,,,81.33571855,100.8658552,101.0767594,107.9731463,112.4293646,86.11485707,79.22956012,78.54774505,71.84245188,70.56047914,72.23333023,69.86426639,73.98450184,80.0513676,73.07063399,70.13973858,61.03013798,56.97504709,54.54232796,57.27423574,64.64297597,69.43557366,75.96167596,77.55504816,75.77886696,71.68207434,76.07796746,87.20237654,92.47310702,96.11415413,69.48880754,79.66988882,101.4107783,119.714643,152.1402291
American Samoa,ASM,Trade (% of GDP),NE.TRD.GNFS.ZS,,,,,,,,,,,,,,,,,,,,,,,,,,,,,,,,,,,,,,,,,,,210.9375,207.4427481,202.3575639,223.2,229.8174442,218.1467181,249.8214286,161.3333333,157.9406632,157.5438596,176.40625,173.8244514,174.8055988,162.4071322,159.1654247,161.4379085,171.8309859,156.568779,154.368932,136.8,124.684271,,
Antigua and Barbuda,ATG,Trade (% of GDP),NE.TRD.GNFS.ZS,,,,,,,,,,,,,,,,,,,,,,,,,,,,,,,,,,,,,,,,,,,,,,,,,,,,,,,141.5461611,130.0715499,132.0259179,127.6643236,130.6551527,137.5377836,94.28952989,101.0749606,117.7035278,,
Australia,AUS,Trade (% of GDP),NE.TRD.GNFS.ZS,27.0073432,27.37980085,26.52762943,26.79249207,28.65276928,28.43838924,28.01542058,26.73190832,26.73833408,25.24577151,26.15292906,25.55420702,24.75756487,25.13146803,26.32241605,28.97019198,26.86294977,28.63052856,28.17750026,29.62367267,32.29827507,31.60343922,30.32469009,29.17524576,28.54000833,32.48833348,33.00852899,32.51014436,32.56496047,32.06500489,32.15271446,32.18918841,33.04455679,35.39953492,36.45880883,37.70404521,38.23305335,37.98083228,39.99270246,39.02979542,40.93521098,44.2187045,41.4490922,40.20156691,37.00961359,39.16074697,41.55944717,42.00802003,42.8467764,45.74086303,40.52158899,41.85113203,43.1642965,41.27287902,42.48402303,41.66393193,40.97407948,42.20373168,43.73606508,46.18750189,44.66445607,40.30248027,45.82177023,49.22518406,47.31422901
Austria,AUT,Trade (% of GDP),NE.TRD.GNFS.ZS,,,,,,,,,,,55.07611932,54.59430952,54.50952613,54.67095989,59.80196966,56.82169664,60.15188981,60.51462521,59.90261924,63.56620002,67.08778144,68.66550399,64.3692404,62.71784384,66.83679753,70.35874876,64.26632074,63.10088184,66.82429381,70.81573622,71.76948195,70.32385669,67.89610882,63.51382704,66.24657391,68.52500575,70.4693163,75.24447603,77.34952166,78.56293298,85.84260773,87.99625672,87.58449371,86.88222632,91.47422019,94.67475478,98.78572532,101.3649584,102.7437044,87.6004931,99.64488255,105.7750984,105.8407914,104.985374,104.49674,103.1175817,101.5734946,105.5560668,108.37797,108.2072849,99.94821411,111.0322687,124.3834515,116.8139194,110.5354624
Azerbaijan,AZE,Trade (% of GDP),NE.TRD.GNFS.ZS,,,,,,,,,,,,,,,,,,,,,,,,,,,,,,,83.08321965,86.86377246,140.7999834,133.4904459,55.34931946,85.89371075,80.84974017,82.07896653,77.2278091,69.82596488,78.54856828,78.81518549,92.81814433,107.5519485,121.5071159,115.8418846,105.2623998,96.64180815,89.24289686,74.74404168,74.98598846,80.50804501,78.26306954,74.67584476,69.4832252,72.60150791,90.07731873,90.40231568,91.67257654,85.81814541,72.01786765,76.28686569,86.98227325,83.53588612,82.68986916
Burundi,BDI,Trade (% of GDP),NE.TRD.GNFS.ZS,25.89285744,27.58620798,29.50819589,21.80451147,26.17449661,22.88225297,23.7683402,22.68636626,23.6625078,21.75328967,22.30979655,22.60743004,26.80941312,24.34890434,25.28733518,27.27741632,30.37936063,34.88702915,31.93409359,36.88478616,32.1014456,31.18104621,37.11942099,33.79333982,35.05631669,31.81352155,34.0388589,35.48353466,38.5439533,32.68930939,35.64813955,38.42256048,38.22613141,36.5429966,38.75352358,40.20462641,21.57372227,24.27537923,27.44002999,23.53974528,22.55372449,20.96404561,21.67382941,27.37631208,31.57611818,35.09999884,42.4,38.79999877,47.19999958,35.80000356,39.5000054,43.00000284,43.70537319,46.60407909,42.99502581,22.83828342,23.04372526,22.2402931,26.59970246,29.02621,26.77333,28.81866,28.31532036,29.73697231,
Belgium,BEL,Trade (% of GDP),NE.TRD.GNFS.ZS,,,,,,,,,,,87.72730198,85.58408077,85.21443873,94.14409402,105.2710776,91.52374868,96.81575843,95.67752274,92.31260394,101.5729705,103.0554478,110.2213521,117.9253495,120.3955625,128.230735,123.8769861,112.3270245,109.9190999,116.4229466,124.9369327,121.4678511,118.5901377,115.0692875,109.012737,113.2323,116.3785678,119.2127758,125.6889401,124.7091226,125.1699905,142.2301351,139.5768398,136.0851495,132.7155528,136.9184053,144.5290507,149.5675093,152.4684469,161.0884478,135.1384057,150.1625636,160.7655169,160.3833014,157.5736228,158.571611,155.068682,159.0576966,166.9040782,168.2776929,165.4654789,156.9501213,177.3818924,191.9394441,168.9610094,158.4529497
Benin,BEN,Trade (% of GDP),NE.TRD.GNFS.ZS,18.23419982,14.11812169,13.47712766,15.44725902,17.38050343,22.17327364,23.04260784,27.43808832,28.41122937,33.20172495,39.63790345,45.61841272,41.18455161,41.61214261,43.8114045,47.94122796,44.01975771,50.95968552,51.07045265,54.53816815,53.1386196,59.8893721,57.85733537,45.34201189,50.51130349,60.30121798,49.2914177,46.21813521,45.88682803,38.30036736,45.72018215,51.34471684,56.7407458,55.38179913,64.40047925,63.80014001,56.51779145,58.71162961,59.5936253,54.39178915,47.3481515,48.25717064,43.76842254,41.61623056,39.90297434,39.09593119,39.77469871,49.11378415,47.77535927,44.70262906,51.43085995,47.21702881,50.73673678,59.20019183,65.26827494,56.75631318,58.98692834,61.47659696,61.79519449,63.68133231,44.83323338,48.05486083,44.38159289,44.66313082,40.63980224
Burkina Faso,BFA,Trade (% of GDP),NE.TRD.GNFS.ZS,20.70137006,21.21886244,21.23794839,21.24850128,14.31727564,16.02921712,16.70021919,18.85581328,21.49212882,22.34960836,21.59701042,25.44255661,27.68872686,29.23133631,32.79367889,37.49937071,35.21349568,38.40353376,35.21924848,37.52857807,40.21302868,40.71152425,39.81975144,37.45829725,39.71870566,40.94754698,37.96172942,39.43994633,38.12968228,32.39475994,35.42265044,33.79623643,28.37401638,29.62508395,39.22922224,40.74747142,38.18029777,37.41641878,40.93978358,35.25481578,35.12294197,31.65817081,31.31252285,30.36823641,35.4809436,34.17216977,35.10654236,33.77971729,35.38531698,40.29598367,49.07323854,57.4972531,61.23860798,64.0358513,58.82356249,59.08918131,57.8931728,59.2687802,60.59562562,60.40869288,60.73977864,62.42035866,64.84387392,64.82232112,63.42834662
Bangladesh,BGD,Trade (% of GDP),NE.TRD.GNFS.ZS,19.30394367,22.48235237,21.55484828,21.63976306,24.15026781,23.02931371,22.93610297,21.90186011,19.93714038,19.81132117,20.82059695,17.01907184,19.40728956,18.39465651,14.04962107,10.99562613,22.38227493,19.4221982,21.03851496,21.90706354,23.37723111,19.24715909,20.60692419,20.31688062,16.81172717,18.22218462,17.01874251,16.68779763,17.67806431,18.32517402,18.96650201,18.88982689,19.9340055,23.12158307,22.86586455,28.20949608,26.07608772,26.32551339,27.8800634,28.38794056,29.32171436,32.09801707,28.96738072,27.6578849,26.85823415,34.39693486,38.11192443,39.94238265,42.62091403,40.09279622,37.80284267,47.42084984,48.11092275,46.29640272,44.5140802,42.08599631,31.33415013,29.99973067,32.51463172,31.57805449,26.27144738,27.7240047,33.77996727,30.98297141,26.77807634
Bulgaria,BGR,Trade (% of GDP),NE.TRD.GNFS.ZS,,,,,,,,,,,,,,,,,,,,,66.39641735,70.1610468,67.49939682,74.08786299,78.37731166,85.99736772,83.50356439,83.40765316,91.46175131,94.57897077,69.84706085,82.68238762,100.0498008,84.04148545,90.72012938,55.262735,85.82079145,86.46373647,77.04520303,90.07496166,77.74570416,79.08136875,75.26961101,79.01388537,93.06389796,99.71421121,111.0474628,123.5325577,124.6887475,92.6926456,103.3805223,117.4181039,123.9713227,129.688683,130.2483771,126.7366422,122.8055144,129.634429,128.8655653,125.0299631,110.3240811,121.1573546,138.8401468,119.6681203,109.2888408
Bahrain,BHR,Trade (% of GDP),NE.TRD.GNFS.ZS,,,,,,,,,,,,,,,,,,,,,210.4985363,220.8673692,198.5464254,166.7748507,167.3884395,168.51412,161.4021983,166.8938839,151.9997204,163.8209435,184.8288047,158.8677966,159.2918983,144.7630456,136.4734709,134.0867323,144.3334505,130.672449,113.001419,124.7357372,135.8091353,127.0262663,131.1336342,128.0915822,140.73731,148.3135251,147.1041811,137.7850506,145.8825111,117.9637254,115.5614864,167.529641,178.8240208,184.5895088,168.5758581,147.9160602,132.8229979,136.4292398,144.0753726,135.4175434,135.460985,153.7993165,167.1412412,157.4478547,
"Bahamas, The",BHS,Trade (% of GDP),NE.TRD.GNFS.ZS,,,,,,,,,,,,,,,,,,148.7938289,150.1802018,129.075265,133.2584438,129.7511392,125.3373883,124.5844875,121.8950566,124.0617109,121.7229525,117.1260176,,111.0003266,110.1200253,106.1186181,101.4615632,103.3599612,104.4019638,104.4654418,105.856747,79.73488557,77.72616717,75.70273833,79.64494389,72.50088064,70.27798171,71.06354051,76.00198337,81.39627092,87.5507143,88.01281556,87.42922288,76.52104396,78.67560243,88.33368916,84.25152047,84.54841389,80.53702723,69.67797527,67.21292158,68.33428404,72.1542686,68.78662348,53.42075807,65.93254133,75.98296011,76.54947516,79.24245869
Bosnia and Herzegovina,BIH,Trade (% of GDP),NE.TRD.GNFS.ZS,,,,,,,,,,,,,,,,,,,,,,,,,,,,,,,,,,,101.8472277,91.87961266,107.5000435,100.6309648,125.6666091,121.8205416,85.35774313,86.03573266,78.72747949,80.56945726,81.81268362,84.35546282,79.82994778,83.55185889,86.16287984,73.74749423,80.96821596,87.83634771,88.14510886,87.93124131,90.55228069,88.29198984,88.24403517,96.64587914,98.4320912,94.51612789,82.11126526,96.48590858,110.2059677,99.61749339,99.97435222
Belarus,BLR,Trade (% of GDP),NE.TRD.GNFS.ZS,,,,,,,,,,,,,,,,,,,,,,,,,,,,,,,89.6073903,66.66666667,117.3913043,150.964467,155.3757095,103.7181948,96.77489979,125.5161792,122.9576977,120.8351178,141.609166,137.0449305,131.0020583,134.1418523,142.1365104,118.8843517,124.2951039,128.153878,129.5994785,108.6356448,115.917973,157.9742551,153.0852693,119.8159652,110.6514244,115.9148262,125.2093229,133.3677547,139.3937363,130.8504061,118.9341761,136.0141679,120.0242076,131.5846749,131.9179291
Belize,BLZ,Trade (% of GDP),NE.TRD.GNFS.ZS,,,,,,,,,,,,,,,,,,,,,78.69985859,80.00367018,71.8370006,69.05004997,80.76390098,67.07328402,69.67048587,76.84657249,81.49214616,78.41603462,79.41149593,79.13247362,80.28725314,75.71229329,80.86235919,77.28465906,79.50872657,85.41332723,85.26089295,93.27668083,96.54052156,93.11050477,92.99803158,94.31583773,86.34043616,92.95230347,98.85931559,95.89362076,105.4402208,89.54693515,95.03351091,107.1946581,111.6319263,108.7935063,107.1203087,104.0787944,96.46460137,97.69227375,100.6649951,102.1228489,81.82196441,99.3162711,108.5291741,106.5317557,
Bermuda,BMU,Trade (% of GDP),NE.TRD.GNFS.ZS,,,,,,,,,,,,,,,,,,,,,,,,,,,,,,,,,,,,,,,,,,,,,,,,,,,74.59508034,76.27043681,73.78230306,76.2701067,76.51674746,73.29549852,72.74990938,72.39242845,77.55527038,77.56010165,69.19370023,71.40816981,75.19722503,73.59091864,80.51825126
Bolivia,BOL,Trade (% of GDP),NE.TRD.GNFS.ZS,40.14288904,39.73727422,40.75464614,43.32287308,43.77224199,48.14763231,47.73584906,48.51319746,43.81868132,43.67077146,48.9571263,45.78979717,45.13157895,56.03434631,62.09013468,58.15495241,57.56306364,56.41907062,52.70338555,51.57077929,46.81329151,46.21976714,58.46829881,52.35579794,49.47473086,41.89279119,47.0313574,43.62265667,41.90625186,45.65468554,46.70327258,48.44496887,49.11085788,47.46712569,48.8608505,49.7379871,49.85629137,50.46966281,52.28116296,44.16825649,45.59777502,45.22782243,49.35026037,51.96783644,57.46426609,67.64194136,74.53784843,76.06191145,82.8670209,68.62707391,75.51162625,82.48039542,84.94876117,81.23090753,85.26446956,67.93284519,56.4010345,56.70465276,57.10996461,56.39730673,45.50326262,59.02139656,67.75589877,56.45823898,
Brazil,BRA,Trade (% of GDP),NE.TRD.GNFS.ZS,12.61547153,12.89339678,9.384850143,17.93998442,12.20580536,12.8920351,12.26329411,11.35438435,12.59062636,13.27592469,14.47917337,14.65091698,16.13195262,16.85618914,20.96777807,18.23433037,16.41554798,15.15524941,14.5778876,16.56688261,20.15540749,19.63292399,16.49117037,21.90035252,23.83007467,20.44976658,15.86065415,16.26239734,17.76724471,14.39087765,15.15559908,16.59207776,19.25337479,19.59932055,18.6747598,16.98446,15.63559148,16.57620926,16.43858493,20.98216648,22.63976136,26.93628502,27.6183574,28.14038472,29.67825248,27.0867952,26.04169989,25.29261138,27.25756942,22.10597561,22.77217811,23.93440518,25.11427361,25.78595733,24.68540581,26.95362594,24.53368208,24.31973437,28.87620338,28.89025787,32.30207854,37.65633076,38.81606598,33.66622983,35.53122024
Barbados,BRB,Trade (% of GDP),NE.TRD.GNFS.ZS,,,,,,,,,,,,,,,,,,,,,,,,,,,,,,,,,,,,,,,,,,,,,,,,,,,,,,,,,,,,,,,,,
Brunei Darussalam,BRN,Trade (% of GDP),NE.TRD.GNFS.ZS,,,,,,,,,,,,,,,49.71252775,53.11024905,52.13409894,52.1156793,51.84211116,50.65495387,47.95099483,49.80786319,50.87593603,52.0135766,,,,,,58.12116831,57.7484299,62.93761056,69.9356429,70.50571589,62.86961836,71.03725406,80.485477,77.1488094,78.73060508,75.98935554,87.05533336,91.09978792,93.21618142,89.08561606,84.88216641,81.62011408,81.57095457,81.01141457,89.74542548,90.28708811,95.37154607,99.53793086,105.6409021,110.9395996,102.421001,89.89618838,87.31980125,85.17686042,93.8980617,108.5096585,110.2910036,147.1231124,146.9739661,136.8634343,133.2232185
Bhutan,BTN,Trade (% of GDP),NE.TRD.GNFS.ZS,,,,,,,,,,,,,,,,,,,,,54.11483635,66.78185914,64.68049557,61.11565009,61.24723096,69.75367493,73.76857643,64.28196092,80.48221951,68.81454222,61.21628744,75.97298581,91.76083757,78.75599335,72.10077936,83.88290865,84.62949143,85.21143723,85.58313509,85.86620598,74.02649711,71.09457473,70.2833172,72.84990066,89.0605518,97.74341354,108.1577949,106.9290224,101.9542357,101.5594116,105.0106667,102.7956002,94.04502715,95.05253828,87.9342562,89.63916046,76.38475285,76.78840169,79.73972033,76.1235167,71.83035104,77.58244827,85.57121652,81.56452985,
Botswana,BWA,Trade (% of GDP),NE.TRD.GNFS.ZS,65.91957811,69.74182766,72.76503188,76.3398002,77.38771244,82.31707317,80.21680217,75.38734111,86,75.33753375,85.56925308,94.71365639,97.91502754,100.7966952,105.6984852,107.3862555,116.7078825,120.2103879,120.5849269,119.3729422,119.5015463,121.2353923,123.8361801,124.6490648,118.7734707,117.5228082,117.4595896,123.5717533,114.4515902,105.3608646,104.8473204,99.55838535,89.75125459,86.20820501,88.18060973,94.59517165,90.95557528,108.6044152,101.8410393,98.9290812,91.92472969,87.52506557,91.83577406,85.83404252,90.99782289,88.50535206,86.61243391,98.49652494,99.00822201,88.48078863,94.63900209,98.96146778,111.8752806,125.7830399,119.4975418,112.900891,100.4646898,81.92395138,87.45510399,83.09298136,77.66341784,88.75874959,85.61170776,68.80335784,66.9755288
Central African Republic,CAF,Trade (% of GDP),NE.TRD.GNFS.ZS,57.45453674,62.2516546,62.29507257,63.72239745,69.25285968,64.76964499,70.87628866,73.20096774,73.94352311,64.93312236,73.5008478,67.22269528,58.74788774,65.10492521,71.07293707,61.05031664,51.51347707,59.52930382,57.3060779,57.56550683,66.30232808,58.44319389,56.40225873,60.76526042,58.89567164,53.6444942,46.80905809,46.39443456,42.79863463,46.76704756,42.94298352,43.70932169,43.22907608,39.98862202,48.41803223,50.47589112,47.08440503,55.81850836,51.04953188,43.2123439,45.65978199,39.73049974,36.10856478,36.231226,33.24395492,35.07093687,36.39587023,37.58089902,34.43752181,31.49424649,34.43048195,34.47561833,33.05944859,38.39928757,53.09509202,53.14514778,50.53064402,57.14354571,49.6602,50.0658,49.52102,44.15912,45.23357,43.48057021,47.82322324
Canada,CAN,Trade (% of GDP),NE.TRD.GNFS.ZS,,35.81046501,35.51131987,35.33177956,37.00155752,36.8945521,38.30529369,39.12421956,40.72738496,41.88589949,41.49227652,40.68695859,41.84908645,44.28828225,48.08450197,45.85565452,44.26534428,45.75837883,48.844518,52.23804738,53.31797572,52.10257413,46.6158828,46.70888359,52.47669843,52.84194653,53.06515011,50.8663918,51.36578114,50.06663401,49.99446442,49.22346685,52.73803094,58.25079615,64.39154415,69.06174808,70.26007346,74.33661008,78.08118536,80.11502931,82.76535785,78.34421839,75.70703208,69.84009462,70.19241999,69.75913302,68.05216448,66.28341975,67.02360836,58.47439182,60.2081215,62.49873877,62.59554894,62.2310749,64.37866216,66.16490207,65.36368452,65.10106085,66.59988585,66.17148528,61.15677096,62.24683672,67.31762156,66.63233134,65.17903399
Central Europe and the Baltics,CEB,Trade (% of GDP),NE.TRD.GNFS.ZS,,,,,,,,,,,,,,,,,,,,,,,,,,,,,,,,,,,,65.29647803,68.87839539,74.07055778,74.22183275,73.83077737,79.96618278,80.59117531,79.54472196,83.84674673,90.76346203,93.73208088,101.8877505,104.6816095,104.1848841,92.93172394,104.4646643,112.883241,116.1206354,117.6825277,119.8748481,119.4131042,120.3351778,123.3509557,123.7236529,121.2786166,114.5708623,125.4453413,139.6246753,123.6011667,116.0810831
Switzerland,CHE,Trade (% of GDP),NE.TRD.GNFS.ZS,,,,,,,,,,,82.88126301,78.64015292,76.68223639,77.62691223,82.5985025,74.05162581,78.90103078,87.31801034,83.61997806,87.77179373,94.88464535,95.97544663,88.2093026,87.21299623,91.78892404,92.99246253,87.08479379,81.10987508,83.49506517,88.42692283,82.50881868,78.22391289,78.88264528,77.67113369,76.15536381,76.25217291,78.75248496,88.46997846,88.21561677,89.8170141,97.93685621,96.03983789,91.78185086,90.33549631,95.51709446,102.2611721,106.2451548,113.3318578,116.7780001,109.7759848,120.0651238,125.5562732,126.4538605,133.6937084,120.2134232,117.1384824,123.5659245,123.6218074,124.4285043,124.1276122,121.7859781,130.0162613,138.5006988,135.3200022,134.0951485
Channel Islands,CHI,Trade (% of GDP),NE.TRD.GNFS.ZS,,,,,,,,,,,,,,,,,,,,,,,,,,,,,,,,,,,,,,,,,,,,,,,,,,,,,,,,,,,,,,,,,
Chile,CHL,Trade (% of GDP),NE.TRD.GNFS.ZS,28.19589051,26.27984792,23.58506977,26.539351,25.04960504,25.61570778,27.38450848,26.62375088,26.44915763,29.79857602,27.96758898,22.62329095,22.29999149,28.00586382,37.95930987,49.44789876,43.47126788,40.8505713,42.46455645,46.72583757,47.2255574,40.96358863,39.49925359,44.23851308,46.54528559,49.97486668,51.23835927,53.34255856,58.15911277,62.62767565,61.20863778,57.50754716,55.5417477,52.91385306,52.80768395,54.6874836,53.92074989,54.09929818,53.83617852,54.69560983,58.71192309,62.14476697,62.4838519,65.69341959,69.88936005,72.06253424,73.71163504,76.97702471,80.67662624,66.68603096,69.71768014,72.48164281,68.15614289,65.14328795,65.63462812,59.34911048,56.05786109,56.02615897,58.17705063,57.61175457,58.18286356,64.87740632,75.20161774,60.72472369,63.85985725
China,CHN,Trade (% of GDP),NE.TRD.GNFS.ZS,6.30557628,5.808545537,5.565523019,5.662062298,5.716906571,5.899470472,5.92798923,5.582337495,5.578898189,4.941376789,4.82548633,4.945569997,5.667472185,8.083539278,10.33750657,9.976087395,9.591903357,9.320199322,15.39692423,16.51860706,21.5410562,23.74382559,19.65547476,17.88671351,18.99633981,20.67433728,19.84505414,24.81383367,30.01333892,25.06155489,24.22598248,25.87298149,30.03409405,35.90864166,35.60546352,34.10495216,33.62875123,34.31357632,32.17173994,33.22553808,39.01094248,38.08264695,42.19444234,51.07748013,58.64033404,61.36007494,63.56957986,61.266464,56.711133,44.41976443,49.85407223,49.94582723,47.48021308,45.91604138,44.06845648,38.69718484,36.17717069,36.95085262,36.89438439,35.19942027,34.03895079,36.52069118,37.44071988,36.10519237,37.19842014
Cote d'Ivoire,CIV,Trade (% of GDP),NE.TRD.GNFS.ZS,57.14406757,63.39605592,60.1395535,57.45531759,60.60880001,66.94763093,65.10334587,65.01500699,68.6948357,63.83159118,64.8769567,60.63731917,62.51877165,68.98587056,84.07307131,73.31336679,77.98922386,78.95660403,73.95669728,72.26592824,76.18028969,77.45919888,75.75002167,72.68017697,77.10319819,79.17251371,69.67735716,63.05024828,58.37827152,61.08854404,58.80149561,56.99782131,60.02506534,55.34852185,69.83665802,76.20234391,52.80429442,54.00629034,53.65383379,55.89356269,54.96399163,53.11410472,55.90194823,53.26006068,58.1182963,62.82093604,63.69037706,61.43094235,61.9406213,66.67290375,67.47294008,64.71590306,70.30108932,58.35267925,53.68041756,52.71286474,47.56557836,48.66250747,46.03750871,44.66041058,41.94263182,45.11403278,52.86639104,52.00345487,54.66692798
Cameroon,CMR,Trade (% of GDP),NE.TRD.GNFS.ZS,,,,,,48.0200388,44.57197133,43.20451703,46.75675569,46.24256492,50.87995264,50.17613052,46.47761949,44.6908941,48.23801324,48.2279939,50.00721606,52.86570896,51.77722644,49.32094172,55.01613909,50.28117841,62.12539352,59.70119087,64.47202025,65.02458838,46.00580702,37.32029527,31.99460886,38.47648378,37.49644544,34.63877936,38.86259217,26.15884296,36.96112101,36.68227266,45.1156121,48.46963527,42.29465383,37.23837985,47.92794425,51.57226919,48.48172273,40.24319259,41.83774243,44.99768135,47.10443418,53.21569086,56.92441716,42.17610736,47.2385854,51.5219876,50.03601273,49.67453635,50.83238931,45.54014683,40.63863153,39.19902161,40.58760288,43.37851325,33.73883136,36.73083472,41.28660256,37.21772818,35.88617537
"Congo, Dem. Rep.",COD,Trade (% of GDP),NE.TRD.GNFS.ZS,,,,,,,,,,,,,,,,,,,,,,,,,,,,,,,,,,,42.51672247,52.20853142,60.31625674,33.75000042,62.67930673,41.17766082,27.01440292,25.04193751,29.31684564,54.03135618,49.33641463,52.3146047,47.96325962,80.14205505,83.77229165,62.94687936,90.74761029,85.19814419,68.3517114,77.46594515,78.69015012,59.33243096,55.92521026,74.29137962,69.91972915,55.23515804,58.49175733,80.48131142,93.72866689,90.41241587,97.49464705
"Congo, Rep.",COG,Trade (% of GDP),NE.TRD.GNFS.ZS,106.0604921,103.1207575,93.44131169,94.32042104,94.60161267,89.09463187,80.99630996,86.30140176,87.62057878,88.9695727,92.49997368,85.2310873,80.09662802,74.99999172,112.7039177,99.6350365,106.9328952,110.8509521,104.7905245,96.03921569,120.1442841,134.1148237,123.7746479,109.7097097,107.2509129,112.7935723,93.50223489,80.35519248,81.04704097,83.35300932,70.81935433,69.68454299,57.14070589,74.17619428,132.7362484,128.3125043,128.4076633,135.7581795,148.9016625,131.3941903,123.9098844,130.7324811,135.4560711,156.8617773,131.3681987,119.5528923,125.600763,148.5866254,133.1084867,135.5523657,124.0647544,124.5917427,97.44443515,93.00286339,104.1976201,117.3207216,122.2598183,94.61709526,100.5832168,91.57575479,69.30662472,85.54620316,98.16133669,96.2103944,93.18812392
Colombia,COL,Trade (% of GDP),NE.TRD.GNFS.ZS,30.45201202,26.82114888,24.45081756,24.33324947,24.60911788,21.84400212,24.32830729,21.55400928,24.58445758,25.54865387,27.82522897,27.98326983,26.05292858,27.58841915,30.17054196,29.82883577,30.94125162,30.06442476,30.42451404,28.66160225,31.81498673,27.26938485,26.10377296,23.69982093,24.34875009,26.33310128,30.83063591,29.86555019,30.142802,31.82162185,34.77781038,33.52991809,33.61159134,36.17747144,35.91753745,35.49723032,36.04410719,35.59706809,35.90892305,36.14927931,32.66708547,33.90111179,32.98263921,36.51618352,35.86342693,37.42269749,39.64135596,37.0988971,39.16764942,35.15612851,34.26460317,39.47042355,38.83515102,37.9866488,37.48746564,38.36076412,36.20265298,35.28291494,36.5347528,37.55853398,34.05557097,40.05914639,48.28265511,40.38813249,36.88869316
Comoros,COM,Trade (% of GDP),NE.TRD.GNFS.ZS,,,,,,,,,,,,,,,,,,,,,35.75618351,35.75551974,35.75728509,35.75732676,35.75659199,35.75768548,35.75661671,35.75681697,35.75653124,35.75775936,35.75703172,35.75721104,35.75735549,35.75695192,35.75727936,35.75723853,35.75781507,35.75704391,35.75725007,35.75715709,35.75747855,35.75722888,35.75711907,35.75695913,35.75706312,35.75740933,35.75727456,33.15617921,36.21852635,37.89692233,39.5501058,40.00094858,40.81044241,39.24333042,39.23582442,37.80495207,37.13287972,40.16435892,42.99615334,42.26807854,33.72993462,42.06772365,50.38877049,45.68377892,44.37317676
Cabo Verde,CPV,Trade (% of GDP),NE.TRD.GNFS.ZS,,,,,,,,,,,,,,,,,,,,,84.05058205,92.16438745,102.1159219,102.436767,100.473455,101.8212851,93.05252412,83.83261889,76.20162485,81.43779264,85.95158403,80.95396931,83.93988997,60.306432,71.56344205,77.51555138,75.48996786,85.97934615,81.88141375,80.96901996,87.52060836,92.1637225,101.0897023,98.76838081,101.56717,104.3438399,117.8166972,65.8209896,78.18411583,68.47957225,85.54844988,90.55645011,90.64991655,86.16986003,91.30385241,94.00848702,95.37813986,100.0521339,105.8675241,103.6026565,78.39345459,77.45505863,96.99413685,94.5799055,95.09479512
Costa Rica,CRI,Trade (% of GDP),NE.TRD.GNFS.ZS,47.26096506,45.91880922,48.77298076,49.21566897,52.98763339,55.75155628,55.55452176,56.10177052,60.22197632,58.54861708,62.41398,63.89940019,66.83220137,67.67298997,81.26395182,68.60978582,63.8196715,67.20368367,64.21264004,64.11619,63.29690378,91.44453685,87.24877018,72.82011228,68.35352728,63.1993363,61.83621253,67.39880098,69.83549054,73.58296,75.28516419,71.4396757,76.09623548,79.35233683,77.997308,79.77437455,84.05716401,87.6131981,92.03802124,87.53861377,86.52492351,80.85275872,80.41394434,83.32770754,85.2564772,89.22266389,89.81455461,86.45659584,86.40151271,69.75931773,67.51208968,68.63914651,67.0485393,64.06641059,65.19124205,60.75356194,62.17847818,65.07195374,66.94534202,65.76053002,60.13988625,70.7816423,82.22753254,72.47199908,71.33101377
Caribbean small states,CSS,Trade (% of GDP),NE.TRD.GNFS.ZS,,,,,,,,,,,,,,,,,,,,,,,,,,,,,,,,,,,,,,,,,,,,,,,,,,,,,,,,,,,,,,,,,
Cuba,CUB,Trade (% of GDP),NE.TRD.GNFS.ZS,,,,,,,,,,,76.80653796,76.80865045,76.80949749,76.80180344,76.7856934,76.82704406,76.81921841,76.81372741,76.76333053,76.70514707,77.03379205,76.7800937,76.78627504,76.51134797,76.41422843,78.67701557,75.51160049,76.81718105,75.13671282,75.92863188,71.11449322,50.99611654,35.14686734,28.91583018,27.77589665,29.30841762,32.62533361,32.75419893,32.50463298,31.86893225,31.07598788,29.36109638,24.72931335,26.58713358,31.31141533,39.36137443,37.18801429,37.96760966,44.91722075,32.91398196,40.2919413,46.96042905,45.86620363,44.32389693,39.27415285,31.61381248,27.26911325,26.22243638,27.08354845,22.82089114,15.68255027,80.02390316,93.86077559,108.1353237,
Curacao,CUW,Trade (% of GDP),NE.TRD.GNFS.ZS,,,,,,,,,,,,,,,,,,,,,,,,,,,,,,,,,,,,,,,,,,,,,,134.9114598,144.5555111,146.0491225,166.7395417,144.7023417,143.9322118,172.923418,183.2364607,166.4061491,164.3598182,148.3138159,139.0529791,139.8124495,155.2688588,,,,,,
Cayman Islands,CYM,Trade (% of GDP),NE.TRD.GNFS.ZS,,,,,,,,,,,,,,,,,,,,,,,,,,,,,,,,,,,,,,,,,,,,,,,,,,,,,,,,,,117.4365837,117.1171234,114.8385397,105.4727895,,,,
Cyprus,CYP,Trade (% of GDP),NE.TRD.GNFS.ZS,,,,,,,,,,,,,,,,92.17898634,112.3689838,115.5755086,105.2517279,108.447117,108.325663,113.5730649,115.1624571,114.3837403,121.7586297,107.569825,93.45992761,97.55645632,101.5832425,111.3341264,108.6082087,104.1799049,110.0970073,95.41637535,95.77615161,134.3905141,140.8489834,139.7629766,134.9097368,131.2093333,137.4949032,131.8490679,123.6413321,114.004633,113.9036135,111.9170653,109.806498,111.2751228,112.9259309,102.7910919,108.9016993,110.6171369,112.3442733,120.9262006,130.8443631,137.2764265,139.0220985,148.0133556,147.6235674,150.5061696,160.6687165,176.8277368,207.632427,193.2686192,189.7988859
Czechia,CZE,Trade (% of GDP),NE.TRD.GNFS.ZS,,,,,,,,,,,,,,,,,,,,,,,,,,,,,,,63.05127858,70.77122767,77.96113108,78.19773818,74.80301808,82.90099907,80.59955796,84.15323067,83.93865232,85.45712364,97.49839563,98.53687373,90.87927155,94.64686007,113.173976,121.1912873,127.0510151,129.8767395,123.9048099,113.0492548,126.7564801,136.7508555,145.4801954,145.5022306,156.4151228,154.018401,148.5470047,147.7508349,145.1417179,138.15461,128.7804303,137.3781163,144.0114941,132.9569439,131.9154017
Germany,DEU,Trade (% of GDP),NE.TRD.GNFS.ZS,,,,,,,,,,,31.59045315,30.72690719,30.61624743,31.58281947,36.81233652,35.77069407,38.22480366,37.95960693,37.03966896,39.07648011,41.69634422,44.01626624,44.2197597,43.41069021,46.06753968,47.73358367,42.78118333,41.5307858,42.36465953,45.04390931,45.68895468,47.6354132,44.684044,39.74939397,41.09574433,42.60614865,43.9035861,48.38032107,50.15546578,51.51922744,59.1955993,59.55928637,58.33256872,58.91454429,62.90649095,66.95310249,72.75919346,74.88384168,76.10141021,66.11526853,73.86264077,78.40731346,79.30048779,77.56438157,76.83033127,77.79135676,75.98458751,77.56663695,79.22765969,79.13374711,72.99325723,80.15661805,89.06412737,82.79910645,80.3446714
Djibouti,DJI,Trade (% of GDP),NE.TRD.GNFS.ZS,,,,,,,,,,,,,,,,,,,,,,,,,,,,,,,,,,,,,,,,,,,,,,,,,,,,,,347.7203171,298.5645358,268.3634563,213.0719986,305.9679664,300.3989005,320.9392304,225.7448713,263.4777287,302.2854092,284.5369287,309.0513847
Dominica,DMA,Trade (% of GDP),NE.TRD.GNFS.ZS,,,,,,,,,,,,,,,,,,,,,,,,,,,,,,,,,,,,,,,,,,,,,,,,,,,,,,,,,,,,,,,,,
Denmark,DNK,Trade (% of GDP),NE.TRD.GNFS.ZS,,,,,,,57.6554018,55.54582724,55.32776659,55.51080742,57.13473465,55.67303037,53.22502272,57.86335332,64.72700294,59.78209245,61.10650292,60.37063179,57.0932057,60.82472466,65.74827203,71.22565171,71.22614245,69.99503383,71.19327588,72.32523336,65.0410314,61.4826479,63.76226322,67.10278747,67.30457944,69.16847628,66.97970061,65.64358337,67.84321794,68.57331465,68.52648242,71.29017598,71.3454175,72.72885664,83.04208595,83.9226646,84.48459255,80.76130018,82.00773082,89.39879525,97.42986077,100.0476746,104.4703102,89.39485666,94.38772823,102.0129305,104.3622805,103.6128132,103.2108592,105.1303625,101.4527838,104.2156769,108.8139855,111.8914751,104.4334327,111.4140437,131.5431511,127.7685675,128.6430015
Dominican Republic,DOM,Trade (% of GDP),NE.TRD.GNFS.ZS,44.40811024,39.59637988,48.05242082,46.70493694,47.72816378,36.57245806,41.68106515,43.09045226,45.13020109,44.59162942,45.88269162,45.71554593,45.91965764,49.53495893,60.59158181,61.11392662,51.47061941,49.35199174,48.11278029,53.79393431,54.41492584,50.61522408,41.07497714,41.34118969,51.74349727,56.99711498,49.42608278,58.05647307,71.35252736,69.47267709,69.19841368,83.09106896,80.46480154,78.00289677,77.15790827,73.89795938,72.64249087,74.23323717,75.91130271,76.30275328,79.3003931,70.51056781,68.7232829,84.44950319,81.35142294,61.65355874,63.76648264,61.22925915,61.42850583,50.65093768,56.05739642,59.06925784,58.50625367,56.8137658,55.66010415,52.34712387,51.73065712,50.75953555,52.33517096,50.9129822,44.73316135,51.95002273,54.37819767,49.84361318,51.7835144
Algeria,DZA,Trade (% of GDP),NE.TRD.GNFS.ZS,106.1868043,113.7483279,40.61251936,61.5101972,54.52382126,48.43702191,50.63976952,45.06618609,47.32288896,51.8595349,51.22540181,46.10629668,46.17643028,57.09342653,74.23881924,76.65453541,70.17325688,72.32688423,65.70456889,64.01404929,64.67692316,65.46499364,59.92293127,53.74411736,53.17638369,50.32612063,36.02671057,32.68458447,38.11158728,47.15331971,48.38071368,52.71758671,49.18908424,44.92281337,48.58443779,55.19100521,53.70514788,52.24391151,45.09445056,50.92910934,62.85834364,54.52964912,56.58960528,57.7691353,61.35799757,66.84046022,65.91529197,67.54547339,71.02849225,64.28475472,63.49121599,62.22008996,60.75763933,59.15100816,56.92354197,53.20462259,49.76093279,49.82081617,52.43616768,46.50684261,40.38975656,46.83705926,51.20237574,43.6829142,
East Asia & Pacific (excluding high income),EAP,Trade (% of GDP),NE.TRD.GNFS.ZS,10.64704496,10.28723838,9.018656704,9.685972299,10.22760164,9.312952333,10.9385333,10.03286435,10.15559671,9.414034177,9.684413835,9.792518002,10.65401867,13.1911956,16.64411118,15.63454693,15.301195,15.18532582,20.35782529,22.63639012,27.31027343,29.42467448,25.36391154,24.39069651,24.87501165,25.86159612,24.98833991,29.94410149,34.92111374,31.99821654,32.252125,34.05312554,37.51238824,42.22279561,42.93063677,42.4859928,41.97412724,43.60826844,45.42898394,44.31802873,50.76789689,49.42681809,51.92051965,59.06166183,66.63549667,69.10001338,70.34046621,67.95684553,64.19053242,51.57311962,56.17017989,56.82939016,54.39139238,52.78668059,51.16376288,46.0538944,43.48429199,44.78966482,45.09227599,42.70200866,40.58699289,44.66653032,46.78453728,44.51368279,44.11982649
Early-demographic dividend,EAR,Trade (% of GDP),NE.TRD.GNFS.ZS,23.55882257,23.60963236,20.6182232,22.03962056,22.19742831,20.04848603,22.82236565,21.5949943,25.46784632,25.01857151,26.69732074,27.2820497,28.50090746,34.26356455,35.30627133,36.27947514,35.19640845,36.27612216,35.75771479,37.63007763,39.38500633,39.15299301,37.69408963,37.21388632,36.34962223,34.7166709,32.30213636,34.33793988,36.80918994,38.33518483,39.15505266,39.97897281,40.54352978,39.54158837,40.48932457,44.04235099,45.38303695,46.31470516,47.32811583,44.47411478,48.76905399,47.58895992,49.08996033,49.94059973,54.14366731,56.54341968,57.93668541,58.22617142,61.25163315,53.26227196,54.80834487,58.03168138,57.69096209,56.4022755,54.52704785,50.72758607,48.86580605,50.98531299,54.7208189,52.25459315,48.04035913,54.32081939,60.06236619,54.00192271,52.24619995
East Asia & Pacific,EAS,Trade (% of GDP),NE.TRD.GNFS.ZS,19.0643365,21.35296879,19.98484043,20.54738254,20.33943261,19.88964666,21.79088101,20.98500637,22.29949805,22.14166158,21.94175407,22.20843921,22.06950338,25.2934836,30.53194664,28.66793505,29.17121579,29.00553813,31.47091459,34.55108842,39.57072594,40.56501994,37.15434791,35.6271124,36.18822785,35.97171035,34.36577085,37.82570054,41.23843863,39.06200149,39.08395137,39.59939205,41.26320797,43.72697095,44.40576239,45.42294329,45.22195123,46.59742492,48.06202333,46.89971424,52.64764811,51.3433037,52.85536139,58.34585617,64.86624652,67.38267818,69.82203977,69.07856214,69.58193946,57.49613396,62.69926134,64.90993748,63.50147101,62.72824645,61.75861925,56.23959889,52.60656169,54.57099934,55.59540725,53.33410851,50.30266513,55.45142427,60.5212524,57.57412987,58.5703182
Europe & Central Asia (excluding high income),ECA,Trade (% of GDP),NE.TRD.GNFS.ZS,,,,,,,,,,,,,,,,,,,,,,,,,,,,,,,40.72108932,39.31253953,61.68701385,56.47519323,61.93060524,61.87183091,62.84724426,65.66177428,55.39608219,55.88708706,64.23594395,66.42119843,65.2501502,65.85183936,69.91005571,66.07202877,66.3908199,66.36460419,69.43815017,61.79685571,61.58168132,68.52019747,67.82802372,64.1957713,64.30376016,61.59296936,61.40727644,66.3473376,72.29749601,71.64853299,66.08660264,74.16096641,83.03180667,72.72406837,67.73188067
Europe & Central Asia,ECS,Trade (% of GDP),NE.TRD.GNFS.ZS,,,,,,,,,,,41.48344386,41.11743801,40.90744014,43.74681432,51.00360961,46.65277113,49.44415179,49.95682915,48.11411954,50.39717503,52.39539848,54.19892527,54.13924338,54.26190124,57.58075263,57.91196168,51.647394,50.98524909,51.71159235,53.27249413,52.07316921,50.72705601,58.72126524,54.39156097,55.33148084,57.27458914,57.60146761,60.70702874,61.25841335,62.90731893,69.16975419,68.20047177,66.02231956,65.09606229,67.46691995,69.84285272,73.35319772,74.04889762,75.72244332,67.34754739,73.55056764,78.09964921,78.88169215,78.43975524,78.25016975,78.66910454,78.29925023,81.13398829,83.30340049,83.15037112,77.02923616,83.30313238,93.55048785,86.65530318,83.68577579
Ecuador,ECU,Trade (% of GDP),NE.TRD.GNFS.ZS,19.91164663,19.10915839,21.03588915,19.19029713,19.04451206,19.27013828,21.60006919,22.13877914,24.96037301,20.60530271,22.45125356,27.27051473,27.95798974,34.53763474,41.4043701,35.40505004,34.01390427,34.44221024,33.29582882,36.07958177,35.02500959,29.91527369,32.41294559,30.87601734,33.05830053,35.7173094,33.11060448,37.73072285,42.66230148,45.11298119,44.59491229,45.19663998,44.80654365,43.17121842,43.7777475,45.91127073,44.21570268,45.01718632,43.39510795,49.2012508,65.40429538,56.12848674,54.79664394,52.3575427,56.07454672,61.95815079,65.84235562,68.85058545,74.59029636,57.34734606,65.77738491,70.03568375,67.00292909,63.43330033,61.42637662,47.82803971,40.5344918,43.61772332,48.00934762,48.08284949,43.98931094,53.26127561,61.88079282,56.99775356,57.20313955
"Egypt, Arab Rep.",EGY,Trade (% of GDP),NE.TRD.GNFS.ZS,41.69169853,37.3881932,34.57085095,41.34578413,43.27228327,37.26329729,36.8175684,35.93971911,29.26348956,29.98589772,30.6627936,31.02467636,30.08534653,31.6962722,51.66482811,53.71424264,45.08546371,52.9519239,53.83938259,69.46426306,73.38303756,74.45957743,64.20199501,57.14285714,52.53164557,46.11260054,36.05442177,35.33980583,52.5974026,50.12987013,52.92275574,62.84444444,59.30984903,55.92783505,50.62857143,50.24509804,46.94856146,43.73824746,41.927627,38.36150845,39.0179359,39.81042654,40.98706783,46.17964072,57.81990521,62.95264624,61.51853651,65.07787325,71.68062535,56.55344464,47.93635007,45.25563416,40.71176927,40.37303806,36.92018779,34.84594296,30.24654905,42.83213436,45.91101967,41.12401716,32.12625557,29.85697348,36.98310488,40.45040077,39.60075209
Euro area,EMU,Trade (% of GDP),NE.TRD.GNFS.ZS,,,,,,,,,,,39.32786435,39.05525966,39.24158898,41.34678444,48.13788646,44.32663556,46.95819021,47.09883435,46.06115126,48.91408091,51.3228121,53.93084694,53.6345426,53.34622539,56.40031346,56.86723255,50.07015851,49.52388217,50.76631434,53.63933178,53.11864267,53.34582191,52.40096498,50.62796843,53.224116,56.18880283,56.87476219,60.88886179,62.1238742,62.86652481,70.51185192,69.65818613,67.26784028,65.77623081,68.55795626,71.61399207,75.65588431,77.31959037,78.23115613,67.99460191,75.86402336,81.01508047,82.63216502,82.14542214,82.59332624,83.99692556,82.9496354,86.03889598,87.7150254,87.84152492,81.07525153,88.36782338,100.6067942,92.61792406,89.30667917
Eritrea,ERI,Trade (% of GDP),NE.TRD.GNFS.ZS,,,,,,,,,,,,,,,,,,,,,,,,,,,,,,,,,56.37718937,102.0600016,110.8817782,105.3226286,116.6175203,115.4147767,94.92756567,96.25923618,67.88136193,72.06271096,76.59016366,74.00782429,65.57090685,61.10603102,45.26084605,34.55955953,30.56095005,27.97214161,37.47146546,47.39379012,,,,,,,,,,,,,
Spain,ESP,Trade (% of GDP),NE.TRD.GNFS.ZS,,,,,,,,,,,25.85288423,25.92669657,27.21435382,28.14136146,31.73212939,29.11989994,30.11234415,29.19852655,27.75982261,27.87049407,31.59836943,35.42280675,36.57260581,39.81726297,41.59383484,40.91807926,35.392009,36.36480054,36.75814283,37.42855796,35.65290498,35.5206586,36.02077448,36.99516196,41.69588011,44.83062797,46.29775067,51.22713986,52.73031307,54.69691319,60.1216241,58.01388956,55.10214153,53.43578972,54.47951827,54.6991667,56.08392638,57.62694877,55.82813152,46.83669,52.69336997,58.51182289,60.5540347,61.66877264,63.39926214,63.58204122,63.18867785,66.16744614,67.0094104,66.36622504,59.44612801,66.52458894,78.62756246,72.19172889,70.30504006
Estonia,EST,Trade (% of GDP),NE.TRD.GNFS.ZS,,,,,,,,,,,,,,,,,,,,,,,,,,,,,,,,,,132.1263727,148.1430694,139.0874737,132.9774428,151.0513444,156.8382358,144.1164536,126.4956264,126.5466401,123.2823454,122.7447728,129.9495001,135.9127921,136.6207377,133.9808292,136.6819882,116.7590799,143.6717623,166.7460724,169.1560678,164.6016322,157.9539448,148.5071571,147.7462327,144.6356509,143.4852249,140.352148,137.3926413,160.3946816,174.5639942,154.8592446,151.9800559
Ethiopia,ETH,Trade (% of GDP),NE.TRD.GNFS.ZS,,,,,,,,,,,,,,,,,,,,,,,,,,,,,,,,,,,,,,,,,,,,,,,,,,,,48.23293541,45.39790418,41.47178708,40.74108415,39.65612414,34.89902108,31.10364949,31.19936898,28.81529393,24.00611434,24.34505746,26.5954997,20.59820151,17.31478928
European Union,EUU,Trade (% of GDP),NE.TRD.GNFS.ZS,,,,,,,,,,,39.99699798,39.65801582,39.74427437,42.02553546,49.03688424,45.02159082,47.52595893,47.61792487,46.52845986,49.52874078,51.94484293,54.51455167,54.43708693,54.31860223,57.19622697,57.68065217,50.93209637,50.3527915,51.58191874,54.37530342,53.64146801,53.84419261,53.40227348,51.82958297,54.45504284,57.06683749,57.81810097,61.92234082,63.24766257,64.02974552,71.57051519,70.72995227,68.43614702,67.3581907,70.39686286,73.55209177,77.98393853,79.79702443,80.78151964,70.50006671,78.27301327,83.46064476,85.07475551,84.61636983,85.33795095,86.56692882,85.61298462,88.62040263,90.33876077,90.42591649,83.69150306,91.09469084,103.6342822,95.63745992,92.15428338
Fragile and conflict affected situations,FCS,Trade (% of GDP),NE.TRD.GNFS.ZS,,,,,,,,,,,,,,,,,,,,,,,,,,,,,,,,,,,,,,,,,,,,,,,,,,,,,,,,,,,,,,,,,
Finland,FIN,Trade (% of GDP),NE.TRD.GNFS.ZS,,,,,,,,,,,49.41696843,47.43821827,47.78607296,48.503408,55.20999143,50.3280867,49.26369186,52.38531331,52.62124741,58.10835141,62.94117647,61.60636872,57.59020378,57.43883023,56.61839003,55.32674968,49.99680899,49.49478536,48.16644722,47.88299408,45.83901324,43.48141245,50.23942632,58.23151501,62.49917261,64.13553538,65.79032527,68.24780615,66.99105712,66.25449215,74.92557887,70.28413766,69.32093775,68.07150296,70.9678029,76.58897404,82.00056693,82.86316082,86.18965988,70.12793353,75.46120852,78.71594445,79.43037659,77.48517177,74.62777198,71.96182538,71.72221012,75.93878223,79.14361484,80.56415029,72.1845956,79.78927819,94.56253405,85.87736727,82.45762865
Fiji,FJI,Trade (% of GDP),NE.TRD.GNFS.ZS,,,,,,,,,,,,,,,,,,,,,100.4669004,100.4732955,92.86078678,92.64576321,86.72469223,89.04588271,81.13840049,87.37373737,107.6719577,123.0249008,129.5,117.8158668,106.7905523,111.7819623,115.8430287,114.1434191,121.7260311,119.6977731,119.3697671,122.8022338,135.8956415,129.9973418,126.0525791,128.9759699,125.1219876,117.7400794,118.0483317,110.3895149,130.997848,108.8691174,121.2279034,124.4761256,125.2857917,126.3483867,110.8123061,101.189049,97.17449058,97.02166253,103.2354199,107.4114641,72.34357578,81.7252086,117.5065596,126.1791784,
France,FRA,Trade (% of GDP),NE.TRD.GNFS.ZS,27.93692622,27.44154576,25.80380086,25.8150669,26.64204582,26.56090254,27.16104964,27.09089725,27.45703852,29.61417762,32.12324871,32.74521119,33.2677651,35.26220283,43.46344862,37.74593673,40.71879895,41.72174588,41.11885636,42.6375432,45.24269041,47.34637502,47.14303373,46.98444516,49.40169569,48.88387988,42.50391014,42.02349515,43.22462237,46.00511587,44.58628695,44.95370016,43.96335449,41.72561631,43.75134915,45.43166169,46.11248016,49.80345347,51.4214328,51.67066146,57.78604703,56.89323286,55.13252485,52.59888229,53.74976483,55.82283612,57.86927753,58.15256113,59.17979284,52.1991123,56.58755525,60.60563548,61.65895708,61.81923387,62.19926694,63.5046872,63.34275644,65.39584816,66.80226078,66.42897717,58.83889072,63.78848263,75.79014361,70.55955479,67.22297076
Faroe Islands,FRO,Trade (% of GDP),NE.TRD.GNFS.ZS,,,98.69180454,86.09505459,82.27170237,87.45940545,76.23651079,78.96678967,74.75966455,79.25066565,75.25902669,78.78787879,78.11407211,90.59872873,93.61294088,85.34476161,86.90519878,84.90349155,80.25889968,79.49489385,81.29273735,83.45846154,79.25945946,84.56404494,99.71668178,93.91822478,87.99784715,93.13984169,85.85889571,79.8870411,78.87655567,81.65405777,84.86113632,72.69963518,75.75631993,75.7029703,98.76263506,97.6325604,91.60981804,100.4919283,110.5453534,104.9033314,98.62315601,108.2593008,93.41443115,100.9608642,97.39471776,99.5067895,103.4962225,96.86080803,97.18396852,105.8464535,117.1585049,114.0622828,106.1425392,105.6106716,104.552703,107.2384002,106.8741681,108.623705,96.22419375,104.473032,124.535531,114.3378788,
"Micronesia, Fed. Sts.",FSM,Trade (% of GDP),NE.TRD.GNFS.ZS,,,,,,,,,,,,,,,,,,,,,,,,111.044594,,,,,,,,,,,,91.49147039,102.0769242,106.1682855,101.2554763,94.73895081,90.58883243,95.73205727,89.81441316,94.79352605,93.71763599,92.51955495,95.32242994,98.67244162,109.2894757,108.7878178,105.8136531,106.9046224,111.3589145,113.2613463,105.8599711,105.2964723,102.8846769,103.181727,103.4067857,95.84939086,85.30981634,87.24811065,87.70132269,98.31980169,96.60071144
Gabon,GAB,Trade (% of GDP),NE.TRD.GNFS.ZS,66.79819618,62.87450501,62.48265715,92.49665716,77.84335145,80.54054054,79.30463234,96.10781437,97.6679979,108.7063246,87.70947761,118.6488107,145.345318,116.5114587,100.8071025,97.42647059,91.68404951,102.8542451,108.6795252,95.88892336,96.35036496,104.0590758,101.2616705,104.8672909,99.29314998,119.8533822,89.89564775,87.91442761,78.52202075,86.99363534,76.89744539,80.53493855,79.86884209,83.34303654,99.9266868,95.13469619,95.67090085,98.53626451,95.97478261,97.73145246,101.7019289,83.63861324,84.75908154,80.30260821,81.76753714,83.94959984,88.64940926,85.13247916,88.99887259,83.50457742,89.15766272,90.49837733,92.34280894,90.63503615,73.52032902,73.94978146,70.13338106,75.06874045,77.0365977,73.42808945,70.11405465,85.34831221,92.06308885,90.99323363,94.48025389
United Kingdom,GBR,Trade (% of GDP),NE.TRD.GNFS.ZS,,,,,,,,,,,42.98926741,42.63530726,41.56943163,47.43042217,58.72049942,52.74008364,57.40079258,58.91065338,54.96584895,54.64164395,51.29234009,49.37376368,49.59619591,50.79554367,55.38891182,54.93166392,50.51014304,49.87741647,47.34374237,48.6599719,48.23294119,45.29980693,46.28974605,49.73079335,51.86795702,50.99577975,52.24380847,50.97340585,49.33645535,49.6314395,52.5217306,52.82161351,51.37963421,50.23952305,50.45171124,52.68071684,56.91442748,52.96435344,56.69860693,55.00438403,59.27277497,63.56540097,62.22598273,61.99911191,59.09480412,57.20354969,59.70039841,63.12165003,64.54264825,64.66513364,58.7811376,58.58453662,68.88053014,65.03233826,62.4075014
Georgia,GEO,Trade (% of GDP),NE.TRD.GNFS.ZS,,,,,,,,,,,,,,,,,,,,,,,,,,,,82.295843,88.60414395,87.78040964,85.52719498,59.16230366,101.9436997,118.6388891,166.9026155,67.82867881,45.69654905,57.75306593,53.56666932,57.15187433,62.66139564,63.32992508,71.62912554,77.63337654,79.04074591,84.52959754,89.12537437,88.39341407,86.29822437,78.19303903,81.67338706,85.46593509,89.73488009,93.81391379,94.95069794,97.01631151,94.92625284,102.5842777,109.8477406,117.8100802,92.89108418,101.6009075,114.6954377,107.1511792,104.3353881
Ghana,GHA,Trade (% of GDP),NE.TRD.GNFS.ZS,63.63636364,62.58064516,52.68490375,48.63636364,43.77022654,43.86084584,34.25559947,37.36702128,41.17647059,40.07996002,44.04603807,36,35.91474245,37.84632962,40.12875536,37.80049214,31.74992338,22.04604497,18.04536358,22.39387712,17.62111453,10.07903506,6.320343316,11.54489834,18.81461112,24.2438376,36.71168749,45.84812332,42.24549941,41.08589105,42.72817813,42.48834926,45.99359586,56.66912012,62.02115274,57.42309429,72.20494413,85.40183797,80.59954325,81.70510403,116.0484302,110.0458542,97.48924317,97.28714571,99.67033435,98.17151411,64.51905424,65.35432229,69.51422561,71.59473853,75.37781579,86.29545385,93.16803513,60.7593219,63.83656244,76.52127092,67.87699944,70.54836529,67.95851746,76.82480273,66.57549872,62.70783091,70.1154558,64.38786153,69.35264917
Gibraltar,GIB,Trade (% of GDP),NE.TRD.GNFS.ZS,,,,,,,,,,,,,,,,,,,,,,,,,,,,,,,,,,,,,,,,,,,,,,,,,,,,,,,,,,,,,,,,,
Guinea,GIN,Trade (% of GDP),NE.TRD.GNFS.ZS,,,,,,,,,,,,,,,,,,,,,,,,,,,40.57702725,42.75166611,39.74224318,41.75340827,44.248103,41.77871157,34.94190599,37.44824351,33.3418125,31.30442917,29.86142453,29.08978749,33.06462363,32.69589941,36.67969549,40.18787814,38.02840327,35.07512699,34.59509592,47.93770039,69.38629371,71.12103223,64.18424339,69.81534542,73.54657393,85.95467327,86.67433183,80.42644772,76.7719659,72.44273075,111.8394674,101.2516338,88.98411154,78.41531323,115.7652595,115.1955328,94.16527269,95.82952676,100.0932025
"Gambia, The",GMB,Trade (% of GDP),NE.TRD.GNFS.ZS,,,,,,,79.74794174,87.71131855,90.98379009,91.48459086,78.70041303,69.54855895,74.52880068,77.48375,82.68852959,88.32316927,87.41173912,84.25261827,93.56919643,98.21476968,106.3346846,110.718123,103.972547,112.970541,115.9141284,97.78146652,102.722472,108.704991,108.819,120.3374042,131.4854153,64.10294689,67.44308365,64.62992213,49.91607894,59.27679803,50.95439438,48.3174981,53.87096227,52.41329752,56.35981989,46.92926319,59.64295092,68.85879303,49.93429956,50.0187234,50.37446858,44.29384447,39.08909946,41.77739443,41.01251503,42.63970205,47.70067311,45.46191936,58.25793078,44.52237308,38.11408796,55.73357961,64.812464,55.99791162,47.39552017,42.0979828,44.72192155,42.43600251,43.73883735
Guinea-Bissau,GNB,Trade (% of GDP),NE.TRD.GNFS.ZS,,,,,,,,,,,34.18858865,38.47006955,39.98572782,46.78631892,44.26679378,31.13162019,33.20791824,41.90650727,43.78779451,48.79865969,54.52945327,46.91171723,49.12543136,38.26287152,64.68262288,67.46752467,37.07032414,50.32315394,63.60909024,55.08023526,46.97050272,47.77360988,55.01437568,41.58630065,50.76377899,46.81043289,42.36017147,69.49035464,43.50099731,49.09948923,52.73734612,47.58321728,39.67606356,38.03347093,43.19213163,45.78423155,48.76050339,46.24452847,45.13888937,43.59574741,43.51458764,48.61746021,44.12806656,39.95746178,46.86965831,54.37037559,54.30067305,56.91374759,55.01958904,50.17798671,43.43044813,45.51078469,46.27085662,41.61106435,40.66132172
Equatorial Guinea,GNQ,Trade (% of GDP),NE.TRD.GNFS.ZS,,,,,,,,,,,,,,,,,,,,,,,,,,,,,,,,,,,,,,,,,,,,,,131.0244718,118.5327824,134.0837899,128.6880066,122.2120771,144.668225,114.3773466,116.6754225,106.8932849,104.3791987,98.87805917,92.60073072,102.4282583,103.6456816,94.87879243,77.92788464,76.9666486,81.81301614,61.44328152,60.5414511
Greece,GRC,Trade (% of GDP),NE.TRD.GNFS.ZS,23.84035752,22.99132639,22.47342453,23.68485838,23.6523337,23.94576554,24.2945973,23.56645423,22.96704024,22.62760404,22.45739003,22.66834621,24.62112474,30.86463462,34.55354752,34.40316802,33.97357413,33.76281682,32.28801903,34.64205697,43.4793555,46.0059446,40.77850287,40.1030046,39.84929223,39.33495017,41.56427828,41.26012646,38.5985549,39.70769134,39.03573063,37.54151859,37.7870756,36.03303017,35.22023023,36.12563534,36.82092926,39.43854865,42.48989596,48.17603703,59.11265775,56.85763396,50.05333719,47.89431216,49.82531767,50.35553344,51.10474658,54.52568182,57.10528363,46.3779594,50.92251731,56.29299629,62.39427898,62.95474631,66.43356826,65.27180114,63.65766259,70.88260667,79.23816361,80.59010089,70.29378645,88.01266274,107.6792079,92.15629003,89.31658945
Grenada,GRD,Trade (% of GDP),NE.TRD.GNFS.ZS,,,,,,,,,,,,,,,,,,,,,,,,,,,,,,,,,,,,,,,,,,,,,,,,,,,,,,,,,,,,,,,,,
Greenland,GRL,Trade (% of GDP),NE.TRD.GNFS.ZS,,,,,,,,,,,,,,,,,,,,,,,,,,,,,,,,,,,,,,,,,,,,87.29719728,88.15243573,99.70792655,89.69385624,94.96705396,107.3732213,85.75736574,110.4723682,130.5479424,100.9784011,95.91166816,87.08858379,83.10138101,85.83767292,84.20725587,89.77669063,92.19075156,82.65950289,83.68385723,93.36513288,91.89009944,
Guatemala,GTM,Trade (% of GDP),NE.TRD.GNFS.ZS,27.1751655,25.4481309,25.20986359,30.21856193,33.47702513,36.39777951,38.07435105,35.72067423,35.15057436,35.23376677,36.34978992,35.98347441,37.44348736,41.086718,48.07211919,45.25631531,49.15584042,50.7125262,48.73818078,47.19960458,47.10548695,40.69125737,33.47481818,27.546959,28.1531148,24.93224559,30.64401925,38.14296343,38.03991399,39.78154615,45.86948547,39.52025622,45.36224907,43.77892815,42.3708927,44.68943034,40.39295296,41.55195116,44.42373996,46.36050685,49.1455879,70.66903318,67.10481152,67.00233919,70.21487236,67.10369961,67.91192374,69.00136431,65.17873052,58.04068697,63.12519257,65.04705104,61.95941934,56.68522126,55.08327931,49.89345327,46.37273791,46.06942051,47.01168207,45.51674275,41.14076165,49.26115095,54.43104147,48.29706892,47.34419471
Guam,GUM,Trade (% of GDP),NE.TRD.GNFS.ZS,,,,,,,,,,,,,,,,,,,,,,,,,,,,,,,,,,,,,,,,,,,68.88626989,64.023536,68.00206772,66.43721813,72.77017461,79.46327041,78.27393731,72.01739851,72.0347545,77.78892456,76.75213675,79.5332469,78.3600713,71.33988619,70.41179461,69.26658906,72.96314659,78.06451613,63.67478026,61.83830606,71.86685962,,
Guyana,GUY,Trade (% of GDP),NE.TRD.GNFS.ZS,105.688828,105.0533584,101.5260323,109.0607368,110.6319257,112.9103448,115.149177,117.234893,113.3841132,114.6811071,113.4615385,113.1005141,116.2356082,121.0763027,134.7648476,149.7852632,157.0812428,141.9756379,126.1812732,129.0325013,174.9270491,161.2335793,122.8630705,110.4564033,95.52013857,109.9692308,99.51613362,170.3309246,131.5611438,139.8741659,142.5662308,222.6090897,274.9731159,245.3694388,222.0678427,213.3271704,211.3375325,209.1366716,203.8424315,201.0593148,206.7673705,199.5770007,196.7250784,189.1624856,200.7252869,194.3507573,,,,,,,,,,,,,,,,,,,
High income,HIC,Trade (% of GDP),NE.TRD.GNFS.ZS,,,,,,,,,,,30.82821578,30.73995882,30.74970142,34.09666932,39.14977084,36.91391632,38.22585251,38.73743095,38.2588541,40.55312786,43.07379817,43.379655,41.6928511,40.81205926,42.54359133,41.81500933,39.02977733,39.37013483,40.15982617,41.21738966,40.98436218,40.34509645,42.97357871,41.27303024,42.20333506,44.51564189,44.80494336,46.60035506,47.13138762,47.85162679,52.08858492,50.70424739,49.53457719,49.82420193,52.54188935,54.7400359,57.51056789,58.61779172,61.1970018,53.35405446,58.30651329,62.04766939,62.39326662,62.02575668,61.91994614,60.16566548,58.45094906,60.29005933,61.5078903,60.63947693,56.06686828,60.60853718,67.40050567,63.09227406,61.442356
"Hong Kong SAR, China",HKG,Trade (% of GDP),NE.TRD.GNFS.ZS,,173.6820926,165.0051802,153.2751511,153.5077389,141.0879381,155.3493908,156.6009693,175.0438517,181.1133405,178.6722064,174.5099509,160.8325831,164.5292424,168.4758679,161.2071225,168.2041295,160.1904918,170.1545779,177.9707341,178.0070882,182.5847746,169.1732354,186.3292234,199.9114477,197.8002934,200.3073083,215.1272893,231.3403823,225.1955986,226.0002403,231.865134,240.1328163,233.9691303,237.4279971,256.8982651,244.8537644,233.4402946,221.1332845,220.2723131,247.6540204,240.8489776,255.9964574,292.4546559,326.8410546,342.6892095,359.2086612,362.1494636,376.6568062,348.3975543,404.7705609,421.8547066,430.5685304,442.6200191,425.9758717,389.4059493,371.7272318,376.7956667,376.8927735,353.7435211,350.679705,402.4596815,384.8811432,352.9858483,359.4021768
Honduras,HND,Trade (% of GDP),NE.TRD.GNFS.ZS,44.42127216,44.24480629,44.56479691,46.80643588,47.22100656,54.0843409,58.69624511,59.07038957,62.02844774,58.84730098,62.01936376,60.19151847,57.47198365,65.31507207,76.22039633,70.37366548,71.88427566,74.09404834,70.89331597,74.6979949,78.39572748,72.11479327,55.3102231,56.66680719,58.23759584,56.53454503,54.70311779,48.71956822,55.24530876,63.77734106,71.00806828,74.6467338,76.25625026,84.35248244,100.3178253,102.4488824,115.4508476,118.848359,122.0504682,120.1260891,120.3921646,115.9430717,117.9974545,122.2482772,135.4617587,136.489768,133.1318351,135.0706349,135.7489552,96.90500602,109.4418382,122.2169026,121.1882158,116.3060492,112.9750973,107.2644054,99.81571695,101.8131111,103.5511622,99.45997799,88.00085638,103.3726435,112.6985249,98.79197983,91.11015859
Heavily indebted poor countries (HIPC),HPC,Trade (% of GDP),NE.TRD.GNFS.ZS,,,,,,,,,,,,,,,,,,,,,,,,,,,,,41.94054879,43.81925521,42.06995593,42.35248598,44.31080425,44.63628617,51.50627981,52.43484734,52.14912044,51.12479851,52.06068919,50.58083524,53.67789339,53.01266528,55.06842061,55.96591233,58.28316766,60.02150524,57.22190655,61.38036165,63.34454273,57.11324705,61.80519565,63.46004586,63.33626291,59.96479654,58.76888762,56.16474116,52.69523163,53.30965814,54.25360801,53.42119503,47.5954343,51.86389751,56.87471245,53.02911622,51.71348855
Croatia,HRV,Trade (% of GDP),NE.TRD.GNFS.ZS,,,,,,,,,,,,,,,,,,,,,,,,,,,,,,,,,,,,62.80426535,67.05425059,74.8841745,64.98432966,66.26377437,74.60168547,79.4405856,81.1609978,81.44325144,81.64441266,81.49233557,83.50587932,83.25147672,82.07198145,69.69524392,72.63865686,77.76573869,79.00226696,80.91051737,85.20917695,90.6409411,92.13078909,97.2213314,99.06781797,101.3820133,89.5334538,102.3084308,125.2138576,107.7009194,102.7162187
Haiti,HTI,Trade (% of GDP),NE.TRD.GNFS.ZS,,,,,,,,,,,,,,,,,,,,,,,,,,,,,48.77835906,40.56313257,46.41485432,39.80749018,32.53768844,48.75226664,31.13363998,37.84781906,40.22337985,36.89404881,36.5207867,41.94847951,27.15352206,27.56993302,24.93967848,37.19734344,33.78097035,34.9651045,37.05707041,34.28254896,36.14503815,33.09649982,44.72152413,44.1635704,40.2582415,40.33250976,42.35152591,41.94573812,41.41090222,42.07454779,45.1385763,44.56871878,37.41388013,37.16540177,36.52955028,30.7854237,22.24788537
Hungary,HUN,Trade (% of GDP),NE.TRD.GNFS.ZS,,,,,,,,,,,,,,,,,,,,,,,,,,,,,,,,58.20526416,55.2935236,53.41353607,56.30599459,78.17589159,83.02198064,94.68791015,107.3193351,113.8695328,137.2623131,130.9037142,118.2693352,116.7870885,123.6156861,128.0048106,149.2315316,155.6014324,158.4532241,145.3058773,157.8389601,166.7543472,166.1756986,164.4760248,168.3583551,167.2907385,163.9719445,165.0328558,162.7008588,159.9255565,154.2954988,158.7297828,183.8080141,157.106776,143.777511
IBRD only,IBD,Trade (% of GDP),NE.TRD.GNFS.ZS,15.58390958,15.23608477,13.56321164,14.94559398,14.48842239,13.79570062,14.89835424,14.14886306,14.24812208,13.85199767,14.6234543,14.89620486,15.55270455,17.85681161,22.16863153,21.42133945,20.98434691,21.04972269,23.34041375,25.29467633,28.78661192,29.80153206,27.08893293,26.38223817,26.9350962,27.09802463,25.43078813,28.72309583,32.8228569,32.40889662,32.46280893,32.70648571,41.81131155,40.68630869,40.22541669,41.14908677,40.70411448,42.60228029,43.56913073,44.36700669,48.77303691,47.70175359,50.08423473,54.47731543,59.37668624,60.98154787,61.85789991,60.62042611,60.33839292,50.61721676,53.85934944,55.5217083,54.30030547,52.98988207,51.64287643,48.33513733,46.55018228,47.97029536,50.16254606,48.07998817,45.65722851,51.0446269,54.15897916,49.74728637,48.78591813
IDA & IBRD total,IBT,Trade (% of GDP),NE.TRD.GNFS.ZS,16.58691298,16.08488702,14.45550191,15.81941707,15.40314823,14.79221867,15.7619495,15.04287256,15.1363585,14.72503677,15.55796747,15.77115948,16.34757148,18.71590843,23.03730923,22.26391903,21.88459929,21.91880397,24.14418229,26.11952722,29.63625155,30.48556976,27.75472465,27.06353919,27.56355847,27.72502433,26.03070007,29.17119906,33.12001378,32.75925698,32.82043929,33.09094694,41.87929045,40.9337849,40.66374014,41.67561361,41.21445509,43.04156248,43.88364129,44.59866152,48.8585693,47.86162058,50.13351384,54.35421251,59.10974555,60.67819182,61.50870224,60.42475291,60.28356259,50.71697108,53.84060643,55.5537386,54.33638674,52.98436793,51.62821593,48.32583681,46.47048139,47.89654046,50.12291186,48.12478884,45.56224374,50.85868549,54.02466464,49.70013864,48.6121544
IDA total,IDA,Trade (% of GDP),NE.TRD.GNFS.ZS,32.18748589,,,,,,,,,,,,,,,,,,,,,,,,,,,,,,,,,,,,,,,,,,,,,,,,,,,,,,,48.15623211,45.017052,46.53900713,49.39340449,48.94939026,43.8396849,47.48661837,51.56907685,48.83435224,
IDA blend,IDB,Trade (% of GDP),NE.TRD.GNFS.ZS,29.95369334,,,,,,,,,,,,,,,,,,,,,,,,,,,,,,,,,,,,,,,,,,,,,,,,,,,,,,,,,,,,,,,,
Indonesia,IDN,Trade (% of GDP),NE.TRD.GNFS.ZS,24.09021015,24.67560094,10.56100667,18.41810022,25.31716549,11.01223113,34.85280152,25.64284029,26.44632041,23.8410596,28.68263473,31.0620915,35.41191937,39.53416057,50.41837878,44.52125766,43.00658835,43.57019994,42.71476304,53.65553592,52.65404648,53.17730024,48.67622743,56.55923666,50.11061998,44.71837231,41.00953817,46.97424788,47.25456142,49.08188369,52.89186144,54.83956488,57.42743411,50.52338589,51.87710105,53.95859006,52.26474366,55.99385881,96.18619236,62.94391286,71.43687592,69.79320753,59.07946177,53.61649375,59.76129484,63.98793587,56.65712681,54.82924998,58.56139963,45.51212137,46.70127388,50.18001318,49.5828983,48.63737268,48.08017559,41.93764024,37.4213418,39.35549707,43.07430896,37.62777754,32.9721754,40.20475827,45.4646702,41.33628687,42.5726473
IDA only,IDX,Trade (% of GDP),NE.TRD.GNFS.ZS,,,,,,,,,,,,,,,,,,,,,,,,,,,,,,,37.18125518,38.50305978,40.9385318,44.18732147,48.08545436,51.6812443,51.62809609,51.19191505,50.82107075,51.18243872,54.91026025,53.50114885,53.58122739,53.58357773,55.70091309,57.84284321,56.92987028,59.60913856,61.30939007,54.49000018,57.54986042,60.86688572,60.99282675,59.07391009,57.76248316,54.00517722,50.60655249,51.97974084,53.94439838,53.04301718,47.8900223,52.39103444,55.31755867,52.55096479,49.06957061
Isle of Man,IMN,Trade (% of GDP),NE.TRD.GNFS.ZS,,,,,,,,,,,,,,,,,,,,,,,,,,,,,,,,,,,,,,,,,,,,,,,,,,,,,,,,,,,,,,,,,
India,IND,Trade (% of GDP),NE.TRD.GNFS.ZS,11.29683311,10.26116259,10.20079018,10.18733784,9.41054892,8.51903437,10.81423751,9.981062668,8.981744476,7.744776643,7.661769338,7.669606558,7.736399597,8.932096019,10.85189025,12.29397821,12.80120307,12.64810114,12.90301184,14.91880453,15.38457685,14.50726476,14.12592775,13.69059389,14.00937594,12.90003619,12.2192719,12.58481404,13.49045012,15.16813209,15.50626151,16.98772655,18.43309904,19.65153979,20.07814438,22.86744871,21.92948787,22.61938687,23.69947008,24.81559804,26.90092291,25.99325475,29.50866294,30.59243613,37.50381406,42.00166961,45.7244805,45.68626868,53.36822044,46.27286964,49.2552065,55.62388001,55.79372173,53.84413195,48.92218575,41.92291387,40.08248571,40.74249695,43.61696933,39.90540353,37.75810533,45.42308878,50.07527015,44.99284229,44.67109264
Not classified,INX,Trade (% of GDP),NE.TRD.GNFS.ZS,,,,,,,,,,,,,,,,,,,,,,,,,,,,,,,,,,,,,,,,,,,,,,,,,,,,,,,,,,,,,,,,,
Ireland,IRL,Trade (% of GDP),NE.TRD.GNFS.ZS,,,,,,,,,,,74.42604456,72.2038427,67.62917242,75.23564201,90.67668349,83.0466965,91.23844465,97.99985759,99.712193,105.299158,102.303118,100.9745864,93.96965799,97.73648279,108.3054684,107.7613703,97.12548445,100.7442181,105.218432,112.4653365,105.0294471,106.4402316,109.54547,116.6027023,126.4889241,136.1031499,138.8681624,142.2694969,157.7724167,159.871033,174.9545559,174.8407324,163.7193544,146.5315008,146.5875258,148.1755848,150.0218047,153.3968638,160.0394442,173.5914933,189.8638377,186.0258452,190.0633179,189.8178618,201.6549599,216.2056773,229.7644331,225.9536026,216.4236477,249.7457657,250.1084523,224.4188359,232.1294906,237.2158813,252.9629253
"Iran, Islamic Rep.",IRN,Trade (% of GDP),NE.TRD.GNFS.ZS,31.23754167,29.59524352,28.17599996,27.79091328,32.72864981,32.62603557,33.90697887,36.95543839,37.99193979,39.07814317,39.66701455,44.42802951,44.45344987,54.09788692,71.40468811,76.11562343,65.43508113,59.88807836,45.69456564,42.80582678,42.48267387,40.31310614,38.06351688,38.73011352,27.93413761,23.17239114,14.1448539,17.88485314,21.58397884,27.93502571,37.0805677,44.19417165,40.39792725,46.04086432,41.6091364,35.14424492,35.22129916,32.64955811,29.22821965,34.88541413,41.25724746,40.53556648,48.17268655,50.67910577,51.31385733,54.44049526,53.16735871,49.88730692,48.22940277,43.69958022,43.77064374,41.21941479,44.08934668,47.08671792,45.35142014,39.42258866,40.38784692,44.74487077,58.56508972,50.75433435,43.81016469,44.37383405,51.59750681,52.18017585,49.71489401
Iraq,IRQ,Trade (% of GDP),NE.TRD.GNFS.ZS,,,,,,,,,,,57.52197286,66.64959016,58.40817817,70.93621399,92.6137199,94.90224694,93.28247187,97.03151139,88.32692034,93.61702128,95.04968074,93.91199358,92.78944843,57.55249188,55.32784914,54.96143034,42.93884794,49.34943182,42.49956258,44.83508837,15.12628182,3.79114097,1.921145633,0.544696684,0.099582362,0.020999232,0.026888483,106.1881699,132.2431605,138.3146012,125.3365956,126.780256,119.7620477,154.2345253,120.2339771,115.7425403,89.65051986,74.09285311,81.05554327,78.68737882,73.49747962,72.17132822,73.60868459,67.41001841,68.98248686,69.5917686,54.58832019,59.78091239,65.80179177,68.98993842,57.7423164,61.50326831,68.75879409,69.4613208,74.73642331
Iceland,ISL,Trade (% of GDP),NE.TRD.GNFS.ZS,,,,,,,,,,,87.06925566,80.23027325,70.86712987,72.19943931,71.57748147,73.9474844,67.78460708,65.73404474,69.14315696,73.73479458,70.03453248,69.77306787,68.16916776,76.1890493,75.05335423,79.26055829,72.34371816,68.67966922,63.5628612,63.94669618,65.11085056,62.99798963,59.87939986,61.5581733,65.5008784,66.54822352,71.10515499,70.60578583,71.88266314,69.43004156,71.13900777,74.73465562,69.43201129,68.19921175,70.43190206,72.45061537,77.5361532,74.67091356,82.6880267,89.39474321,93.64639818,101.4087017,104.0854755,98.7895236,96.66559189,95.81820791,88.33302364,86.97894698,88.63690696,82.86274578,67.97507563,76.65276763,92.07719113,86.7298839,84.32187128
Israel,ISR,Trade (% of GDP),NE.TRD.GNFS.ZS,,,,,,,,,,,58.28046447,58.98580711,55.94977292,64.71289179,61.21668024,66.56644066,67.33212986,70.449251,85.97912595,79.21187577,79.97479348,79.33434594,69.26552547,63.56193252,70.27627994,75.66827693,66.30793435,69.0354939,60.25184676,62.8993142,60.8974222,55.71808119,54.90725155,60.01407044,59.78775968,59.38940717,58.13113577,57.56744526,56.90446668,64.73958563,68.34685904,62.13958476,65.47110541,66.88175037,74.97319953,78.32426138,78.43528897,78.8371063,75.38092231,61.67564796,65.63307987,68.90943785,69.96502508,64.13405113,61.71335412,58.89797192,57.79903169,56.28011425,58.74375424,56.32534864,51.23667379,54.9016842,60.64485267,57.99032071,54.4520003
Italy,ITA,Trade (% of GDP),NE.TRD.GNFS.ZS,,,,,,,,,,,30.02963364,30.32619352,31.74963157,33.98633503,40.70906874,37.31444543,41.09743075,41.71341604,41.17329193,43.60990724,42.87384085,45.17791208,43.40824199,40.09727776,42.33808671,42.539111,36.0801894,35.48083251,35.03036369,36.96756661,36.23822767,33.80053396,34.83342762,37.67240196,40.36200261,45.57950266,42.80204905,44.4771652,44.99787427,44.52984023,50.27473115,49.86327232,47.87131868,45.99408598,47.26639239,49.12217423,52.92354296,54.82804156,54.2142549,45.14147657,51.66211181,54.47221494,54.88449527,54.03418463,54.45452993,55.43568581,54.4321467,57.58299403,59.27498351,58.69419026,53.9394839,60.30197762,72.0165023,65.64086347,63.17608906
Jamaica,JAM,Trade (% of GDP),NE.TRD.GNFS.ZS,71.29296166,68.29472018,67.93863407,68.20501097,72.43504912,70.1468894,73.32141945,72.853019,78.90832595,80.21557369,70.64753722,74.75826575,73.84476409,72.67864411,81.58114116,80.87602218,66.93740049,58.14914051,77.8830182,100.4392831,102.1076407,102.9960994,86.68336532,78.72361467,117.1886535,121.5550355,94.72950844,92.86922788,91.41747235,96.01028042,99.94017194,101.5987888,125.4943267,82.84213318,111.4066839,107.6518075,97.72424196,88.98483183,84.47498537,84.23174689,89.51300605,84.8277346,81.84675543,88.15063084,89.31810407,90.48789334,100.7455988,101.2444221,113.5774038,86.88512433,80.92040032,83.82182023,82.04007835,83.25957198,84.74099862,76.11752166,76.45520237,83.52317252,89.97790604,90.11060763,,,,,
Jordan,JOR,Trade (% of GDP),NE.TRD.GNFS.ZS,,,,,,,,,,,,,,,,,112.1650212,116.0341831,113.2905822,121.4656489,125.6931925,142.1855585,134.8948549,117.1386992,118.6259622,115.9139348,81.83887525,90.78147549,108.1247872,130.4473304,149.4476839,137.2616633,131.6446986,130.4852332,118.3361761,124.5826882,131.0591233,120.7371129,109.0524029,104.4703736,110.3289046,109.2854786,114.0388578,115.7068353,134.6216119,146.9088913,141.7473818,145.9942463,140.912926,112.1519982,114.2226777,118.6996795,117.8555877,111.451528,109.9388055,95.35791223,88.7207179,89.73160051,87.63591519,85.6878335,66.05994881,80.33286994,104.0954594,100.3478688,99.67944774
Japan,JPN,Trade (% of GDP),NE.TRD.GNFS.ZS,,,,,,,,,,,19.15050277,19.49499796,17.75970795,18.88818281,26.33282771,24.07543885,24.78825845,23.12713588,19.30824166,22.65242772,26.6493645,27.04683159,26.72291269,24.51719282,25.80350093,24.11126123,17.79909151,16.78878462,16.88851475,18.54151374,19.33571373,17.75945125,17.01806882,15.72333913,15.81030623,16.39010493,18.25386823,19.78351762,19.00318622,18.12563072,19.56237158,19.55960447,20.44712207,21.32612527,23.66435342,26.22995458,30.0163761,32.81657805,34.12947654,24.39016653,28.49847269,30.19496073,30.47091092,33.97876865,37.43143457,35.42740835,31.31024685,34.42321357,36.6099318,35.21641811,31.33520864,36.73844623,46.81298684,45.15087956,
Kazakhstan,KAZ,Trade (% of GDP),NE.TRD.GNFS.ZS,,,,,,,,,,,,,,,,,,,,,,,,,,,,,,,,,149.3366418,84.63452186,84.18173901,82.52240704,71.27357329,72.3595507,65.20418275,82.57915136,105.6996926,92.84906851,94.03168565,91.46333243,96.4091997,97.76250302,91.4535268,92.1616331,94.29480465,75.76606746,74.1382659,73.11785705,73.72373249,65.40760933,64.97203465,53.04972881,60.31159659,56.82538794,63.52795651,64.85861655,57.02644237,58.66860858,68.33431474,61.96238433,
Kenya,KEN,Trade (% of GDP),NE.TRD.GNFS.ZS,64.76585106,63.84712143,62.16296315,60.99571232,62.60164409,62.09317118,63.28443577,57.83734666,58.69817098,57.61735624,60.48964482,63.82846302,55.31490832,56.06284868,74.57340436,64.33526782,64.20610897,66.55196516,67.62354066,57.36417475,65.41679594,64.28018576,58.21573715,54.16270539,58.80389758,55.44543455,55.74138559,47.70276801,49.97498209,53.15637722,57.02091368,55.59769922,52.9308701,72.85848136,71.26612523,71.74574164,57.3121107,54.05711686,48.89724194,48.19227499,53.30904439,55.94683603,55.17267226,54.1322659,59.47700335,64.47886616,55.23648513,53.8947888,57.57859865,45.94519181,50.39428735,58.40220597,51.62369202,47.46464251,46.17048936,40.32738469,34.86501957,35.99505788,34.41475318,31.75946184,27.23781553,30.82430318,33.69113873,32.09207928,30.29329813
Kyrgyz Republic,KGZ,Trade (% of GDP),NE.TRD.GNFS.ZS,,,,,,,,,,,,,,,,,,,,,,,,,,,,,,,78.73831776,72,83.19169027,74.70633275,73.83020501,71.82426866,87.29577381,84.4771343,94.50929453,99.19949122,89.43093163,73.74691237,82.92072902,83.93278281,93.81573216,95.08400463,120.7499818,137.0583878,146.1060822,133.3791532,133.2328505,136.1798404,139.6759378,134.0267856,125.1261811,110.9615707,105.823574,100.6174458,98.8755599,94.43028235,78.99227843,100.2613769,133.786718,132.3734039,
Cambodia,KHM,Trade (% of GDP),NE.TRD.GNFS.ZS,,,,,,,,,,,,,,,,,,,,,,,,,,,,,,,,,,48.72425778,64.46803195,77.76672805,69.1615668,78.93464446,75.619473,94.17688808,110.3971253,111.7717412,118.2695621,120.0749691,131.3514811,133.5519653,140.3487343,133.7000238,130.3935107,102.287949,109.9984006,109.7905052,116.7402334,124.8875528,124.4549085,122.1095968,122.7045556,121.1554513,118.4376554,115.7366791,122.1053963,146.1798465,145.8736328,134.2068424,143.4470097
Kiribati,KIR,Trade (% of GDP),NE.TRD.GNFS.ZS,,,,,,,,,,,,,103.2494338,113.6380778,115.2449384,117.9804888,113.8857382,116.2315854,125.0139433,149.4638879,113.3030962,122.8722602,115.3875291,107.3465897,112.2548461,92.86575764,91.56817104,159.2195,122.0360053,130.515095,151.0717028,134.2088416,111.7726587,98.15986657,82.94575587,101.9578815,86.68363264,93.81619115,85.01463472,100.6171135,94.16652413,110.7847331,125.6254961,103.9289652,101.3597021,123.5942686,94.04681386,96.15905873,95.44192866,97.63606087,85.69726571,93.43140382,96.128696,96.78141667,104.1879678,109.8890984,111.2697907,100.561247,81.11753887,96.59031074,76.70895611,74.51824958,108.1436605,107.5869388,101.1508708
St. Kitts and Nevis,KNA,Trade (% of GDP),NE.TRD.GNFS.ZS,,,,,,,,,,,,,,,,,,,,,,,,,,,,,,,,,,,,,,,,,,,,,,,,,,,,,,,,,,,,,,,,,
"Korea, Rep.",KOR,Trade (% of GDP),NE.TRD.GNFS.ZS,14.60584234,17.99801127,19.48619841,18.61137898,17.34486954,21.45778205,26.65791202,28.7911084,32.77807313,33.06367786,32.56096689,35.68935428,38.04156806,51.5785284,55.53067679,53.98156227,53.88038251,53.92544107,54.2177344,54.5445848,65.53086084,67.13133534,60.22891915,57.91222398,57.36780025,52.65704978,60.10702446,63.00015284,58.70363787,52.91365956,50.75031338,49.82507915,48.75942564,46.91867823,48.66598979,52.46402196,52.65397293,57.52303775,68.49747206,59.76275376,66.09516011,62.22379722,58.3530394,61.17460128,70.01571487,68.32481102,70.65187353,73.87452529,95.51635243,86.13361937,91.3995965,105.5663136,105.4583277,97.95210495,90.6144419,79.13249439,73.60380947,77.12091781,78.98886551,75.75713897,69.03404509,80.19945693,96.53640929,87.93967919,
Kuwait,KWT,Trade (% of GDP),NE.TRD.GNFS.ZS,,,,,,90.78771696,90.04683841,87.9587156,87.80231335,92.41658241,83.93257332,85.01230895,89.26229508,94.10261206,98.80147125,106.4812158,110.4877959,115.4691083,110.4049903,106.7867557,112.6469419,107.9761786,106.8686318,108.4815465,104.7540957,96.41950158,94.19909807,89.66314668,90.50440121,93.77143755,103.0110002,142.6129543,94.68806497,92.0570352,93.18428428,94.31962435,91.47214474,92.44354655,94.95984317,85.36811455,86.6183245,86.85046729,81.22519413,86.55517551,89.29764168,92.24268009,89.7130932,91.73250339,92.68345625,88.81106499,97.02802166,99.11649273,101.0114352,97.60549125,100.0371898,98.69998832,96.15767241,97.84004656,102.7856307,91.68571238,82.01074583,82.00037511,90.91881021,,
Latin America & Caribbean (excluding high income),LAC,Trade (% of GDP),NE.TRD.GNFS.ZS,18.7301828,17.89322876,16.53778239,20.31935267,17.05643669,17.02022549,17.04828415,16.41770386,17.36839699,17.73010243,19.33023306,19.29224961,20.12093258,21.10168026,24.16229132,21.80143385,21.78255481,22.25971986,21.98389134,23.5187639,24.84911537,23.93258367,22.87879553,25.62371657,26.06990487,25.44166739,24.24158479,24.84898094,28.22432953,26.92134972,27.36481407,26.72855365,27.78840841,25.88838972,26.52872753,29.79649382,30.38542542,30.75131705,31.14891838,32.817298,34.39797827,34.72568347,37.19945623,38.85886397,40.73591336,40.14016846,40.76320675,40.72148987,42.36484278,37.00433257,39.35133351,41.50247316,41.68621059,41.03657835,40.47689135,41.6773753,41.84323774,42.09892856,45.80745583,45.19366298,45.14087446,52.01699809,55.16027014,47.59706111,47.39795647
Lao PDR,LAO,Trade (% of GDP),NE.TRD.GNFS.ZS,,,,,,,,,,,,,,,,,,,,,,,,,9.105691323,13.80281748,11.31516581,20.11554537,45.52810663,44.126832,35.84720848,38.18232164,44.13075861,52.62881201,64.80927,60.55446614,63.75717361,65.15697077,84.26954051,80.05845617,68.83730137,65.89943688,67.25490285,60.57209588,66.07975162,71.79264627,81.96137542,79.2126289,81.84918209,76.93082622,84.72033789,91.69869587,98.18512643,98.17914662,99.05973829,85.7983217,75.09189092,,,,,,,,
Lebanon,LBN,Trade (% of GDP),NE.TRD.GNFS.ZS,,,,,,,,,,,,,,,,,,,,,,,,,,,,,,109.9250886,117.905808,92.45467201,82.84425645,76.35107472,70.27211547,73.13538699,68.09661276,62.08659794,54.7171976,50.81417077,50.11529593,55.55680836,51.04253256,54.09083402,90.97279703,92.76265627,91.06939703,97.96770797,106.6256732,90.39783886,95.09665294,102.1398824,88.54550192,86.17432859,79.81715659,71.83904263,67.72361779,68.45542926,68.2573073,62.98091601,50.12980429,78.8286204,114.8882783,104.2064101,
Liberia,LBR,Trade (% of GDP),NE.TRD.GNFS.ZS,,,,,,,,,,,,,,,,,,,,,,,,,,,,,,,,,,,,,,,,,,,,,,,,,,,,,,,,,,,,,,,,,
Libya,LBY,Trade (% of GDP),NE.TRD.GNFS.ZS,,,,,,,,,,,,,,,,,,,,,,,,,,,,,,,70.79780086,64.59637011,56.05806519,59.79211316,53.15240293,51.5917603,52.54515599,48.63241218,40.25270758,34.80163011,45.28109377,43.17344961,78.85975704,90.61273052,96.12933208,90.86088969,97.73810112,102.7323155,103.242158,107.6209305,98.07721307,63.00543529,98.22431892,106.3343609,76.52488264,56.90490733,41.11017606,47.54896619,63.7811336,78.99396919,50.97579344,164.28407,156.3216847,155.6552017,133.928554
St. Lucia,LCA,Trade (% of GDP),NE.TRD.GNFS.ZS,,,,,,,,,,,,,,,,,,,,,,,,,,,,,,,,,,,,,,,,,,,,,,,,,,,,,,,,,,,,,,,,,
Latin America & Caribbean,LCN,Trade (% of GDP),NE.TRD.GNFS.ZS,21.88212545,21.02317204,19.81393268,23.15584411,20.28000367,20.38649941,20.34261634,19.73306268,20.59001774,21.03586936,22.26434305,22.74607886,23.48539896,24.77318355,29.25931168,27.50463542,27.11840354,27.96927172,27.54305192,28.95713462,30.18170925,29.21114388,27.81358353,29.32509634,30.05298007,29.55002356,28.49867245,29.28799124,32.45923632,32.29945192,33.02763284,32.37141271,33.09821107,31.15083914,31.65970212,34.49854719,35.51658047,35.67101519,35.52920136,36.7347966,38.67528215,38.77545129,41.29799858,43.23436164,45.4936723,45.50938431,46.08631832,46.08923553,47.85856748,41.05097281,43.65823699,46.10726639,45.65017003,44.89006398,43.9781403,44.29898657,44.25463547,44.5963976,48.04163766,47.36312086,47.02991402,53.87223249,57.55134559,49.70235317,49.18230155
Least developed countries: UN classification,LDC,Trade (% of GDP),NE.TRD.GNFS.ZS,,,,,,,,,,,,,,,,,,,,,,,,,,,,,,,,,,,39.38785903,43.23727913,41.31768867,38.88091572,40.10990892,39.93989836,40.67801978,41.12485001,52.93975055,52.57015411,53.62320302,56.93274184,56.8510428,61.8708626,66.18052901,61.91843887,60.75484181,62.00989424,60.48145897,60.10889883,57.4645304,51.64265076,47.28204744,48.29389314,52.44321714,49.87539948,48.04073831,52.75675923,53.63880983,51.2763282,48.09404539
Low income,LIC,Trade (% of GDP),NE.TRD.GNFS.ZS,,,,,,,,,,,,,,,,,,,,,,,,,,,,,,,,33.80906148,35.77080186,34.51294753,41.88274432,45.06372044,45.54050317,40.22639092,42.77491445,41.32367178,41.42829017,39.31168835,46.26909342,46.99964802,48.2369182,50.41717157,50.54772571,54.17638681,58.85603999,51.89285704,55.12227888,54.2716228,52.0410227,53.29206147,51.33634722,45.38406625,46.80047571,52.6580982,56.15379156,53.68983554,50.72402121,56.28703146,55.72960512,54.70025563,55.09085449
Liechtenstein,LIE,Trade (% of GDP),NE.TRD.GNFS.ZS,,,,,,,,,,,,,,,,,,,,,,,,,,,,,,,,,,,,,,,,,,,,,,,,,,,,,,,,,,,,,,,,,
Sri Lanka,LKA,Trade (% of GDP),NE.TRD.GNFS.ZS,62.86589331,56.02297322,56.99396925,53.24937922,51.33726182,51.39782286,48.21878374,43.76452363,44.21013343,43.00983326,54.05444965,51.22419929,46.22548698,49.90762878,60.32981364,62.44873387,60.42777208,63.97121433,74.31618423,79.46437093,87.01730125,76.99547085,73.61393821,67.76013355,63.54766953,63.97721324,59.04755006,60.88866071,62.91320918,64.0169756,68.24391517,67.59591239,72.80375656,77.14751834,79.4307907,81.63504909,78.87396371,80.13755331,78.49498913,78.75147835,88.6364417,80.89860153,76.33513178,75.33624733,79.4829449,73.60397296,71.26117849,68.60651166,63.36904361,49.14914153,,,,,,46.91797081,46.47153703,47.1404098,49.80939675,49.42552389,37.08911886,41.22884633,46.68260802,43.5362303,42.39750087
Lower middle income,LMC,Trade (% of GDP),NE.TRD.GNFS.ZS,21.88500019,,,,,19.59074393,20.40199583,19.7372302,18.45907915,17.5801122,18.47090774,18.08189499,17.82674832,20.13829196,24.87202935,25.51944465,26.27315577,26.82457671,26.8696431,30.14493414,32.06773825,31.98352942,29.86965009,28.81841034,28.73220141,27.36743799,25.31310546,25.40282769,27.92271826,32.05011856,34.18326053,34.47025762,35.58978807,36.97817638,38.1469422,40.73980996,40.86431159,42.47977613,42.25351927,42.29233757,44.95870606,44.97150408,48.14590385,49.81194487,55.41362646,58.13278281,59.69997718,61.28147521,66.09563616,57.71856077,57.9511303,62.08455472,61.02684533,59.12941288,56.08986179,51.45972821,49.06296683,51.69315082,54.9655761,52.28502291,47.88184101,54.54094319,60.50049481,55.96157281,49.55452895
Low & middle income,LMY,Trade (% of GDP),NE.TRD.GNFS.ZS,15.78645435,15.28272334,13.60608386,15.00278315,14.57961481,13.91864297,14.93390911,14.20764931,14.29788917,13.84324241,14.95986406,15.23087637,15.80972875,18.14738999,22.17565341,21.31185229,21.00774619,21.01907873,23.33276892,25.33971539,28.85834337,29.77577397,27.07436322,26.53889499,26.95692338,27.11732025,25.36930292,28.5271822,32.46869256,31.20066191,31.66822557,32.63058046,36.11845373,38.20173037,39.17360699,39.98387697,39.69751544,41.69810548,42.15246216,42.07307417,46.76870011,46.18825266,48.7076043,53.2331149,58.54503424,60.23258704,61.10886508,59.99831441,59.69254997,49.89152783,52.90459631,54.74953794,53.42728225,51.92755262,50.31078402,46.56865478,44.62900482,46.09156232,48.18772953,46.16209724,43.70507586,49.02307495,52.59422562,48.58275212,47.55768116
Lesotho,LSO,Trade (% of GDP),NE.TRD.GNFS.ZS,50.20242915,58.03921569,62.20735786,65.77380952,64.95956873,68.87755102,67.40740741,68.74557052,67.21348827,65.15280136,61.09979633,67.6416819,85.20900322,82.0451843,90.73170732,118.4448463,156.5420561,124.3307555,107.8515962,145.7224724,131.0919369,136.2992126,,,,,,,,,,,,,,,,,,,,,,,,,,165.0489488,161.1265906,158.8947376,150.1024355,149.7966067,150.2085754,133.3654898,126.2924754,129.7227731,136.3152477,146.3667713,144.4349555,140.5166335,141.0966046,139.1864795,142.3739814,141.5137555,
Late-demographic dividend,LTE,Trade (% of GDP),NE.TRD.GNFS.ZS,11.72348418,11.19068588,10.30443479,11.63166971,10.84202855,11.90137076,11.84737207,11.60550153,12.05202864,11.79001233,13.03563357,13.16961844,13.78110003,16.17772406,19.82479045,19.18406579,18.86671711,18.78763061,22.9935619,24.63045578,29.1772684,30.52602571,26.70470576,26.08659866,27.31324734,28.01324755,26.53055915,30.46067971,34.93098938,33.42166749,33.54741076,34.24222644,46.80084811,45.60046104,44.39961944,44.44374211,43.16246984,44.23417346,44.50505376,47.03485337,51.83911791,51.72621281,53.8287848,59.47697194,65.20330515,66.8391275,68.13673784,66.93010512,65.14420432,54.9466559,58.86601551,60.07509393,58.83197664,57.69224571,56.71768957,53.76311438,51.96962672,52.88850106,53.70958235,52.61684675,51.16342211,55.35044626,57.68953612,53.96890623,49.84756864
Lithuania,LTU,Trade (% of GDP),NE.TRD.GNFS.ZS,,,,,,,,,,,,,,,,,,,,,,,,,,,,,,,,,,,,84.5445655,92.8137967,99.64948897,89.3653046,74.58473574,83.19149427,93.48713737,100.3322295,98.09140432,104.0720707,117.4496912,124.613633,116.2958103,126.7597078,105.0402512,131.6265074,149.6453069,156.6389257,156.6266379,143.2901158,138.195575,134.6904497,144.9183931,147.2021325,148.374996,135.7965656,154.8067277,175.6516122,149.041909,143.0483909
Luxembourg,LUX,Trade (% of GDP),NE.TRD.GNFS.ZS,,,,,,,,,,,160.8379859,168.2220159,155.7300397,162.0999563,180.0660677,176.0855236,166.2006939,165.3719305,161.8775524,173.3196616,173.118714,171.5063484,174.9363847,175.6281078,195.3506464,206.5701053,188.5331759,187.4309618,188.9205746,191.0118105,187.8111671,188.6639079,182.5472741,181.4026668,185.7862471,189.5444459,195.6369066,212.0887579,236.570015,239.9224996,272.4123268,270.7656304,250.6891982,244.9779461,265.2268849,284.0774769,305.8795475,307.4850201,292.2134808,263.5327015,293.6718769,308.7144539,311.7868352,320.5335063,333.4288532,351.1319744,348.4374094,353.793992,361.8654452,382.6607806,375.5813964,397.5061809,412.1771699,404.4583349,398.227931
Latvia,LVA,Trade (% of GDP),NE.TRD.GNFS.ZS,,,,,,,,,,,,,,,,,,,,,,,,,,,,,,,,,,,,76.25000127,92.56182416,90.92615559,93.04865759,82.15055682,83.61213211,88.17682782,85.97720568,88.58155804,97.23526558,104.5171566,105.6953421,100.8809109,95.76816284,88.8320495,110.8623539,129.734758,133.2115037,129.6771849,130.0422522,126.3800144,123.3305184,128.7140033,128.2340956,125.2916317,123.883198,136.7966154,159.8443449,136.632035,131.8037769
"Macao SAR, China",MAC,Trade (% of GDP),NE.TRD.GNFS.ZS,,,,,,,,,,,,,,,,,,,,,,,210.0941937,214.1657798,211.4397481,198.1459385,205.058239,202.0725719,195.7343911,190.9877168,175.6643625,168.524786,147.1221828,134.5738907,130.4126276,125.3660361,122.3440725,123.2656441,124.8571113,132.2370433,147.7625117,150.0235883,152.382641,150.7883955,148.9037502,136.3722219,128.7856891,130.6705988,126.6071312,113.5551133,119.9400877,122.8883894,123.7133418,121.4225517,118.635352,118.4983375,112.1844682,114.9257754,115.8654807,114.7030638,121.500363,167.6887458,168.0810225,142.0100832,135.1212703
St. Martin (French part),MAF,Trade (% of GDP),NE.TRD.GNFS.ZS,,,,,,,,,,,,,,,,,,,,,,,,,,,,,,,,,,,,,,,,,,,,,,,,,,,,,,,,,,,,,,,,,
Morocco,MAR,Trade (% of GDP),NE.TRD.GNFS.ZS,46.27024488,46.532038,39.11311049,38.00104159,38.62721854,35.0536193,38.33470734,38.07732226,38.53820598,37.20980573,39.21632286,36.67924185,37.79695866,42.94273678,55.74925462,55.81884595,54.64444235,54.21715802,46.43924285,46.87474816,47.34206783,57.4360558,55.34027036,52.61409502,60.36267952,59.31507463,50.28060358,49.65750551,50.13760317,50.35084475,54.62668742,49.77929548,50.26331618,49.66845661,47.31355373,51.71502538,47.09554345,51.15015465,45.67235959,48.57887649,53.44030584,53.49157102,54.31012791,52.33185827,55.55163847,61.49382769,64.67219778,71.34964678,77.83447164,62.37095602,69.54197961,76.82587149,78.2221019,73.85775653,71.89356675,67.28867593,71.12266038,74.17335788,77.25488752,75.99811588,68.84380339,75.52341718,101.1323821,93.79140306,95.75765493
Monaco,MCO,Trade (% of GDP),NE.TRD.GNFS.ZS,,,,,,,,,,,,,,,,,,,,,,,,,,,,,,,,,,,,,,,,,,,,,,,,,,,,,,,,,,,,,,,,,
Moldova,MDA,Trade (% of GDP),NE.TRD.GNFS.ZS,,,,,,,,,,,,,,,,,,,,,,,,,,,,,,,,,,,,128.0163865,129.237536,127.5604002,116.8031245,117.5279352,126.1631001,124.5007396,129.8395255,140.0565299,132.6990697,143.0235685,137.1547638,142.720539,134.4216013,110.3633269,87.9378519,98.61759653,96.30640983,95.68729683,94.22829197,88.96641546,89.00468372,88.62339028,87.44678743,87.63223711,79.26572212,88.47088654,112.1176716,93.99462115,88.66611543
Madagascar,MDG,Trade (% of GDP),NE.TRD.GNFS.ZS,26.65470908,34.10808985,32.13855811,32.70676241,33.23064101,33.21170334,40.49278214,39.0183149,40.54051418,41.22081741,40.74596697,35.47031701,32.5862074,33.12658769,35.73331512,36.74965362,32.68844265,36.4939623,41.20843917,44.96251133,30.26635841,23.53336564,21.37757425,19.28969747,23.26467082,22.43931957,21.54301778,30.12906056,30.49648289,31.76298259,32.38099237,35.75679806,33.15761777,32.86588893,43.55891794,45.37449157,35.88246017,36.87374778,37.33218701,40.92441202,42.77712266,41.03512609,50.18169194,34.03060292,48.77538189,59.13008494,62.10283894,66.70273536,74.35735396,62.4116976,57.87489451,56.4830926,52.65171408,56.36758179,61.96943221,61.22037884,60.83469848,65.34340151,67.84150467,62.60132305,49.01070737,55.21585859,70.54713441,61.13304169,54.97144868
Maldives,MDV,Trade (% of GDP),NE.TRD.GNFS.ZS,,,,,,,,,,,,,,,,,,,,,,,,,,,,,,,,,,,,,,,,,,,,,,,,,,,,,,,165.9792512,143.7205067,144.3802123,141.9121106,142.4911285,137.1252309,114.3619029,142.6072967,162.2435705,150.0323699,
"Middle East, North Africa, Afghanistan & Pakistan",MEA,Trade (% of GDP),NE.TRD.GNFS.ZS,,,,,,,,,,,53.80284626,54.94968736,56.27582447,73.56111351,70.16637952,77.37716087,71.56685632,74.0150908,72.37909835,73.15752753,76.35179146,77.0645916,72.3518924,66.56694094,63.26333744,58.21310283,50.69252091,53.08873759,54.2353368,58.68544537,59.2776016,62.21808654,58.39913649,57.0650732,55.20826432,56.94772783,56.4960933,61.79327607,59.945954,61.28495197,64.9459992,66.23094886,67.5082072,72.95730565,76.84907559,80.82489936,81.20844186,83.7194263,86.28323051,78.60937696,76.72765364,78.97717156,80.54720195,79.57030556,77.58237192,73.0826096,68.87207689,71.79138488,73.9679925,72.42898014,67.61509711,71.60595527,78.9699454,77.17704915,57.47306232
Mexico,MEX,Trade (% of GDP),NE.TRD.GNFS.ZS,20.16920245,19.02774011,18.67784211,18.27372642,17.48649402,17.15692308,16.48486842,15.8771988,16.39158038,16.81746305,17.4122973,16.35969388,16.8900885,17.87681621,18.98111111,16.51454545,18.35707513,20.54128718,21.51074027,23.64011734,22.43461965,22.11727494,24.13401362,27.09610204,25.67241734,24.33129239,29.60622259,31.26232084,38.79033695,38.32965008,38.51969641,35.78653516,35.5534959,26.16312357,29.15847213,43.66583173,47.76782353,46.49187557,48.03188414,48.01224958,49.91040919,44.74010901,45.20982926,48.70041687,52.04062003,52.56264465,54.48211609,55.2585244,56.36528187,54.59174213,59.27338454,62.16238727,64.2579319,62.69167477,64.09840903,70.41297467,75.69030341,76.95212604,80.21266166,77.46197226,76.8545557,83.06929763,88.82693478,73.76953312,74.71159561
Marshall Islands,MHL,Trade (% of GDP),NE.TRD.GNFS.ZS,,,,,,,,,,,,,,,,,,,,,,,,,,,,,,,,,,,,106.8642602,113.2939436,107.516697,111.9508236,107.9977345,130.0831167,118.7343605,102.3205517,117.0246743,114.0231001,124.7010145,112.4085196,114.5277076,122.046794,128.8622354,144.8049659,153.2401625,157.5171002,161.9197425,149.8534946,138.4898204,116.3263627,125.1452504,128.4822727,153.0077286,107.8259719,117.6223252,118.8353197,110.1722329,
Middle income,MIC,Trade (% of GDP),NE.TRD.GNFS.ZS,15.67775497,15.16515671,13.46899251,14.85083944,14.41385508,13.76720768,14.77779805,14.03425557,14.12814454,13.67581364,14.78937805,15.06050707,15.65874609,18.0174844,22.043497,21.19002074,20.8971128,20.91568481,23.22089968,25.20106379,28.72437493,29.68466941,26.98593179,26.45830621,26.88373384,27.06579979,25.329931,28.4942217,32.49171806,31.20299354,31.69288015,32.61921381,36.12180777,38.23727871,39.14366898,39.92786155,39.63308483,41.7142799,42.14562129,42.08131025,46.82737504,46.26380527,48.73425781,53.30124819,58.65770442,60.33991786,61.22432692,60.06195683,59.70208941,49.86870495,52.87922474,54.75500667,53.4432594,51.91183045,50.29896894,46.58225814,44.60406849,46.01611385,48.09620072,46.07560471,43.61849165,48.93346833,52.55704061,48.51128516,47.46755285
North Macedonia,MKD,Trade (% of GDP),NE.TRD.GNFS.ZS,,,,,,,,,,,,,,,,,,,,,,,,,,,,,,,58.68703008,46.37634298,102.3839916,96.44244854,82.33506494,72.04378866,57.92314311,71.8342589,76.58748212,72.62497869,80.16014736,71.47821057,71.53348467,71.06932049,80.870485,85.84100348,92.55166647,106.092966,111.5700547,87.17675377,97.88106912,113.1919101,112.2148347,104.85723,112.537929,113.6984439,116.1854084,124.1372839,133.2152076,138.5762318,128.2412443,146.7214115,166.1473574,148.6717619,138.4781406
Mali,MLI,Trade (% of GDP),NE.TRD.GNFS.ZS,,,,,,,,35.26535221,28.31769264,30.21585562,30.67108519,33.63166893,29.59858512,33.031145,53.59387365,38.92558777,32.03685919,32.33510631,41.42655288,39.21845995,44.03061455,42.10267424,43.88838403,48.00881206,55.94334445,59.73471182,49.44940971,46.05650955,46.82693248,44.8154242,46.58416124,47.46698162,49.50200505,46.24560419,56.43427138,56.24422819,52.4944214,57.03742204,50.17835002,50.0264356,55.42257543,60.20080302,57.82929137,58.6281417,40.13036215,41.65574214,45.43980769,44.20771033,51.60617846,39.1346823,47.01966357,43.03095252,49.10382126,54.52649546,51.495451,53.57517601,53.61261936,49.49199849,50.69984625,53.99871328,56.04154744,56.71505256,61.66369797,57.65430006,50.90028287
Malta,MLT,Trade (% of GDP),NE.TRD.GNFS.ZS,,,,,,,,,,,115.5396781,114.4499566,113.984501,133.8096109,175.7219016,160.0243346,161.9055844,167.3529782,154.0856179,164.0085077,167.3400071,153.1058803,138.1594489,133.4643269,138.8945414,143.6521956,138.1595323,148.0479624,150.3181748,154.6025226,164.4837376,165.2378098,170.4653958,178.9054348,181.7019494,177.0635285,164.1003272,155.6567199,157.0467949,165.1713037,189.600621,161.3243717,162.5257519,154.5734903,155.8898508,157.5493732,182.4340912,184.8313448,185.7493499,163.5572489,178.2327535,192.0283835,199.2134731,187.4311871,181.3005668,207.1963982,213.3593919,213.0478785,228.0985507,233.0704419,256.402967,220.7387014,243.4153823,232.4667651,229.54828
Myanmar,MMR,Trade (% of GDP),NE.TRD.GNFS.ZS,,,,,,,,,,,,,,,,,,,,,,,,,,,,,,,,,,,,,,,,,,,,,,,,,,,,,,,,,,,,,,,,,
"Middle East, North Africa, Afghanistan & Pakistan (excluding high income)",MNA,Trade (% of GDP),NE.TRD.GNFS.ZS,44.16580931,43.68461267,31.14434251,36.24828397,37.14961753,34.59604761,34.62017432,34.82122361,33.58151492,34.4355167,38.31564651,40.1954958,38.6539623,47.27249467,62.75302072,65.21652026,60.08825055,60.82691053,54.79574666,58.93404812,60.63605014,61.30159188,56.70879658,49.86142013,46.04391869,42.74848905,33.40927691,35.06634002,40.07720982,45.65057076,46.2045725,47.70241303,45.26362689,45.65376651,43.44435319,43.51805626,42.57317056,53.35484053,52.94996311,54.71180786,55.32408244,54.97809685,57.10214346,63.33486921,63.82992425,67.13956583,64.12687207,63.0367814,66.32144275,58.43834187,56.46213699,55.02060052,55.16803745,54.76459135,52.28281922,47.85826008,44.33266432,49.40137582,55.64504186,52.88549464,44.90407263,50.46056961,59.3054486,58.04452174,58.11879466
Montenegro,MNE,Trade (% of GDP),NE.TRD.GNFS.ZS,,,,,,,,,,,,,,,,,,,,,,,,,,,,,,,,,,,,,,,,,87.92520214,100.4093861,95.22940002,77.59838901,100.109655,104.6251393,117.9947355,128.7461586,132.3402717,99.42502821,99.78032633,106.658854,111.7660445,102.7709302,100.12762,102.6889774,103.6729451,105.554965,109.6092968,108.8445775,87.00601808,105.0299932,125.8986046,118.542754,112.422792
Mongolia,MNG,Trade (% of GDP),NE.TRD.GNFS.ZS,,,,,,,,,,,,,,,,,,,,,,94.90462985,90.71632762,89.02993795,94.25124072,94.93633786,111.5713169,103.0655558,94.47149764,76.36414648,58.62189497,136.6037874,65.2956469,129.7420597,99.15729509,82.10365876,77.97407569,99.991449,107.3512108,112.2413385,121.8866098,115.8183269,118.5172531,120.2993935,131.3293182,122.3814599,112.9299831,117.8804264,121.1980134,107.8137572,103.3500317,126.9992286,109.5885643,100.3119897,109.3223119,89.65366348,101.0552372,115.9329019,126.3558732,124.3965146,112.8386476,119.0980784,136.3279299,142.8642466,138.8914631
Northern Mariana Islands,MNP,Trade (% of GDP),NE.TRD.GNFS.ZS,,,,,,,,,,,,,,,,,,,,,,,,,,,,,,,,,,,,,,,,,,,151.9470405,152.7037934,178.0991736,174.5523091,159.6969697,128.5714286,100.8519702,84.52830189,92.61576971,105.0754458,114.8793566,120.0777202,119.8317308,122.7472527,152.8455285,131.4102564,108.7624904,104.749788,78.98383372,78.88402626,93.15693431,,
Mozambique,MOZ,Trade (% of GDP),NE.TRD.GNFS.ZS,,,,,,,,,,,,,,,,,,,,,,,,,,,,,,,,49.48081333,59.33716925,55.24026857,58.74222494,63.77353603,51.02929256,43.29868197,39.00754606,45.52761314,47.9208808,50.41530958,73.30916276,70.16835995,72.05200016,72.00926098,67.34989769,66.12038218,64.9814165,67.89857277,73.83735327,84.40621193,105.9345881,109.3853766,116.3568552,98.76120365,110.3943582,105.7456407,124.6074575,105.5911714,99.90614605,112.0789645,135.2795784,105.6275036,95.67181146
Mauritania,MRT,Trade (% of GDP),NE.TRD.GNFS.ZS,,30.04761471,32.99215823,40.37869444,50.13885762,48.38067112,48.62504549,49.07292671,45.27987374,47.02312327,49.59125419,48.87720605,72.21180397,69.12927769,79.23156481,72.18533676,83.87703503,76.79854377,71.23541117,67.59842589,75.22594289,87.48510944,90.25934255,88.95438551,86.64949444,103.2859033,99.29006259,84.8996438,83.37836594,78.68979163,78.12454877,55.81685117,42.32792012,46.07630404,62.68588367,73.41694026,70.45588975,62.74956357,51.39101255,49.01693804,58.94037477,60.70121246,56.7855296,55.31802433,75.21880468,88.23509956,82.78850121,86.06405568,94.120211,82.0086176,93.42074513,98.4853296,110.7881227,102.3988242,91.61037136,77.34678649,73.15326167,78.81498018,89.14672949,93.48669414,86.77616813,88.30687376,102.0258991,91.47057159,
Mauritius,MUS,Trade (% of GDP),NE.TRD.GNFS.ZS,,,,,,,,,,,,,,,,,106.9780021,106.8125061,97.47316356,95.80431944,111.0947547,98.58448855,95.83545891,92.40158799,99.35173085,107.5007253,112.8260732,125.3863428,132.6249475,133.9303507,135.2905007,126.6489114,120.2326995,120.8963561,120.5601759,118.1487206,126.1592125,126.107505,130.442833,128.9549913,120.6876488,128.054579,118.2304704,108.6555793,107.0276983,121.608744,127.0628618,120.8764513,115.4893159,104.429729,113.4570736,117.5389464,119.5001198,113.3088331,110.5897075,107.1459794,100.0169787,99.70181512,96.63391641,95.84579815,83.23961735,92.25909396,112.5847579,105.1033804,103.9975908
Malawi,MWI,Trade (% of GDP),NE.TRD.GNFS.ZS,,,,,,,,,,,,,,,,,,,,,,,,,,,,,,,,,,,,,,,,,,,,,,,,,,,,,,,,,,,,,,,,,
Malaysia,MYS,Trade (% of GDP),NE.TRD.GNFS.ZS,92.32867371,90.05496393,89.17904358,89.70588235,86.42970563,85.31491713,81.07658734,79.4919074,82.9328102,84.2396149,86.87970243,79.49054419,73.37552743,77.33269241,96.38638551,90.64571019,93.19565604,92.77674706,92.54605923,103.1535413,112.5872289,110.8621318,110.4586335,108.0162966,106.6297926,104.6831031,106.4977512,111.9195906,122.6242286,136.6890614,146.8882525,159.3114473,150.611221,157.9404625,179.9049427,192.1132003,181.7669825,185.6651112,209.4922028,217.5709194,220.406789,203.364636,199.3562327,194.1951291,210.3742659,203.8546446,202.5771468,192.4655064,176.6683248,162.5589705,157.9447649,154.9376846,147.8417548,142.7209915,138.3122312,131.3700724,126.89901,133.1551734,130.4026255,123.028562,116.7881824,134.0359947,146.5054183,132.0643073,137.3663412
North America,NAC,Trade (% of GDP),NE.TRD.GNFS.ZS,9.197432899,11.23249377,11.20377886,11.21299992,11.57961638,11.59803213,12.031139,12.20021175,12.65238122,12.77315714,13.3822769,13.31250895,13.94535644,15.74376785,19.14628924,18.10666575,18.4578999,18.92291202,19.69395908,21.2672064,22.94507208,22.21576497,20.01951078,19.23061464,20.50671759,19.69781962,19.98584016,20.78188712,21.82742534,22.03207747,22.39170899,22.29970735,22.74990403,23.30656682,24.75538599,26.43268771,26.74873618,27.77474995,27.54345292,28.16313665,30.02605506,27.69513615,26.84730587,26.65820815,28.35359629,29.40546203,30.48232724,31.27953258,33.04005882,27.63801864,30.96542199,33.55936963,33.41993242,32.71256532,32.86418126,30.98728257,29.78897067,30.38153711,30.80377287,29.68202477,26.34490074,28.38971705,30.35801904,28.47737481,28.34523551
Namibia,NAM,Trade (% of GDP),NE.TRD.GNFS.ZS,,,,,,,,,,,,,,,,,,,,,126.6630094,124.1791467,113.2854943,97.69858413,96.91126757,91.73169137,102.7146703,97.84663324,91.0117626,96.38015693,93.75924559,93.86472522,91.97346001,96.09557801,89.49368083,93.56084719,96.54422398,92.84109037,92.13050093,91.10020515,85.13224429,88.58410184,94.41522289,95.95247438,81.86226059,80.68038029,86.83396933,104.9793038,119.6444982,123.7628443,108.0724772,102.1891478,100.2134088,97.72490423,103.080137,97.23903179,93.96618796,81.2196661,81.7138653,82.90115074,76.9252424,83.54430309,99.26255478,110.770714,109.6285098
New Caledonia,NCL,Trade (% of GDP),NE.TRD.GNFS.ZS,,,,,,,,,,,,,,,,,,,,,,,,,,,,,,,53.19993469,49.52706311,45.39188003,43.37646342,42.05797709,41.95162015,43.09351942,44.71196367,51.7164362,56.3940657,60.36672252,58.18435233,56.13300404,61.8880339,58.58133786,61.910327,68.02051448,72.17438872,67.91747838,56.07715703,68.16848239,66.84452207,63.75339131,58.8723435,58.95779793,60.0467961,58.02961615,58.92818262,,,,,,,
Niger,NER,Trade (% of GDP),NE.TRD.GNFS.ZS,14.50575374,17.826578,22.23136708,19.63342023,23.36530126,23.5004195,28.53846804,22.8043547,22.29032529,25.83069491,28.87307425,27.968903,34.70831407,39.24978802,41.24354352,50.24018357,56.6014748,48.97211232,50.35934881,65.41234282,62.71029742,60.35731579,57.06810853,47.73925875,49.87571527,53.52663718,40.69229502,45.98451144,41.88844334,39.89804357,35.61677356,30.33617924,28.70664995,26.09893765,33.64252862,34.7775357,36.53999764,33.17434539,35.01968955,31.37523672,34.7127807,33.01366708,30.83438575,33.38279314,36.96410445,38.34774181,36.53137318,35.50280285,39.71124405,49.5122567,51.9459863,50.24639516,45.08596447,46.29514915,45.74160084,44.72743037,36.48810922,39.07111174,37.5388484,37.10256643,35.51299066,37.01589355,52.80614843,46.47555806,51.96835093
Nigeria,NGA,Trade (% of GDP),NE.TRD.GNFS.ZS,26.16651287,,,,,,,,,,,,,,,,,,,,,,,,,,,,,,,,,,,,,,,,,,,,,,,,,,,,,,,,,,,,,,,,
Nicaragua,NIC,Trade (% of GDP),NE.TRD.GNFS.ZS,49.82198605,47.9552224,55.33508066,59.06679898,59.37395215,61.70759758,61.23577948,61.50602078,57.07716619,51.56613881,55.92428704,54.83926937,64.93131386,66.01306405,71.68217915,64.98248696,64.83676287,69.51782848,65.65898968,70.15694296,67.49716202,64.12516252,42.0340479,49.39292348,45.89384999,36.59246114,33.60791577,25.53104935,76.25108369,97.72868394,71.29081408,74.32797374,70.51762606,68.28596679,39.08121629,44.03979441,48.4828383,58.00553065,57.01371507,62.53764452,61.29849746,57.98013155,58.09128441,62.17506589,67.19531678,71.64572371,87.30967083,93.02573023,96.79398473,86.99361045,100.3640584,111.8274539,115.1772885,110.9842079,106.6982002,98.19416459,93.81372781,96.38058644,93.98474049,94.04221592,88.63812312,106.2073908,115.4546787,105.0030976,98.52583771
Netherlands,NLD,Trade (% of GDP),NE.TRD.GNFS.ZS,,,,,,,,,,80.98287486,86.48274814,85.42090093,82.75926642,86.23361505,96.11460246,90.52191322,92.85030186,89.73028724,86.48191794,94.59875771,99.88012557,104.9579468,104.5952448,104.8985725,110.6397521,114.5740862,97.20904546,95.74088869,100.0580451,106.1166563,104.1156807,105.1946168,102.0807707,99.03283366,103.046029,107.9168081,108.6646394,114.2950279,112.4080955,114.3277408,125.6670301,119.4754639,112.7500244,111.3045032,116.95816,122.2558495,127.1956135,129.7982417,130.15205,115.1096604,130.0817079,141.7570993,149.3932231,150.6518502,151.7158911,160.3258126,150.9655292,159.6460597,163.5591466,160.6766719,152.2332304,163.1548427,184.1074843,165.905457,156.1736685
Norway,NOR,Trade (% of GDP),NE.TRD.GNFS.ZS,,,,,,,,,,,70.96361849,69.70368427,66.96280233,73.0704698,80.10892478,76.26870101,78.76493354,76.201984,70.72168668,74.87986264,78.08714995,77.13423905,76.03289433,73.91900938,74.62022642,75.64731278,69.70504131,64.87602264,64.26837569,69.64210116,71.38709708,69.58980467,66.71106503,67.25068126,67.63459579,67.29928629,70.20163615,72.15369653,71.62268418,69.50672858,74.31251872,73.15830391,67.51701409,66.32075094,68.67195377,70.46945049,71.65992995,71.94202631,74.78527993,67.46431546,68.23951936,69.59873363,68.49855284,67.97279259,69.13737722,70.43185654,69.1168424,69.10878176,70.00319579,70.89582053,65.35397904,71.22271378,82.60947984,80.36384564,81.22214583
Nepal,NPL,Trade (% of GDP),NE.TRD.GNFS.ZS,,,,,,21.688683,14.40150487,13.82696783,14.34546175,17.2323108,13.20711679,14.53345202,13.57893669,16.98264552,15.99781527,22.26781875,24.95113214,26.10532292,26.0439879,27.75151912,30.27279561,32.51913562,30.39886389,31.54620972,30.10154981,31.52878547,31.96504199,32.71988914,33.82903805,33.35092809,32.18875416,34.67505513,41.69541314,47.18958118,50.43207274,59.4905184,58.4577687,64.03553489,56.70960129,52.56698125,55.710589,55.79992108,46.2307185,44.24788362,46.14728672,44.06294748,44.76198776,44.57927502,46.03620635,47.07944776,45.98490577,36.29675889,37.92190606,41.86537574,45.98264161,46.66573039,42.11548612,44.64241062,48.44738695,49.24952659,40.91887412,43.05380479,48.97340148,41.57015029,40.52982268
Nauru,NRU,Trade (% of GDP),NE.TRD.GNFS.ZS,,,,,,,,,,,,,,,,,,,,,,,,,,,,,,,,,,,,,,,,,,,,,,,,,166.1295502,145.4982391,100.2540883,129.561772,120.7197091,179.3478261,198.0150621,201.1377878,170.6143846,142.7128175,140.7022963,156.2675345,135.1488081,110.7181452,167.5395697,143.8932306,158.1915969
New Zealand,NZL,Trade (% of GDP),NE.TRD.GNFS.ZS,,,,,,,,,,,47.1633776,44.18672502,45.85873984,47.86436257,53.55093966,53.13487882,55.94385563,53.89631145,52.54371122,58.8084654,58.69384705,58.87547736,58.44234131,57.99291681,66.19839655,60.74322784,52.77034839,50.00613234,48.4038382,51.97811675,52.60814166,54.63556544,59.23405885,57.55365061,58.81456954,56.91425246,55.11617096,55.24686352,57.89601782,61.40123113,68.51692688,67.23382435,62.65599456,57.91476935,58.79955227,58.01874344,59.60326504,58.42516057,64.26114485,55.01435019,58.1047406,59.17241056,56.9087672,55.98612411,55.0986551,54.85133173,52.40624781,54.14329704,55.76648149,54.45429718,43.97724229,48.54124777,53.47616277,50.40643168,
OECD members,OED,Trade (% of GDP),NE.TRD.GNFS.ZS,,,,,,,,,,,26.36135848,26.24570002,26.28450951,28.76291084,33.94064938,31.65438493,32.89373809,33.21386422,32.56343431,34.51385296,36.76159574,37.16815306,35.93747039,35.35821817,37.28583015,36.88868742,34.3028163,34.39082238,35.12598442,36.17745939,36.18127277,35.67728349,35.5967732,35.34341225,37.12132156,39.33236382,40.16342258,42.23399755,42.56948329,42.67653538,46.60674965,45.36348938,44.00190789,43.71966392,45.99034101,47.87257747,50.5606923,51.65879718,53.85425867,46.92198748,51.4839457,55.26752262,55.6830096,55.2859601,55.39138545,54.34929204,53.24146328,55.16946068,56.52391229,55.88067632,51.36631753,55.71450794,63.1504748,58.65854439,57.54235057
Oman,OMN,Trade (% of GDP),NE.TRD.GNFS.ZS,,,,,,,,56.18556701,84.87928844,86.5,93.35205993,97.92166267,103.125,123.0224321,121.4776077,118.2408476,108.3003619,102.3447188,107.0469934,101.7758666,100.3146024,102.7758943,101.6977044,91.71867921,87.85978864,87.01061914,80.17299281,77.94499494,71.35990076,,61.23725038,62.71264923,64.72788617,65.08151181,62.68999647,64.15006948,69.39068315,71.59436587,80.48306046,76.61119781,81.41328224,84.52700249,83.65374858,84.84663673,88.61130713,86.76130204,86.14570799,94.86578898,94.76190299,91.62793533,96.38655462,101.6417319,102.0747604,112.5435218,102.2787211,96.37758019,82.8642642,88.95314802,89.27921783,86.47820103,91.8758908,95.94948773,105.7450093,105.9167078,
Other small states,OSS,Trade (% of GDP),NE.TRD.GNFS.ZS,,,,,,,,,,,,,,,,,,,,,,,,,,,,,,,,,,104.6966316,108.0362827,114.6637795,116.8364611,119.1428525,120.5343247,116.9264727,118.380795,117.1514961,113.4137803,107.0286383,108.8069681,111.2192256,116.1893778,115.2116854,118.6832321,109.4595112,119.5499532,128.7660279,131.6590842,131.6031646,130.1470362,129.7753677,127.1949998,129.5216322,131.6426508,133.126824,129.617257,143.8277093,160.7373755,147.3961246,149.2440292
Pakistan,PAK,Trade (% of GDP),NE.TRD.GNFS.ZS,20.3931892,20.23147912,21.09135201,23.98875385,23.1259582,24.04108376,19.19408526,20.49457042,19.13254648,17.48047111,17.96611589,18.20204367,15.82133777,28.97973093,30.83017412,32.38804493,28.94587463,27.20036328,27.9180419,32.864582,35.89689938,35.16801104,31.3222832,34.69196212,33.36263286,33.17074617,32.40673078,32.8971019,33.28422583,34.42165912,35.0345759,35.4196551,37.69453972,38.49931688,35.05772371,36.13275367,38.33012683,36.8522661,34.01172518,32.31996281,21.45996389,23.57720743,23.12901595,24.65015852,24.80833485,29.87849406,33.04971937,30.78788143,34.34896081,33.32688729,31.98900205,32.36263828,31.31897328,30.89027434,29.46982569,26.68818602,24.70157805,25.472035,27.62605708,28.90557699,26.71628073,27.03042041,33.03135348,28.6025774,27.47808648
Panama,PAN,Trade (% of GDP),NE.TRD.GNFS.ZS,100.1681476,100.8546035,110.3503813,112.7506331,109.4196582,112.6719604,116.1108186,114.725278,113.9839903,117.2900036,117.3731227,115.0489279,115.0244199,113.7751233,150.1390435,149.827502,137.0694091,137.0202354,125.817706,131.8630492,137.5019462,133.7228966,116.7849698,93.1350463,91.87702805,94.05957221,97.32745909,98.59077158,97.66534547,109.5977443,121.7935529,140.2465583,144.8791885,139.6792213,143.6090328,146.90538,165.6096802,174.713863,157.9964085,131.5573969,139.1979349,135.5843511,126.0244824,117.2674789,124.7617565,139.2111651,141.4725713,148.6656011,164.5862861,137.0460216,145.4487188,158.2083953,153.2086204,133.0715689,114.9706049,96.57915734,84.39597187,84.04753724,86.13096151,80.42865056,68.70042351,80.13346352,93.68717875,89.53306838,
Peru,PER,Trade (% of GDP),NE.TRD.GNFS.ZS,40.48130752,43.00818805,41.92622851,40.02640036,37.31221613,34.66368268,34.72761708,35.59791635,36.98378392,34.28676238,32.99367588,28.61499979,28.14686136,28.67298866,35.46343433,31.9224799,31.41887679,37.5938277,39.71091494,45.58713543,47.64339805,41.28004986,41.07045394,43.2368002,39.19006131,44.87870948,34.51633162,27.35090838,33.22179096,22.5367606,29.4696769,26.65925411,27.97729216,28.76658657,28.92299577,30.92721785,31.65420409,33.46954585,32.95302179,33.20577656,35.53803216,35.06440143,35.24918133,37.62461033,41.93607827,47.35731748,51.78505603,55.68811328,58.43376739,48.11192962,51.67280894,55.98828028,52.61989526,49.78714245,46.85312109,45.16276869,45.3888412,47.51355036,48.63147017,46.94350538,44.2459672,55.42724937,57.29697596,50.78518421,51.47588787
Philippines,PHL,Trade (% of GDP),NE.TRD.GNFS.ZS,,,,,,,,,,,,,,,,,,,,,,35.27078088,32.18014025,34.31301184,34.82398435,32.84052184,34.74000679,37.35740111,39.32364561,41.2829243,42.92235629,44.21992378,44.99114273,50.46504292,52.5265038,57.33055798,63.85530355,77.22864592,80.07720152,77.16149371,85.15336846,84.90038862,83.84480409,87.57464436,87.12528482,83.84567457,80.85053867,73.64497999,67.68107077,60.88659079,66.10427851,60.7958367,57.84200551,55.82478123,57.46817209,59.14159211,61.77606577,68.16836974,72.1633983,68.84184226,58.1695603,63.48460981,72.42968361,67.41996932,65.88547253
Palau,PLW,Trade (% of GDP),NE.TRD.GNFS.ZS,,,,,,,,,,,,,,,,,,,,,,,,,,,,,,,,,,,,,,,,,,,,,,161.4693973,161.5228648,149.2264449,142.823958,134.5609954,138.962919,144.7134088,145.3422839,139.0105513,141.1714678,131.2312248,127.407328,127.9232493,116.8875151,115.0486484,107.24157,80.72982347,87.73756207,,
Papua New Guinea,PNG,Trade (% of GDP),NE.TRD.GNFS.ZS,,44.23604758,44.12521441,48.37662338,52.60454879,56.00390498,56.9177886,56.99795715,58.9335044,64.81107875,72.41497703,79.6085952,79.458979,79.69828359,86.72602954,86.14302808,82.55464563,91.24374278,87.35608661,91.0694603,96.50489433,96.98430288,97.3302081,89.64760793,92.58839026,94.55467619,94.93448665,92.83887443,95.17365383,93.39396526,89.57154931,94.41979144,93.55197727,89.58928726,93.30266532,104.739981,107.8033526,99.20797503,102.8609321,116.0068021,115.421838,117.5803671,118.9191103,123.449069,131.082911,,,,,,,,,,,,,,,,,,,,
Poland,POL,Trade (% of GDP),NE.TRD.GNFS.ZS,,,,,,,,,,,,,,,,,,,,,,,,,,,,,,,,,,,,43.5552181,45.37673445,50.37637864,56.54605566,53.89801876,60.61072094,57.87853127,60.79679906,69.21344798,70.98157657,70.31147909,77.70080354,80.74539906,80.57468156,74.96859653,82.22585232,86.92368928,88.82990331,90.41750724,92.03401971,92.25542727,96.86590281,100.5658952,102.4424622,101.5810338,99.25909123,110.874283,123.0213329,110.024935,100.6501414
Pre-demographic dividend,PRE,Trade (% of GDP),NE.TRD.GNFS.ZS,,,,,,,,,,,,,,,,,,,,,,,,,,,,,,,,,,,,,,,,,,,,,,,,,,,,,,,,,,,,,,,,,
Puerto Rico (US),PRI,Trade (% of GDP),NE.TRD.GNFS.ZS,,,,,,,,,,,,82.80619112,80.29989414,85.14080887,98.89912555,98.66801654,97.87480766,106.831872,101.4249888,105.2556863,108.4191714,108.6257576,103.6261796,98.56105947,97.45232902,101.8073655,98.45974202,94.86427091,97.82496646,107.941778,114.4526621,115.3010941,105.221044,97.97993936,96.76540786,99.95443795,92.64341956,94.0796549,96.27263046,104.0804965,106.1695121,109.8856497,106.3294868,118.8401575,117.0008638,113.7447947,117.728478,117.5957791,116.2779944,105.2621968,104.1532283,108.5584001,103.3111866,104.8922401,102.3854565,108.8806342,110.2740455,113.1316206,106.0011034,107.5714568,103.5096174,96.74630215,98.25866517,101.7551003,94.775253
"Korea, Dem. People's Rep.",PRK,Trade (% of GDP),NE.TRD.GNFS.ZS,,,,,,,,,,,,,,,,,,,,,,,,,,,,,,,,,,,,,,,,,,,,,,,,,,,,,,,,,,,,,,,,,
Portugal,PRT,Trade (% of GDP),NE.TRD.GNFS.ZS,,,,,,,,,,,43.21346221,44.67418878,46.2324812,47.23712272,53.94137424,41.53306686,37.71448028,40.52807305,41.13041021,50.73328563,54.23525013,55.57613998,55.76220445,58.92763863,64.41209567,61.51639838,54.02006627,59.57585328,63.19938199,64.86889638,65.05559263,60.36660022,56.3072776,54.17523266,57.17736002,59.91447216,60.20980505,62.3049515,63.83089886,63.31432982,67.45299799,65.09195518,62.30825942,61.13894749,63.20459367,62.94450456,68.54705312,69.94611758,72.07574292,61.49269353,67.68924019,73.00757567,75.94110672,78.03050569,80.22066907,80.63467563,79.52234648,84.80779231,86.73569549,86.77098891,76.50864072,85.87354521,101.3641473,93.8637907,91.14103128
Paraguay,PRY,Trade (% of GDP),NE.TRD.GNFS.ZS,,,27.30593205,24.53485487,26.59177486,30.70922493,29.38911792,27.84606215,29.12578192,31.77920762,31.03802672,29.31833381,27.60606405,29.23379864,32.66752769,31.06296504,32.69880272,41.8952855,40.53487608,37.61434007,33.89561056,29.13929806,31.89636926,25.14220847,41.12625391,54.20862358,67.13555492,72.48536665,85.07697427,82.95522791,91.3083408,89.13931922,89.49755756,113.6037635,123.0793295,118.0640742,103.0352672,95.93427625,101.6063201,77.55527569,78.64472976,72.60569901,79.44156565,81.12736377,80.10444662,85.02196365,84.7335313,79.00113742,80.77757466,70.84198186,81.25752337,78.49212385,74.76495746,73.36987138,69.08372496,66.91506553,67.75931523,71.0801344,72.06922363,71.22216173,62.76021747,69.74227302,73.73790502,82.40521077,76.83115654
West Bank and Gaza,PSE,Trade (% of GDP),NE.TRD.GNFS.ZS,,,,,,,,,,,,,,,,,,,,,,,,,,,,,,,,,,,86.45587873,91.48592665,89.2685359,90.33725198,88.99159251,96.34528938,87.63909496,82.72597847,76.25288261,76.39868952,81.12359062,83.83635406,82.63747359,91.99924343,79.47991902,75.15119285,68.49765016,67.2495329,66.92932735,66.27131812,67.73983717,70.78096819,65.42251418,68.44866071,71.40127545,68.99349228,67.28819125,73.08354962,82.39492839,79.53316637,81.31368016
Pacific island small states,PSS,Trade (% of GDP),NE.TRD.GNFS.ZS,,,,,,,,,,,,,,,,,,,,,105.203698,105.2444224,100.9403435,104.4363525,102.1862523,101.726242,97.33481432,104.7401288,120.385642,130.6553149,129.2936407,122.9916305,111.2613286,115.3409031,112.1801929,107.7118083,109.8931021,109.4387339,106.076814,104.7360623,110.1614096,105.5018098,102.8096848,104.4980834,103.6277523,104.0711927,102.3481174,100.676173,113.367229,100.5926787,108.9035793,113.3623644,114.3797738,115.0934858,106.4391491,100.8011192,97.27081762,96.08734155,99.71276824,101.7268433,75.14164878,76.43304269,99.38941313,117.2499675,
Post-demographic dividend,PST,Trade (% of GDP),NE.TRD.GNFS.ZS,,,,,,,,,,,29.05726439,28.83918008,28.62229895,31.18220015,36.94383077,34.32786533,35.76733848,36.1147021,35.45338017,37.82552016,40.32201525,40.68466197,39.20564575,38.36253928,40.16350949,39.65902185,36.92717503,37.14131254,37.99205607,39.01063571,39.03722592,38.41433626,38.22281073,38.08964908,39.78782868,41.83379275,42.34423029,44.25734495,44.58417451,44.94905323,49.21752718,47.71276525,46.37672271,46.38041232,48.95264484,51.08573266,53.83227768,54.79817933,57.40574974,49.60064775,54.57876619,58.52393354,58.87320872,58.54321516,58.39505059,56.73678404,55.1037889,57.10142378,58.37014326,57.40927609,52.72956889,57.35306604,64.48157042,60.45279468,59.75889265
French Polynesia,PYF,Trade (% of GDP),NE.TRD.GNFS.ZS,,,,,,,,,,,,,,,,,,,,,,,,,,,,,,,,28.08681098,25.42830584,25.93948721,27.19012341,26.78328193,28.37227064,28.99450583,31.74571429,28.37865546,27.94473112,,,,,58.87573964,56.61325748,57.45546809,58.03964777,51.67507771,54.04388211,56.23198542,57.88068198,56.06196756,56.23245789,55.63046864,53.61649494,54.5776905,65.01466285,63.3061124,45.83318344,51.63760842,67.23096626,68.70809252,
Qatar,QAT,Trade (% of GDP),NE.TRD.GNFS.ZS,,,,,,,,,,,,,,,,,,,,,,,,,,,,,,,,,,,78.64992687,87.66795203,83.50922105,84.44703884,91.05812556,85.73296979,89.61265972,94.96867168,88.46972363,90.16494869,90.37242884,94.74554417,98.57091931,96.11410571,89.43284165,80.14416297,86.07028995,98.72163869,105.7462944,102.3832081,99.03437474,93.70760417,89.54760012,91.49458792,91.83844898,90.04637555,90.01909488,92.77915857,100.2136472,,
Romania,ROU,Trade (% of GDP),NE.TRD.GNFS.ZS,,,,,,,,,,,,,,,,,,,,,,,,,,,,,,,42.90709873,39.13516947,63.99024746,51.00370337,51.86707007,56.2912254,60.78136937,63.20524233,53.83879571,57.97367504,48.52132539,51.92859102,53.71024781,56.17952705,60.62647867,59.36054945,61.68362593,63.50515667,65.175201,58.47005837,69.95493549,76.27135644,76.59432399,81.39761317,83.37514296,83.5205767,85.89252829,87.15606457,86.49119902,84.36771216,77.92364346,86.61334943,93.62156249,83.0900674,77.2918515
Russian Federation,RUS,Trade (% of GDP),NE.TRD.GNFS.ZS,,,,,,,,,,,,,,,,,,,,,,,,,,,,,,42.91448517,36.10679913,26.25670361,110.5770647,68.69844324,50.95371265,55.18290547,47.92250082,47.25692141,55.77225328,69.3932815,68.09390704,61.11085866,59.64544573,59.12826901,56.5818524,56.71324849,54.73340187,51.70612275,53.38246604,48.43506103,50.35550549,48.03539941,47.15139039,46.2871494,47.80134126,49.35934931,46.51811984,46.87652434,51.58090037,49.22875366,45.9669082,50.58619546,42.78278643,40.83432641,39.50816477
Rwanda,RWA,Trade (% of GDP),NE.TRD.GNFS.ZS,22.52100386,21.31147261,22.07999859,18.59375156,24.61538575,29.03226197,31.27753591,25.92504157,23.87920772,22.03497077,26.73942628,27.0805232,24.53744536,25.04098504,33.50767572,26.87132833,33.97446072,31.9279659,38.58111782,43.79744133,40.81859447,31.58023542,35.70304958,32.34075737,32.29569297,30.66989535,32.73883473,26.59128118,24.22284757,23.42777303,19.68415887,25.37197378,23.83144703,25.67900701,71.09562831,30.97217315,32.23006582,33.46746051,28.79446359,27.33353642,27.48486383,29.19890944,27.60943812,29.31062424,33.4616731,34.21653834,33.22143707,35.9709732,37.60451085,36.80562801,37.27887909,39.71610248,40.540863,42.69349243,43.90273369,45.20197562,49.48490711,53.67526742,55.78412637,57.97566286,55.18795155,54.29383185,61.1450795,64.90690414,69.95441357
South Asia,SAS,Trade (% of GDP),NE.TRD.GNFS.ZS,13.65911008,12.77078882,12.67465502,12.54504658,11.99611674,11.22437021,13.05161665,12.08573914,11.0720886,9.966807155,10.29779141,9.920780373,9.996167329,11.11936865,12.78870473,13.9421515,15.25830347,15.01557986,15.70842391,17.73247968,18.55998141,17.16370387,16.80396844,16.21552655,16.06167388,15.23730982,14.38983942,14.74462685,15.70762686,17.25208649,17.72118254,19.02836424,20.63266155,22.14350156,22.59960817,25.6439158,24.55076174,25.27351845,26.21666792,27.20224911,29.45213456,28.62268944,31.20588564,32.00007797,38.16079502,42.49714644,45.99442145,46.0171112,52.80163595,45.92410172,48.31886967,54.78191229,55.00284048,53.12818401,48.7343659,42.33204919,39.79380345,40.3089859,43.15410397,39.81644185,36.98845377,44.01454141,48.84215047,43.97284805,43.123236
Saudi Arabia,SAU,Trade (% of GDP),NE.TRD.GNFS.ZS,,,,,,,,,72.44894146,73.13276003,72.36548475,71.90185191,79.85570202,120.6194499,76.13822449,95.06655321,83.98114544,89.98168407,90.91438812,89.10033037,90.75616435,92.91188016,89.85007633,86.14526942,79.74442425,66.7135242,62.48928638,67.99436639,66.52658395,71.82305743,71.70807559,74.69929884,75.09203458,67.80697439,60.07131146,65.04172721,66.65382007,65.18806694,56.08839261,57.84604882,68.1664488,63.56058368,64.59279741,69.83117071,75.08283666,81.95407594,89.94460468,94.8633171,96.10263087,84.85834156,82.54968502,84.35943424,81.74067855,80.25150143,78.00011112,67.10526923,57.92166351,59.53197916,59.10291047,56.79382049,47.53315923,50.88392634,56.82416477,54.16901183,54.80448472
Sudan,SDN,Trade (% of GDP),NE.TRD.GNFS.ZS,27.56246813,27.66557069,29.66486486,34.75026567,33.47124535,29.27749107,28.26465467,30.65928176,31.95823348,31.10523861,32.74989744,32.8187751,32.68563498,31.87120859,33.434893,34.79814219,30.36584201,26.0033701,23.13408513,29.31163331,33.73623182,33.27842393,34.39153439,31.77807687,24.959689,17.62910092,12.96050415,16.64829107,11.48794384,14.68809849,11.09089047,15.07295623,19.67063329,11.46608324,14.61001505,14.77239849,20.02984321,17.85860672,21.87514799,24.71436823,29.40423446,20.29334562,25.62556172,26.44022807,30.43233762,35.8715914,36.20259362,34.40333616,36.74109783,32.78087833,32.72830995,27.51233902,21.85617452,26.8585245,20.845109,18.37827285,15.28166989,17.83138983,21.86791873,26.11962046,9.955145076,4.127548638,2.698834436,2.473728783,2.461522858
Senegal,SEN,Trade (% of GDP),NE.TRD.GNFS.ZS,24.09221228,31.00926861,29.85570283,27.92055239,28.00732755,26.95185599,28.68401552,27.87827835,35.60411856,38.93067735,39.34674513,39.68118247,43.87060134,45.29830859,61.39429146,52.38003668,54.1158122,63.95374896,50.20972685,49.80268138,49.3008323,65.8519215,57.10360684,68.56431505,65.43328678,52.63377178,44.82470403,39.39205319,40.63186768,42.95742026,44.78926396,42.18289965,41.45686173,38.77425996,54.7381346,52.72540343,46.27243272,47.2413224,48.09867482,49.48526217,48.68008972,49.72057806,53.14429946,50.82121989,53.65920313,54.90324357,54.13623781,59.27130435,62.76176982,52.30729088,52.4578552,57.5768786,61.975304,60.62676636,58.44252898,58.11033767,54.10816921,57.70527985,61.78983948,64.23625061,60.04687161,69.37599399,79.59982165,71.39428703,71.19888861
Singapore,SGP,Trade (% of GDP),NE.TRD.GNFS.ZS,339.3065727,299.4018883,286.6445262,296.8814525,255.0306883,257.5412254,253.7778572,235.9349851,256.8004766,273.6976758,271.0594799,259.2966709,229.0533948,245.7289623,313.964961,283.5701851,305.899996,326.9837096,334.601961,375.0104062,410.9367752,399.7782683,372.5371676,333.1470387,313.1235263,304.1448457,294.8264605,325.0384746,359.867159,347.5726857,344.3322178,323.8879948,311.3122673,313.4161398,316.2165476,345.4592639,334.9111633,323.8644221,312.0792557,336.4848464,364.3645205,349.2921057,349.746014,377.2185643,401.5237125,420.4305129,425.3633995,394.2884719,437.3267149,358.1928118,369.6855558,379.0986314,369.2129658,367.04178,360.4673192,329.4713989,302.839656,316.7944093,326.5965873,324.3949851,332.0408055,329.1613837,332.3495678,325.6932241,322.3714279
Solomon Islands,SLB,Trade (% of GDP),NE.TRD.GNFS.ZS,,,,,,,,,,,,,,,,,,,,,142.3528682,142.3528638,142.5308076,142.6909522,150.9064966,142.7966006,157.9273011,157.9957932,192.6255035,193.4615519,142.442018,168.2004094,149.7917767,161.4688071,136.8147122,114.2051863,98.79545332,100.9109732,83.138802,69.16174399,58.55232809,45.11006857,45.12751003,55.9585327,62.8108139,66.57458564,69.78922717,83.7474626,87.35328346,71.88540254,96.14800497,107.2476782,104.8236306,99.60702457,93.45400648,88.1884135,85.54959688,82.19757091,88.49467973,82.99833762,60.22033764,66.63940727,78.03593096,,
Sierra Leone,SLE,Trade (% of GDP),NE.TRD.GNFS.ZS,,,,,58.59332106,60.14803272,59.39597315,58.39271576,50.53058938,52.82243265,60.30236817,63.65443587,56.80644218,48.04242044,50.23033501,59.5797341,50.46644835,46.44928971,43.83047973,46.99055754,61.08178278,62.75344374,41.68899969,33.1059112,23.02985895,31.43184422,26.92697769,55.15307939,43.11616508,41.58841735,68.69066737,60.24404961,64.49287525,52.85983759,55.16006752,45.02925044,49.59553065,28.27802404,35.33267956,33.7491637,57.5299629,35.93816034,38.91691205,46.4464373,46.1719994,47.54798345,22.08886647,21.80679927,21.25661556,23.0753396,27.95412592,43.78079693,53.38134471,53.36276461,51.11877728,36.48239582,43.0672127,41.52137823,37.37746031,37.54695411,30.58757663,42.10563627,45.03309182,55.86968816,64.4777969
El Salvador,SLV,Trade (% of GDP),NE.TRD.GNFS.ZS,,,,,,55.19755731,54.44100181,54.29625077,52.45206262,48.98036974,49.38389295,51.24607965,57.22153642,62.94303622,73.24897352,71.2629731,72.36070952,75.63807687,69.79628576,74.11278522,67.40646419,60.26649248,51.24774023,54.39780104,50.29067505,52.21053821,53.71412272,45.0946222,38.09570441,36.92829582,49.61562778,47.75343093,48.67524582,53.52729049,55.14864864,59.36075434,55.28185673,63.55709275,60.87229075,60.99048962,68.7100889,65.89073854,65.91909078,68.23698248,69.78226418,69.71581168,73.45556751,77.62105603,80.66597394,66.07119117,73.53728767,79.2766437,77.64857162,80.45119449,78.10442575,76.56027074,72.81909337,74.30465119,75.63361689,76.0420131,66.45950695,81.84507598,88.70110938,81.71477234,84.65964616
San Marino,SMR,Trade (% of GDP),NE.TRD.GNFS.ZS,,,,,,,,,,,,,,,,,,,,,,,,,,,,,,,,,,,,,,,,,,,,,,,,,,,,,,,,321.3640134,320.1460891,313.8503238,309.4879564,307.2647781,304.9031676,342.470174,370.4360718,,
Somalia,SOM,Trade (% of GDP),NE.TRD.GNFS.ZS,29.86031318,39.07957524,40.30810883,41.84202792,46.41654072,37.7908151,37.53264752,35.90377641,36.41112344,39.64092361,26.1915794,31.65054798,33.77810794,42.75334322,46.92122357,36.94536068,31.38677512,79.47674233,82.00609272,99.97776134,121.8845629,93.16739528,93.99883294,96.1143266,75.75217526,25.65757874,36.90286262,37.56403098,26.6656393,48.62017336,42.26333247,,,,,,,,,,,,,,,,,,,,,,88.57364608,83.34099913,81.70104146,76.47933224,74.36156255,68.67564909,73.820838,70.31060836,75.68778398,79.09323138,90.75989116,92.68615435,94.36029411
Serbia,SRB,Trade (% of GDP),NE.TRD.GNFS.ZS,,,,,,,,,,,,,,,,,,,,,,,,,,,,,,,,,,,,12.57449542,27.31900371,32.67802049,39.16697558,24.19794239,21.10904388,53.89507862,54.30288289,58.29467202,72.28761625,71.99254885,75.52923536,72.71658758,75.74324629,63.50172262,73.70886159,75.74936131,82.07668143,84.33225638,88.38150233,93.52814777,97.69069404,102.7404452,105.563713,107.5773095,100.3244608,112.3422983,131.9376424,114.4939487,111.4609584
Sub-Saharan Africa (excluding high income),SSA,Trade (% of GDP),NE.TRD.GNFS.ZS,38.76809628,,,,,,,,,,,,,,,,,,,,,,,,,,,,,,,,,,,,,,,,,,,,,62.76779041,61.69389866,66.81235169,72.71165056,64.13441025,64.91225554,67.13600211,65.92226983,64.16563983,62.54390676,58.63184897,56.01431344,55.9378225,58.33089265,56.31938519,53.23569845,58.1563484,61.96846284,59.9739805,
South Sudan,SSD,Trade (% of GDP),NE.TRD.GNFS.ZS,,,,,,,,,,,,,,,,,,,,,,,,,,,,,,,,,,,,,,,,,,,,,,,,,97.26629732,94.83576409,90.94344837,93.22685975,71.61981139,50.81124659,64.63451781,65.55134918,,,,,,,,,
Sub-Saharan Africa,SSF,Trade (% of GDP),NE.TRD.GNFS.ZS,38.76809628,,,,,,,,,,,,,,,,,,,,,,,,,,,,,,,,,,,,,,,,,,,,,,,,,,,66.33371691,65.0538259,63.16423649,61.60789301,57.81454621,55.08444699,54.83830368,57.09966155,55.05797999,51.86850073,56.58548308,60.30478261,58.09813579,
Small states,SST,Trade (% of GDP),NE.TRD.GNFS.ZS,,,,,,,,,,,,,,,,,,,,,,,,,,,,,,,,,,109.246764,111.2329156,116.0884311,118.0702015,117.864202,118.4783917,115.2932754,117.3864959,115.3184952,111.7717575,106.4678759,108.5004002,110.7894672,112.3785065,111.587448,115.5508885,105.4855827,114.5788997,124.3978484,126.6492929,126.8680624,125.0296259,123.5315434,120.8851204,122.8504005,125.1975859,126.4150949,120.1863539,133.4733095,150.182056,140.4007295,
Sao Tome and Principe,STP,Trade (% of GDP),NE.TRD.GNFS.ZS,,,,,,,,,,,,,,,,,,,,,,,,,,,,,,,,,,,,,,,,,,,,,,,,,,,,,,,,,,,,,,,,,
Suriname,SUR,Trade (% of GDP),NE.TRD.GNFS.ZS,,,,,,,,,,,,,,,,,,,,,,,,,,,,,,,,,,,,,,,,,,,,,,,98.16819317,101.3770004,109.1668385,87.92066178,90.96139415,,,,,,,,,,,,,,
Slovak Republic,SVK,Trade (% of GDP),NE.TRD.GNFS.ZS,,,,,,,,,,,,,,,,,,,,,,,,,,,,,,,56.46626571,86.77361254,131.4418976,110.8292266,107.0601867,107.2351881,110.8177042,117.2881337,101.9062178,97.53025218,108.939263,121.9311312,120.599168,125.9985062,140.22246,148.7054612,164.9922057,166.5800252,162.464473,136.7143521,155.1084977,169.1780763,176.9689582,180.9031365,176.7563161,179.4260229,182.7573796,186.6446874,188.7329647,183.7226086,167.5341733,181.9046654,203.9289682,181.0336307,170.2444357
Slovenia,SVN,Trade (% of GDP),NE.TRD.GNFS.ZS,,,,,,,,,,,,,,,,,,,,,,,,,,,,,,,139.5735923,130.0993817,98.39195596,96.02235525,97.12480493,93.0505273,93.66844152,96.4295395,97.06808154,92.95818742,104.6203486,105.5832235,104.8804583,103.2800271,112.3999335,121.1272842,130.5179131,137.6630944,135.3870937,114.482301,128.6065754,140.3323558,143.6564486,145.1687894,146.4717051,147.2183677,148.2384481,158.7021358,162.613494,160.0442757,147.5490086,162.0827284,186.219595,160.0984447,156.482457
Sweden,SWE,Trade (% of GDP),NE.TRD.GNFS.ZS,42.26054657,40.07338451,39.4018267,39.5531915,40.2298136,40.40086715,39.45948406,38.31437958,39.26676821,41.75943109,44.36022371,43.24155075,42.65801598,47.38046699,59.30583627,51.4055341,51.82746815,51.34846526,50.43708897,56.23195393,55.95319702,55.823173,60.74317157,64.39388044,64.27575331,64.08869764,58.3292937,58.76980761,58.43816806,59.12487191,55.90485353,51.16960405,50.85178717,58.23286209,63.9489602,68.68041878,66.50587665,71.99426584,74.33408636,74.8473999,81.47161023,80.56870032,77.08490417,75.32781797,78.73551972,84.16752046,88.32983589,89.5464307,92.80790144,81.9578894,85.09104947,86.39032508,85.29767121,81.63981336,83.82264677,84.15717393,83.26380075,85.92125042,90.12969572,92.52108348,84.33078177,90.27798618,105.8550153,106.7408783,104.8109943
Eswatini,SWZ,Trade (% of GDP),NE.TRD.GNFS.ZS,,,,,,,,,,,,,,,,,,,,,,,,,,,,,,,,,,,,,,,,,,,,,,,,,,,,,,85.17807426,91.59971993,88.23807782,89.31350337,86.86003571,85.47537165,86.64122296,84.30061197,90.33279817,92.67890422,100.0932364,
Sint Maarten (Dutch part),SXM,Trade (% of GDP),NE.TRD.GNFS.ZS,,,,,,,,,,,,,,,,,,,,,,,,,,,,,,,,,,,,,,,,,,,,,,,,,,,,,,,,,,,,,,,,,
Seychelles,SYC,Trade (% of GDP),NE.TRD.GNFS.ZS,,,,,,,,,,,,,,,,,97.09213747,88.09833739,85.32027572,83.55900236,77.14440896,67.49989501,72.36017102,69.8477542,71.17611222,71.2917349,56.4464343,51.43385142,63.73275959,61.87121589,62.57648142,56.05891922,52.39553897,57.89189645,50.07234409,53.39257771,98.05534346,76.64718702,78.97394929,88.36432792,151.3024478,179.8849149,156.9298896,168.844235,149.5409368,171.101736,177.5669355,174.9284628,208.8429685,221.9338254,198.1626924,210.0753827,222.1782549,196.5177333,213.3544694,187.4750125,180.8661884,197.4422364,185.7075372,173.4078469,153.4833316,183.770815,189.8268354,180.8272625,188.3691853
Syrian Arab Republic,SYR,Trade (% of GDP),NE.TRD.GNFS.ZS,49.15659306,39.98186453,42.49716343,40.59841476,35.9165248,34.0800718,40.64747597,34.90472896,37.88266154,38.80053508,38.55882353,39.68551104,41.84005202,47.82476422,57.82896813,55.37214157,53.82002022,58.83093325,46.07119701,55.14188946,53.6629608,48.61425726,38.84543816,39.92713976,36.42457062,37.39741664,33.510452,44.59878477,42.77467522,60.1688911,56.29006291,56.47924664,63.88800689,68.76919916,78.45449821,68.97657516,69.91417906,66.22297869,61.42484477,64.30840492,65.28498612,67.3681325,71.64430768,61.54699054,78.11492859,80.13300249,74.20522659,76.37935352,74.2279601,59.94382524,64.01016469,50.69609435,35.36869033,44.70525478,54.26442252,51.08620782,67.11193653,61.05085217,50.65909911,41.99947112,44.8183353,61.2204851,35.60946808,,
Turks and Caicos Islands,TCA,Trade (% of GDP),NE.TRD.GNFS.ZS,,,,,,,,,,,,,,,,,,,,,,,,,,,,,,,,,,,,,,,,,,,,,,,,,,,,,,,,,,,,,,,,,
Chad,TCD,Trade (% of GDP),NE.TRD.GNFS.ZS,30.42721431,32.46780886,33.65933722,32.16026944,35.05707451,31.31329359,31.87583478,32.52602727,33.62604128,30.90566203,38.30956791,36.9700137,33.94915755,39.22903079,45.1948174,40.2532787,42.46815367,43.72665462,44.39031039,52.41622967,45.81058349,37.76177888,20.05679759,39.96040584,42.07083878,43.23366539,48.76989913,51.8817264,45.1233829,45.19009187,41.38702344,36.34954132,35.90456003,42.64733333,50.98835136,55.69655657,46.61003319,49.31310114,48.0589829,50.50786776,51.57117201,64.32190804,126.3508078,83.37891496,101.7685909,77.57749365,77.0815766,75.10599627,69.06777461,64.85975119,63.73116913,57.54375619,54.38518874,51.53081645,40.81162699,48.51149821,43.95801493,43.29006139,46.73843179,46.67772472,40.64281706,43.9465041,47.98837843,46.94845312,45.36262982
East Asia & Pacific (IDA & IBRD countries),TEA,Trade (% of GDP),NE.TRD.GNFS.ZS,10.64704496,10.28723838,9.018656704,9.685972299,10.22760164,9.312952333,10.9385333,10.03286435,10.15559671,9.414034177,9.684413835,9.792518002,10.65401867,13.1911956,16.64411118,15.63454693,15.301195,15.18532582,20.35782529,22.63639012,27.31027343,29.42467448,25.36391154,24.39069651,24.87501165,25.86159612,24.98833991,29.94410149,34.92111374,31.99821654,32.252125,34.05312554,37.51238824,42.22279561,42.93063677,42.4859928,41.97412724,43.60826844,45.42898394,44.31802873,50.76789689,49.42681809,51.92051965,59.06166183,66.63549667,69.10199283,70.34242023,67.95858711,64.19332466,51.57591813,56.1724329,56.83206342,54.39406181,52.78990291,51.16728667,46.05740408,43.48747119,44.79251278,45.09485558,42.70479529,40.58945081,44.66802204,46.78672864,44.51476345,44.12108525
Europe & Central Asia (IDA & IBRD countries),TEC,Trade (% of GDP),NE.TRD.GNFS.ZS,,,,,,,,,,,,,,,,,,,,,,,,,,,,,,42.0247553,38.85734869,33.08848712,86.84683012,62.69163268,56.38105927,56.45531912,54.65619743,56.47634944,56.02260982,61.89882439,64.98339311,62.86670195,62.20720238,63.41344052,64.56224908,63.04628152,63.52560449,62.87284474,64.84079922,58.22556374,60.50561943,63.39524425,63.10167679,61.81611264,62.83137724,62.46031047,61.84929896,64.60968284,69.11425415,67.66830769,63.20714512,70.40919107,73.01212634,65.60866569,61.08576514
Togo,TGO,Trade (% of GDP),NE.TRD.GNFS.ZS,,,,43.51851852,53.90625,48.04597701,49.90583804,46.31578947,50.25041736,55.17241379,59.83717775,61.53846154,54.22374429,47.89823009,66.87069625,73.49961029,73.58767425,72.03791469,100.6355932,94.73684211,109.6057047,95.81395349,118.6503522,96.00671141,103.1867431,105.5474453,99.61894393,92.16835376,90.05095851,89.0871177,59.76648831,59.46145543,49.65501314,42.71250044,57.56435643,55.60177373,59.4098688,53.20690149,55.73792451,50.10889962,48.80800411,51.39415207,51.60956528,55.38997842,57.87109387,61.45428001,61.61286046,60.92747833,61.44248006,61.33340732,65.85679206,76.65527426,74.6110977,80.99058865,69.92374668,68.20008842,65.52875221,57.60198442,57.35580371,56.1423934,55.54853856,57.5850135,65.48778501,61.42735677,62.47424366
Thailand,THA,Trade (% of GDP),NE.TRD.GNFS.ZS,33.55985836,34.44557136,33.33618024,33.50933963,36.13004069,34.91623818,35.5602503,38.3731248,37.62027234,36.12230081,34.40230677,34.80182518,37.3733101,38.64925767,45.54476978,41.33795122,42.94025901,45.33605865,43.99897477,51.86795617,54.47906561,53.96866646,47.54832882,47.38449604,48.06926542,49.15522845,49.17085468,57.22798449,67.41347051,72.40693352,75.78236436,78.47113498,77.95464569,77.74611712,81.24895299,89.75617494,84.274148,95.05179065,100.2404737,100.7062887,121.2979554,120.2679663,114.969743,116.6928197,127.4118737,137.8538668,134.0869462,129.873227,140.4370115,119.2694189,127.2505226,139.6754072,137.6749385,132.4622742,130.9054954,124.8396622,120.5752273,120.8914274,120.8418647,109.6895147,97.80074325,117.2529446,132.8587121,128.8241142,136.7747451
Tajikistan,TJK,Trade (% of GDP),NE.TRD.GNFS.ZS,,,,,,,,,,,,,,,,,,,,,,,,,,,,,,,,,,70.19630583,86.36584158,137.5159026,156.6705901,181.5901196,106.8955428,133.605948,175.3512061,146.6573056,138.6839688,137.669593,128.3381707,126.9946993,141.1539121,145.5280997,114.4801491,85.97813704,73.49304451,79.78424467,83.17594454,71.74374289,54.60715961,49.93781607,55.72464469,53.78610461,55.84611141,56.04501591,55.74910402,71.82593744,65.43551159,65.63470104,
Turkmenistan,TKM,Trade (% of GDP),NE.TRD.GNFS.ZS,,,,,,,,,,,,,,,,,,,,,,,,,,,,,,,,66.10169492,105.3125,146.0678643,170.2580275,168.1795245,152.516129,103.690369,96.32011433,90.47619048,103.5803178,81.98585494,63.70468612,63.20175069,59.31996749,53.97234197,52.447301,56.27777778,94.7240752,104.9521793,96.86305584,111.0628338,109.3336526,98.59282268,91.09348296,81.29993057,62.0460847,53.57535671,50.90027264,44.2857594,35.93659385,33.05811708,37.36095096,34.0992738,
Latin America & the Caribbean (IDA & IBRD countries),TLA,Trade (% of GDP),NE.TRD.GNFS.ZS,21.88212545,21.02317204,19.81393268,23.15584411,20.28000367,20.38649941,20.34261634,19.73306268,20.59001774,21.03586936,21.44393992,21.18911968,21.97974057,23.24301014,27.68203461,25.8814757,25.49459189,26.02215252,25.64842161,27.0986713,28.30748397,27.31651488,25.9483244,27.57253804,28.34223244,27.73233556,26.74371412,27.59006298,31.01219649,30.55812919,31.30115822,30.92473032,32.04401007,30.21875329,30.7725826,33.56266628,34.64682924,34.84035572,34.67768938,35.83562177,37.82223931,37.92150442,40.47200859,42.2281856,44.44852571,44.26915389,44.79810327,44.78410924,46.29931666,39.87795818,42.4122234,44.67209934,44.64705099,43.88366076,43.04345118,43.46193883,43.45818515,43.71591319,47.33590855,46.75701185,46.65583034,52.73211517,56.2378167,47.97951705,48.51576686
Timor-Leste,TLS,Trade (% of GDP),NE.TRD.GNFS.ZS,,,,,,,,,,,,,,,,,,,,,,,,,,,,,,,,,,,,,,,,,175.6484648,166.6963735,180.4037443,122.3119649,107.3308196,74.67125131,98.87571938,128.7608922,135.2507603,157.6864486,134.4005217,140.7663496,128.5004933,79.63412483,82.73577734,60.07692093,60.31062176,58.63475078,64.81918252,70.61424442,84.7503095,99.86742291,97.62192155,89.30059136,
"Middle East, North Africa, Afghanistan & Pakistan (IDA & IBRD)",TMN,Trade (% of GDP),NE.TRD.GNFS.ZS,44.16580931,43.68461267,31.14434251,36.24828397,37.14961753,34.59604761,34.62017432,34.82122361,33.58151492,34.4355167,38.31564651,40.1954958,38.6539623,47.27249467,62.75302072,65.21652026,60.08825055,60.82691053,54.79574666,58.93404812,60.63605014,61.30159188,56.70879658,49.86142013,46.04391869,42.74848905,33.40927691,35.06634002,40.07720982,45.65057076,46.2045725,47.70241303,45.26362689,45.65376651,43.04524506,43.07295772,42.13987972,53.01167713,52.61552932,54.32548672,55.02422829,54.72062155,56.92444189,63.21364875,63.66945464,66.9846347,63.95511039,62.7680359,66.19934397,58.2832617,56.3504583,54.90712707,55.05890329,54.6579769,52.13960374,47.64587198,44.13725838,49.22489507,55.49905403,52.73624756,44.69916921,50.25347966,59.09408832,57.84731142,57.87884809
Tonga,TON,Trade (% of GDP),NE.TRD.GNFS.ZS,,,,,,,,,,,,,,,,112.1480837,83.56632545,91.0432684,96.66193984,95.88128862,97.78077096,92.62042354,92.21316164,87.82841664,89.5630438,102.3593572,95.58816322,95.5322925,89.48574358,87.90899242,98.96572345,83.462068,72.63082072,67.44352272,62.95976808,71.11928575,77.83335654,71.85019826,78.29163186,60.77752088,61.5082393,62.40656439,73.83740938,73.21605682,73.97371512,76.20804944,66.35498847,68.22991825,72.65637912,74.34066489,70.79766812,78.85786489,77.97228728,82.7315812,74.73042547,81.35416544,84.89125382,88.04349259,87.45031196,90.3147731,83.45799235,66.17429326,75.31522899,94.13715044,
South Asia (IDA & IBRD),TSA,Trade (% of GDP),NE.TRD.GNFS.ZS,13.65911008,12.77078882,12.67465502,12.54504658,11.99611674,11.22437021,13.05161665,12.08573914,11.0720886,9.966807155,10.29779141,9.920780373,9.996167329,11.11936865,12.78870473,13.9421515,15.25830347,15.01557986,15.70842391,17.73247968,18.55998141,17.16370387,16.80396844,16.21552655,16.06167388,15.23730982,14.38983942,14.74462685,15.70762686,17.25208649,17.72118254,19.02836424,20.63266155,22.14350156,22.59960817,25.6439158,24.55076174,25.27351845,26.21666792,27.20224911,29.45213456,28.62268944,31.20588564,32.00007797,38.16079502,42.49714644,45.99442145,46.0171112,52.80163595,45.92410172,48.31886967,54.78191229,55.00284048,53.12818401,48.7343659,42.33204919,39.79380345,40.3089859,43.15410397,39.81644185,36.98845377,44.01454141,48.84215047,43.97284805,43.123236
Sub-Saharan Africa (IDA & IBRD countries),TSS,Trade (% of GDP),NE.TRD.GNFS.ZS,38.76809628,,,,,,,,,,,,,,,,,,,,,,,,,,,,,,,,,,,,,,,,,,,,,,,,,,,66.33371691,65.0538259,63.16423649,61.60789301,57.81454621,55.08444699,54.83830368,57.09966155,55.05797999,51.86850073,56.58548308,60.30478261,58.09813579,
Trinidad and Tobago,TTO,Trade (% of GDP),NE.TRD.GNFS.ZS,,,,,,,,,,,,,,,,,,,,,,,,,,,,,,,,,,,,,,,,,,,,,,,,,,,,,,,,,,,,,,,,,
Tunisia,TUN,Trade (% of GDP),NE.TRD.GNFS.ZS,,,,,,33.44224486,34.52881976,35.73684211,31.78610632,34.80507974,46.74430916,48.53608715,50.08899297,52.4711196,67.57332989,63.96003216,63.09881014,67.59432456,69.70087363,80.94798084,85.83815845,91.21095627,84.34976272,77.08403169,77.29087393,70.23638203,67.4850567,70.64204199,83.67549592,92.00721593,94.16126557,85.68602022,86.00008755,88.41096774,92.80438604,93.71444657,85.72035476,80.50071044,79.97945826,77.90511394,82.63911067,89.55220119,85.34217597,82.39034071,86.9253447,90.25124788,93.94093041,104.059401,114.3436602,93.01687879,100.1510098,100.1063793,101.5507239,98.95495669,96.10710386,87.24853066,87.09266436,95.80880587,103.8717358,102.3320455,84.33826686,93.63896352,115.8276166,112.9148723,104.9895625
Turkiye,TUR,Trade (% of GDP),NE.TRD.GNFS.ZS,5.726872247,11.96105702,13.57409714,11.15879828,9.940357853,9.935004643,9.771473601,9.090909091,8.761904762,8.333333333,10.78880407,13.56701031,14.56243514,16.12637363,17.00282372,15.65311821,15.52478134,14.52238947,11.4356154,9.09974443,17.08981761,21.14162764,26.88092107,29.03105179,35.2801051,34.82697212,29.41445948,33.33828503,36.20683384,33.98366824,30.9429955,30.47601167,31.73736564,33.01708778,41.74585234,44.24263475,49.36931489,54.97032357,40.39541059,37.66492201,42.35443704,49.87147514,47.98239405,46.22509763,48.82583815,46.14235705,48.76287107,47.85081675,50.5482539,46.78706695,46.69446523,53.30417564,52.83080266,52.5272988,53.76630117,51.0885436,48.32818623,55.76216875,62.61421854,63.1932929,61.34375577,71.08244396,81.17012969,66.27660471,55.82178445
Tuvalu,TUV,Trade (% of GDP),NE.TRD.GNFS.ZS,,,,,,,,,,,,,,,,,,,,,,,,,,,,,,,,,,,,,,,,,,,,,,,,,,,,,,,,,,,,,,,,,
Tanzania,TZA,Trade (% of GDP),NE.TRD.GNFS.ZS,,,,,,,,,,,,,,,,,,,,,,,,,,,,,,,34.48360658,30.23162255,35.66779633,45.23649747,44.23676756,45.16191999,35.7265067,28.85878322,26.14364206,25.02205481,23.98911515,28.03014323,27.49921727,30.44883582,33.60978674,36.95927329,42.76816647,48.05839478,49.02654455,43.53260065,47.64043943,56.16612418,54.36894908,48.63162753,45.35602234,40.75768088,35.4204704,33.11259199,32.6426099,33.01858925,27.9630152,29.91518401,35.00345171,38.21203481,41.51312072
Uganda,UGA,Trade (% of GDP),NE.TRD.GNFS.ZS,49.14583075,46.0620967,45.55511978,52.17148485,52.99398534,49.93668883,50.89258699,49.68881169,46.55870445,41.87133102,43.47004557,43.77160921,36.16901408,29.70549523,29.76497758,19.56583161,20.99456544,16.95112179,32.51535947,36.93271467,45.47609291,38.13654378,25.90126292,22.30322869,27.01757946,28.7468564,28.04839215,26.29039064,25.3500383,26.04762852,26.60954376,29.40220186,33.05214405,28.23983454,27.83935986,32.62314586,35.38548688,34.15856697,30.04392193,36.02471016,32.74903334,35.32997678,36.27779416,36.58572646,35.46008625,38.99428548,43.63328579,46.77741665,56.25826821,47.06387807,38.26924904,39.75522556,43.50213714,43.10915487,36.01440108,37.68929833,31.20936202,36.83705293,36.6384056,39.36105396,37.00069239,41.71363074,34.50530193,33.34169633,41.46828355
Ukraine,UKR,Trade (% of GDP),NE.TRD.GNFS.ZS,,,,,,,,,,,,,,,,,,,,,,,,,,,,,,64.21539866,56.40718563,50.13377926,45.96860719,52.068819,73.94400421,97.22969648,93.85664508,84.24141616,86.04972844,101.951707,115.7357149,99.92612762,95.99466981,102.5901823,109.9817085,94.64757011,89.18105264,88.04656067,94.17189214,87.47616262,95.72973045,104.8050739,102.6227884,94.00166945,100.6917825,107.8066163,105.5212049,104.0349829,99.19981507,90.51123429,79.15645238,82.69796136,87.39651399,77.50961419,77.75301133
Upper middle income,UMC,Trade (% of GDP),NE.TRD.GNFS.ZS,14.43621169,14.2485741,12.38709704,13.88797493,13.41041491,12.72155737,13.76794014,13.01025281,13.35049967,12.97477379,14.1381506,14.5260524,15.27520416,17.64229169,21.54310049,20.42017761,19.93168509,19.8545683,22.56565976,24.31324548,28.12163868,29.22964713,26.41554697,25.99144348,26.51685174,27.00593093,25.33343587,29.13763637,33.44615681,31.02500392,31.1674936,32.2294774,36.23270635,38.50144337,39.35462588,39.75644176,39.37314635,41.54956231,42.12240407,42.03590191,47.22962541,46.5419865,48.86459077,54.07420339,59.37633697,60.82599073,61.55994836,59.79328718,58.29404234,48.13993578,51.7821045,53.16913648,51.80242387,50.34778518,49.04430342,45.50639395,43.62053215,44.76764025,46.58551233,44.71005173,42.68027675,47.69945817,50.80896264,46.87249144,47.02558528
Uruguay,URY,Trade (% of GDP),NE.TRD.GNFS.ZS,32.4137931,28.97727273,25.77319588,24.03433476,23.28358209,29.87249545,28.61538462,27.78771616,27.38836265,25.52806276,29.09433962,21.71789716,30.33040785,19.9234844,31.27281631,37.0585261,39.63817419,42.55498313,40.00155531,38.00012436,35.66439634,34.23545888,31.61665882,49.29273925,47.9560746,47.85656984,46.48374023,40.85464499,39.79381317,41.19356188,41.62847212,38.55490474,40.07304363,38.68496676,40.14883372,38.09767484,39.52843646,37.70639708,35.6400154,33.38644895,36.71373815,36.30951264,40.02906731,51.75919958,61.47668809,58.87769633,61.97157452,59.21044784,65.20809501,53.39441927,51.6990372,53.24703401,55.06115416,49.71784647,49.08762406,45.32824081,48.47055838,46.3780042,47.79131048,49.74483412,47.73187332,58.31504102,61.0307951,52.91098707,52.46491679
United States,USA,Trade (% of GDP),NE.TRD.GNFS.ZS,9.197432899,8.938207456,8.934736464,8.961577878,9.206547781,9.236671254,9.578518604,9.68692935,10.03165649,10.05556236,10.7582854,10.75717904,11.34061965,13.07921559,16.44498632,15.51637363,16.04884564,16.41789468,16.97283423,18.3761632,20.10984469,19.42591317,17.53681228,16.66559348,17.52240742,16.60390613,16.89797715,17.97358098,19.07010071,19.41512839,19.81506735,19.78644812,19.9505945,20.0446187,21.05545916,22.45338165,22.68707199,23.4283278,22.82589398,23.31356973,25.10298556,22.96718302,22.28638421,22.62729729,24.44805666,25.63855734,26.97528581,28.01201556,29.86778753,24.75952764,28.21988294,30.84247858,30.68183958,29.94130628,29.90656934,27.68821393,26.45259779,27.12533822,27.44535913,26.25848062,23.07977787,25.21365603,26.89168983,24.89936314,24.8879917
Uzbekistan,UZB,Trade (% of GDP),NE.TRD.GNFS.ZS,,,,,,,,,,,,,,,,,,,,,,,,,,,,,,,,,,,,,,57.19859136,45.41795478,36.61885881,44.05402998,56.77627759,58.95452471,70.45927469,76.5956692,69.52525842,67.47129217,74.41419298,79.74799203,68.6731422,49.2689978,49.65428849,44.23931913,42.37791497,36.35705466,30.75619143,29.19229704,42.55950819,64.1381395,64.96392276,56.05153083,57.4589717,62.84125254,66.1051443,60.72744038
St. Vincent and the Grenadines,VCT,Trade (% of GDP),NE.TRD.GNFS.ZS,,,,,,,,,,,,,,,,,,,,,,,,,,,,,,,,,,,,,,,,,,,,,,,,,,,,,,,,,,,,,,,,,
"Venezuela, RB",VEN,Trade (% of GDP),NE.TRD.GNFS.ZS,48.58205757,48.65563943,49.57933954,47.22456969,48.1611808,48.2249176,44.81399939,44.63591592,44.78950282,44.32513018,42.03690533,44.20066152,43.26916198,47.82097662,61.47531051,57.84924385,58.58960505,62.1484079,61.36058204,58.32114645,57.36822436,55.40640515,53.05759644,35.71051871,42.61267116,39.44059164,39.0019257,42.30574609,46.37203518,53.42731969,57.70721738,55.71963976,53.4761392,52.39018552,51.444814,47.34234294,55.97242779,51.24503641,43.59939293,42.07023048,47.85722155,42.14126802,48.57571065,50.57700738,55.3674556,60.12732976,58.66559156,56.19909548,51.82901238,38.52092966,46.13689352,49.6381216,50.40356738,54.27776127,48.09081353,,,,,,,,,,
British Virgin Islands,VGB,Trade (% of GDP),NE.TRD.GNFS.ZS,,,,,,,,,,,,,,,,,,,,,,,,,,,,,,,,,,,,,,,,,,,,,,,,,,,,,,,,,,,,,,,,,
Virgin Islands (U.S.),VIR,Trade (% of GDP),NE.TRD.GNFS.ZS,,,,,,,,,,,,,,,,,,,,,,,,,,,,,,,,,,,,,,,,,,,283.1698345,362.9683416,435.1593363,503.2068654,552.1186441,560.367893,863.195099,508.4027612,586.4014801,679.2327729,157.1777941,142.2418406,164.2917251,84.76658477,113.2964718,157.6963627,159.2403773,155.4234409,113.5965949,180.2973153,205.6292808,,
Viet Nam,VNM,Trade (% of GDP),NE.TRD.GNFS.ZS,,,,,,,,,,,,,,,,,,,,,,,,,,,23.21869432,20.79860657,18.95048709,57.90446215,81.31569794,66.94695239,73.57688513,66.21226715,77.47319794,74.72126592,92.7057468,94.34448407,97.00124851,102.7874066,111.4170944,111.955938,116.6968687,124.3279544,133.0164979,130.714846,138.3136219,154.605384,154.3174796,134.7063177,113.9776875,125.2605779,123.2241167,130.8463549,135.4105215,144.9142282,145.409508,160.9800837,164.6639368,164.704215,163.2458628,186.6758328,183.1536191,164.8180713,
Vanuatu,VUT,Trade (% of GDP),NE.TRD.GNFS.ZS,,,,,,,,,,,,,,,,,,,,,70.13049783,68.65805964,75.48111837,113.6733579,112.5061031,110.5285745,93.42930971,93.8381201,89.70730527,94.09131603,112.5752441,94.22281521,94.63916656,94.97046275,92.87237171,91.96150682,92.94178082,96.19692463,94.74093342,91.23233024,87.15579178,87.77214514,91.69972369,91.56798959,98.7059775,100.1738203,89.54146181,90.1716511,105.7748526,108.4891791,103.8233122,96.99876642,104.4516297,106.4107571,105.1993183,108.7586657,106.3519353,105.5265737,110.6796598,99.38296882,69.91489483,58.00115325,65.10387753,,
World,WLD,Trade (% of GDP),NE.TRD.GNFS.ZS,,,,,,,,,20.014054,21.13690653,25.77039983,25.81073258,25.9996165,29.02703184,33.78463177,31.98283092,32.76559313,33.12858835,33.54661737,35.72847252,38.55719225,39.00537221,36.98930928,36.15915686,37.48052956,37.03161704,34.56776785,35.83777796,37.66818237,38.0457777,38.05457311,37.92515213,40.79940829,40.32135269,41.25816949,43.07281187,43.20691879,45.04160308,45.51925849,45.97467308,50.36411345,49.23039964,49.26593114,50.92039748,54.47754101,56.52011679,58.66867177,59.05215325,60.68150793,52.19111159,56.53433137,59.65892089,59.46980225,58.75152096,58.140231,55.7739838,53.98451148,55.69987493,57.19883658,55.95674666,52.06386391,56.85194965,62.60539732,58.37002826,56.55958121
Samoa,WSM,Trade (% of GDP),NE.TRD.GNFS.ZS,,,,,,,,,,,,,,,,,,,,,,,,,,,,,,,,,,,,,,,,,,,87.91997114,76.27214877,72.52937031,76.22474427,82.46919384,83.20220418,73.88642706,75.97939216,78.56980168,81.60095501,82.73397948,77.87775174,80.50077404,74.63435501,75.21181747,74.01108076,78.93496843,83.33107958,77.4836,60.88888565,64.98318033,90.65748056,83.13166286
Kosovo,XKX,Trade (% of GDP),NE.TRD.GNFS.ZS,,,,,,,,,,,,,,,,,,,,,,,,,,,,,,,,,,,,,,,,,,,,,,,,,76.73074308,77.7553767,82.17747997,86.15174947,81.36391626,75.10348366,77.07605216,74.02044225,75.01881231,80.41013735,86.31508467,85.75340851,75.60801713,98.63843049,110.0120316,109.9518516,114.2603926
"Yemen, Rep.",YEM,Trade (% of GDP),NE.TRD.GNFS.ZS,,,,,,,,,,,,,,,,,,,,,,,,,,,,,,,27.62766623,47.92135932,46.15035147,58.14041424,68.96404031,87.44469198,85.93910744,80.14598865,72.66199855,72.00392774,75.43883864,70.89239798,74.73045586,74.3826166,71.84667401,76.77328568,82.07616266,79.12342059,81.24471885,68.07139101,64.38563678,63.05945796,61.36163718,52.51187814,48.24304051,30.36765908,31.08154429,42.96990467,56.07782272,,,,,,
South Africa,ZAF,Trade (% of GDP),NE.TRD.GNFS.ZS,46.85549688,43.74810319,43.35235378,44.97613827,45.94847775,45.51687199,42.09437494,42.49181488,41.29332897,39.62195565,39.78622328,40.49808887,40.77257774,41.15149677,48.79635885,49.8140561,48.88075343,48.21138624,50.95151083,54.10700829,56.50731651,52.19295563,47.14181569,40.25620213,43.39294129,47.94826638,46.64892792,44.97125413,45.85131225,42.69976535,38.21180092,34.88160926,34.3213535,35.69812435,37.11460917,39.47803378,42.19925173,42.30133443,44.03574534,42.25829602,46.22072174,49.17094519,53.46550163,45.72386257,45.64357522,47.4277814,53.76814127,57.12513914,65.9745238,49.58753533,50.40608716,54.63635044,55.58261719,58.87502763,59.49957406,56.72667614,55.8612575,53.53593183,54.48554513,53.89799641,50.75965908,56.03471384,64.78300213,65.18009555,61.70259806
Zambia,ZMB,Trade (% of GDP),NE.TRD.GNFS.ZS,,,,,,,,,,,,,,,,,,,,,,,,,,,,,,,,,,,66.65059483,69.2267747,63.82148218,58.27286262,56.25030702,59.7675342,60.38746899,64.66828271,64.916497,62.31284468,70.81307493,62.20028219,57.85681887,65.77145869,59.45488912,56.12138096,65.01470252,72.79543244,75.36770986,80.45624102,76.19349973,79.86526876,73.95856125,71.58569465,74.88836953,68.79120494,79.20684941,86.20851119,69.29731542,78.24188705,
Zimbabwe,ZWE,Trade (% of GDP),NE.TRD.GNFS.ZS,,,,,,,,,,,,,,,,47.19860841,41.55734615,41.61263057,42.00714657,44.46113667,49.89041556,45.33064354,39.14528878,35.91685517,41.36613539,44.21367667,45.57035303,45.29059605,44.10034949,45.06254264,45.65925197,51.05154825,63.7124937,63.16706479,71.11950136,79.15679261,72.06962055,82.20506409,88.51404167,70.9226598,74.06741113,67.89787217,66.80735156,70.45198822,76.0396086,76.04370728,82.82064878,84.17290443,109.5216372,61.77649097,83.12340479,89.46594372,74.16270038,58.65607371,54.67175925,56.74965266,51.21903766,55.02831783,54.55031659,55.79598437,47.31338201,50.84712332,64.76360738,50.79496388,52.67301349
