Country Code,year,indicator,estimate
AFG,1996,cc,-1.29
ALB,1996,cc,-0.89
DZA,1996,cc,-0.57
ADO,1996,cc,1.32
AGO,1996,cc,-1.17
ATG,1996,cc,0.87
ARG,1996,cc,-0.1
ARM,1996,cc,-0.47
AUS,1996,cc,1.88
AUT,1996,cc,1.73
AZE,1996,cc,-1.45
BHS,1996,cc,1.16
BHR,1996,cc,0.33
BGD,1996,cc,-0.97
BRB,1996,cc,1.54
BLR,1996,cc,-0.39
BEL,1996,cc,1.36
BLZ,1996,cc,-0.03
BEN,1996,cc,-0.55
BMU,1996,cc,1.32
BTN,1996,cc,0.94
BOL,1996,cc,-0.82
BIH,1996,cc,-0.27
BWA,1996,cc,0.82
BRA,1996,cc,-0.02
BRN,1996,cc,0.48
BGR,1996,cc,-0.36
BFA,1996,cc,0.11
BDI,1996,cc,-0.68
KHM,1996,cc,-1.02
CMR,1996,cc,-1.33
CAN,1996,cc,2.03
CPV,1996,cc,1.14
CYM,1996,cc,1.32
CAF,1996,cc,-1.14
TCD,1996,cc,-1.38
CHL,1996,cc,1.45
CHN,1996,cc,-0.27
COL,1996,cc,-0.51
COM,1996,cc,-1
ZAR,1996,cc,-1.65
COG,1996,cc,-0.86
CRI,1996,cc,0.7
HRV,1996,cc,-0.58
CUB,1996,cc,0.29
CYP,1996,cc,1.33
CZE,1996,cc,0.68
CIV,1996,cc,-0.26
DNK,1996,cc,2.23
DJI,1996,cc,-0.72
DMA,1996,cc,0.87
DOM,1996,cc,-0.42
ECU,1996,cc,-0.68
EGY,1996,cc,-0.47
SLV,1996,cc,-0.87
GNQ,1996,cc,-1.26
ERI,1996,cc,0.51
EST,1996,cc,0.45
SWZ,1996,cc,0.04
ETH,1996,cc,-0.93
FJI,1996,cc,0.66
FIN,1996,cc,2.21
FRA,1996,cc,1.25
GUF,1996,cc,0.87
GAB,1996,cc,-1.1
GMB,1996,cc,-0.37
GEO,1996,cc,-1.53
DEU,1996,cc,1.91
GHA,1996,cc,-0.34
GRC,1996,cc,0.34
GRD,1996,cc,0.87
GTM,1996,cc,-0.86
GIN,1996,cc,-0.94
GNB,1996,cc,-1.19
GUY,1996,cc,-0.14
HTI,1996,cc,-1.17
HND,1996,cc,-1.08
HKG,1996,cc,1.44
HUN,1996,cc,0.67
ISL,1996,cc,1.73
IND,1996,cc,-0.38
IDN,1996,cc,-0.86
IRN,1996,cc,-0.48
IRQ,1996,cc,-1.6
IRL,1996,cc,1.71
ISR,1996,cc,1.35
ITA,1996,cc,0.41
JAM,1996,cc,0.19
JPN,1996,cc,1.19
JOR,1996,cc,-0.04
KAZ,1996,cc,-1.13
KEN,1996,cc,-1.16
PRK,1996,cc,-1.28
KOR,1996,cc,0.38
KWT,1996,cc,0.48
KGZ,1996,cc,-0.99
LAO,1996,cc,-0.72
LVA,1996,cc,-0.2
LBN,1996,cc,-0.66
LSO,1996,cc,0.09
LBR,1996,cc,-1.5
LBY,1996,cc,-0.87
LIE,1996,cc,1.32
LTU,1996,cc,0.42
LUX,1996,cc,1.95
MAC,1996,cc,0.42
MDG,1996,cc,-0.37
MWI,1996,cc,-0.32
MYS,1996,cc,0.38
MDV,1996,cc,-0.32
MLI,1996,cc,-0.78
MLT,1996,cc,0.48
MTQ,1996,cc,0.87
MRT,1996,cc,-0.56
MUS,1996,cc,0.03
MEX,1996,cc,-0.51
MDA,1996,cc,-0.44
MNG,1996,cc,0.11
MAR,1996,cc,-0.11
MOZ,1996,cc,-0.42
MMR,1996,cc,-1.5
NAM,1996,cc,0.81
NPL,1996,cc,-0.64
NLD,1996,cc,2.08
NZL,1996,cc,2.11
NIC,1996,cc,-0.56
NER,1996,cc,-0.87
NGA,1996,cc,-1.19
MKD,1996,cc,-0.61
NOR,1996,cc,2.14
OMN,1996,cc,0.41
PAK,1996,cc,-1.22
PAN,1996,cc,-0.2
PNG,1996,cc,-0.43
PRY,1996,cc,-1.17
PER,1996,cc,-0.4
PHL,1996,cc,-0.36
POL,1996,cc,0.71
PRT,1996,cc,1.37
PRI,1996,cc,0.42
QAT,1996,cc,-0.05
ROM,1996,cc,-0.45
RUS,1996,cc,-1.05
RWA,1996,cc,-0.75
WSM,1996,cc,-0.03
SAU,1996,cc,-0.16
SEN,1996,cc,-0.14
SRB,1996,cc,-1.14
SYC,1996,cc,0.55
SLE,1996,cc,-0.76
SGP,1996,cc,2.11
SVK,1996,cc,0.22
SVN,1996,cc,1.11
SLB,1996,cc,0.34
SOM,1996,cc,-1.27
ZAF,1996,cc,0.73
ESP,1996,cc,1.13
LKA,1996,cc,-0.06
SDN,1996,cc,-1.24
SUR,1996,cc,0.19
SWE,1996,cc,2.17
CHE,1996,cc,1.99
SYR,1996,cc,-0.88
STP,1996,cc,0.4
TWN,1996,cc,0.58
TJK,1996,cc,-1.27
TZA,1996,cc,-0.7
THA,1996,cc,-0.36
TGO,1996,cc,-0.84
TTO,1996,cc,0.9
TUN,1996,cc,-0.53
TKM,1996,cc,-1.02
TUR,1996,cc,-0.15
UGA,1996,cc,-0.72
UKR,1996,cc,-1.11
ARE,1996,cc,-0.01
GBR,1996,cc,1.98
USA,1996,cc,1.57
URY,1996,cc,1.12
UZB,1996,cc,-1.13
VUT,1996,cc,0.22
VEN,1996,cc,-0.86
VNM,1996,cc,-0.49
WBG,1996,cc,0.04
YEM,1996,cc,-0.74
ZMB,1996,cc,-0.84
ZWE,1996,cc,-0.28
AFG,1996,ge,-2.18
ALB,1996,ge,-0.69
DZA,1996,ge,-1.09
ADO,1996,ge,1.41
AGO,1996,ge,-0.86
ATG,1996,ge,0.64
ARG,1996,ge,0.17
ARM,1996,ge,-0.38
AUS,1996,ge,1.8
AUT,1996,ge,1.73
AZE,1996,ge,-0.92
BHS,1996,ge,1.37
BHR,1996,ge,0.78
BGD,1996,ge,-0.69
BRB,1996,ge,1.41
BLR,1996,ge,-0.38
BEL,1996,ge,1.71
BLZ,1996,ge,0.39
BEN,1996,ge,-0.38
BMU,1996,ge,1.16
BTN,1996,ge,0.64
BOL,1996,ge,-0.17
BIH,1996,ge,-1.19
BWA,1996,ge,0.56
BRA,1996,ge,-0.14
BRN,1996,ge,0.93
BGR,1996,ge,-0.04
BFA,1996,ge,-0.93
BDI,1996,ge,-1.66
KHM,1996,ge,-0.72
CMR,1996,ge,-1.08
CAN,1996,ge,1.74
CYM,1996,ge,1.93
CAF,1996,ge,-1.41
TCD,1996,ge,-0.64
CHL,1996,ge,1.34
CHN,1996,ge,-0.35
COL,1996,ge,-0.46
COM,1996,ge,-1.66
ZAR,1996,ge,-1.65
COG,1996,ge,-1.17
CRI,1996,ge,0.47
HRV,1996,ge,0.1
CUB,1996,ge,-0.91
CYP,1996,ge,1.17
CZE,1996,ge,0.62
CIV,1996,ge,-0.26
DNK,1996,ge,1.76
DJI,1996,ge,-0.89
DMA,1996,ge,0.64
DOM,1996,ge,-0.22
ECU,1996,ge,-0.48
EGY,1996,ge,-0.47
SLV,1996,ge,-0.69
GNQ,1996,ge,-0.96
ERI,1996,ge,-1.15
EST,1996,ge,0.61
SWZ,1996,ge,-0.64
ETH,1996,ge,-1.21
FJI,1996,ge,-0.12
FIN,1996,ge,1.72
FRA,1996,ge,1.25
GUF,1996,ge,0.9
GAB,1996,ge,-0.2
GMB,1996,ge,-0.62
GEO,1996,ge,-0.64
DEU,1996,ge,1.72
GHA,1996,ge,-0.12
GRC,1996,ge,0.84
GRD,1996,ge,0.64
GTM,1996,ge,-0.45
GIN,1996,ge,-1.17
GNB,1996,ge,-1.41
GUY,1996,ge,-0.38
HTI,1996,ge,-1
HND,1996,ge,-0.74
HKG,1996,ge,1.04
HUN,1996,ge,0.86
ISL,1996,ge,1.86
IND,1996,ge,-0.11
IDN,1996,ge,-0.71
IRN,1996,ge,-0.6
IRQ,1996,ge,-2.09
IRL,1996,ge,1.67
ISR,1996,ge,0.77
ITA,1996,ge,0.84
JAM,1996,ge,0.14
JPN,1996,ge,0.91
JOR,1996,ge,-0.03
KAZ,1996,ge,-0.96
KEN,1996,ge,-0.52
PRK,1996,ge,-1.89
KOR,1996,ge,0.47
KWT,1996,ge,0.12
KGZ,1996,ge,-0.38
LAO,1996,ge,-0.64
LVA,1996,ge,0.49
LBN,1996,ge,-0.13
LSO,1996,ge,-0.12
LBR,1996,ge,-1.72
LBY,1996,ge,-0.88
LIE,1996,ge,1.67
LTU,1996,ge,0.53
LUX,1996,ge,1.96
MAC,1996,ge,0.39
MDG,1996,ge,-0.45
MWI,1996,ge,-0.29
MYS,1996,ge,0.54
MDV,1996,ge,0.9
MLI,1996,ge,-1
MLT,1996,ge,0.93
MTQ,1996,ge,0.9
MRT,1996,ge,-0.12
MUS,1996,ge,0.2
MEX,1996,ge,0.23
MDA,1996,ge,-0.22
MNG,1996,ge,-0.38
MAR,1996,ge,-0.1
MOZ,1996,ge,-0.14
MMR,1996,ge,-1.21
NAM,1996,ge,0.43
NPL,1996,ge,-0.38
NLD,1996,ge,1.94
NZL,1996,ge,1.77
NIC,1996,ge,-0.57
NER,1996,ge,-1.17
NGA,1996,ge,-0.92
MKD,1996,ge,-0.64
NOR,1996,ge,1.95
OMN,1996,ge,0.44
PAK,1996,ge,-0.62
PAN,1996,ge,0.22
PNG,1996,ge,-0.34
PRY,1996,ge,-0.91
PER,1996,ge,0.03
PHL,1996,ge,-0.31
POL,1996,ge,0.68
PRT,1996,ge,1.27
PRI,1996,ge,1.16
QAT,1996,ge,0.56
ROM,1996,ge,-0.29
RUS,1996,ge,-0.45
RWA,1996,ge,-1.15
WSM,1996,ge,0.39
SAU,1996,ge,-0.18
SEN,1996,ge,0.08
SRB,1996,ge,-1.06
SYC,1996,ge,0.64
SLE,1996,ge,-1.41
SGP,1996,ge,1.99
SVK,1996,ge,0.46
SVN,1996,ge,0.89
SOM,1996,ge,-1.96
ZAF,1996,ge,1.02
ESP,1996,ge,1.62
LKA,1996,ge,-0.18
SDN,1996,ge,-0.99
SUR,1996,ge,-0.69
SWE,1996,ge,1.92
CHE,1996,ge,1.76
SYR,1996,ge,-0.8
STP,1996,ge,-0.38
TWN,1996,ge,0.55
TJK,1996,ge,-1.41
TZA,1996,ge,-0.69
THA,1996,ge,0.18
TGO,1996,ge,-0.69
TTO,1996,ge,-0.1
TUN,1996,ge,0.38
TKM,1996,ge,-1.15
TUR,1996,ge,-0.08
UGA,1996,ge,-0.69
UKR,1996,ge,-0.67
ARE,1996,ge,0.78
GBR,1996,ge,1.88
USA,1996,ge,1.52
URY,1996,ge,0.58
UZB,1996,ge,-1.2
VEN,1996,ge,-0.54
VNM,1996,ge,-0.58
WBG,1996,ge,-1.15
YEM,1996,ge,-0.62
ZMB,1996,ge,-1.13
ZWE,1996,ge,-0.32
AFG,1996,pv,-2.42
ALB,1996,pv,-0.34
DZA,1996,pv,-1.78
ADO,1996,pv,1.17
AGO,1996,pv,-2.06
ATG,1996,pv,0.72
ARG,1996,pv,0.11
ARM,1996,pv,-0.36
AUS,1996,pv,1.4
AUT,1996,pv,1.41
AZE,1996,pv,-0.83
BHS,1996,pv,1.07
BHR,1996,pv,-0.31
BGD,1996,pv,-0.55
BRB,1996,pv,1.05
BLR,1996,pv,0.09
BEL,1996,pv,1.29
BLZ,1996,pv,0.56
BEN,1996,pv,1.05
BMU,1996,pv,0.72
BTN,1996,pv,0.72
BOL,1996,pv,-0.13
BIH,1996,pv,-0.59
BWA,1996,pv,1.02
BRA,1996,pv,-0.22
BRN,1996,pv,1.24
BGR,1996,pv,-0.09
BFA,1996,pv,-0.3
BDI,1996,pv,-2.12
KHM,1996,pv,-1.1
CMR,1996,pv,-0.96
CAN,1996,pv,1.23
CPV,1996,pv,1.04
CYM,1996,pv,0.72
CAF,1996,pv,-1.21
TCD,1996,pv,-1
CHL,1996,pv,0.68
CHN,1996,pv,-0.1
COL,1996,pv,-1.65
COM,1996,pv,0.51
ZAR,1996,pv,-2.68
COG,1996,pv,-1.22
CRI,1996,pv,0.75
HRV,1996,pv,-0.04
CUB,1996,pv,0.23
CYP,1996,pv,0.39
CZE,1996,pv,1.15
CIV,1996,pv,0.03
DNK,1996,pv,1.44
DJI,1996,pv,-0.34
DMA,1996,pv,0.72
DOM,1996,pv,-0.08
ECU,1996,pv,-0.77
EGY,1996,pv,-0.53
SLV,1996,pv,-0.22
GNQ,1996,pv,-0.13
ERI,1996,pv,-0.94
EST,1996,pv,0.77
SWZ,1996,pv,-0.21
ETH,1996,pv,-1.05
FJI,1996,pv,0.83
FIN,1996,pv,1.41
FRA,1996,pv,0.89
GUF,1996,pv,0.04
GAB,1996,pv,0.13
GMB,1996,pv,0.56
GEO,1996,pv,-1.57
DEU,1996,pv,1.29
GHA,1996,pv,-0.23
GRC,1996,pv,0.55
GRD,1996,pv,0.91
GTM,1996,pv,-1.01
GIN,1996,pv,-1.15
GNB,1996,pv,-1.54
GUY,1996,pv,-0.27
HTI,1996,pv,-0.76
HND,1996,pv,-0.47
HKG,1996,pv,0.58
HUN,1996,pv,1.01
ISL,1996,pv,1.33
IND,1996,pv,-0.97
IDN,1996,pv,-1.13
IRN,1996,pv,-0.32
IRQ,1996,pv,-1.82
IRL,1996,pv,1.34
ISR,1996,pv,-1.15
ITA,1996,pv,1.11
JAM,1996,pv,0.11
JPN,1996,pv,1.16
JOR,1996,pv,-0.04
KAZ,1996,pv,-0.37
KEN,1996,pv,-0.66
PRK,1996,pv,-0.51
KOR,1996,pv,0.57
KWT,1996,pv,0.17
KGZ,1996,pv,-0.17
LAO,1996,pv,0.37
LVA,1996,pv,0.56
LBN,1996,pv,-0.67
LSO,1996,pv,0.23
LBR,1996,pv,-2.44
LBY,1996,pv,-0.99
LIE,1996,pv,1.17
LTU,1996,pv,0.52
LUX,1996,pv,1.38
MAC,1996,pv,0.26
MDG,1996,pv,0.22
MWI,1996,pv,-0.46
MYS,1996,pv,0.57
MDV,1996,pv,0.88
MLI,1996,pv,0.37
MLT,1996,pv,1.33
MTQ,1996,pv,0.26
MRT,1996,pv,0.37
MUS,1996,pv,1.09
MEX,1996,pv,-0.93
MDA,1996,pv,0.01
MNG,1996,pv,0.75
MAR,1996,pv,-0.21
MOZ,1996,pv,-0.05
MMR,1996,pv,-1.26
NAM,1996,pv,0.85
NPL,1996,pv,-0.07
NLD,1996,pv,1.53
NZL,1996,pv,1.34
NIC,1996,pv,-0.52
NER,1996,pv,0.03
NGA,1996,pv,-1.06
MKD,1996,pv,-0.48
NOR,1996,pv,1.46
OMN,1996,pv,0.87
PAK,1996,pv,-1.13
PAN,1996,pv,0.12
PNG,1996,pv,-0.78
PRY,1996,pv,-0.46
PER,1996,pv,-1.06
PHL,1996,pv,-0.48
POL,1996,pv,0.83
PRT,1996,pv,1.29
PRI,1996,pv,0.26
QAT,1996,pv,0.36
ROM,1996,pv,0.6
RUS,1996,pv,-1.18
RWA,1996,pv,-1.85
WSM,1996,pv,1.32
SAU,1996,pv,-0.19
SEN,1996,pv,-0.6
SRB,1996,pv,-1.03
SYC,1996,pv,1.05
SLE,1996,pv,-1.7
SGP,1996,pv,1.12
SVK,1996,pv,0.88
SVN,1996,pv,1.31
SLB,1996,pv,1.04
SOM,1996,pv,-2.51
ZAF,1996,pv,-0.38
ESP,1996,pv,0.17
LKA,1996,pv,-1.78
LCA,1996,pv,1.04
VCT,1996,pv,1.04
SDN,1996,pv,-2.48
SUR,1996,pv,0.44
SWE,1996,pv,1.46
CHE,1996,pv,1.46
SYR,1996,pv,-0.35
STP,1996,pv,1.05
TWN,1996,pv,1.06
TJK,1996,pv,-2.12
TZA,1996,pv,-0.63
THA,1996,pv,0.47
TGO,1996,pv,-0.38
TTO,1996,pv,0.27
TUN,1996,pv,0.26
TKM,1996,pv,0.45
TUR,1996,pv,-1.26
UGA,1996,pv,-1.53
UKR,1996,pv,-0.15
ARE,1996,pv,0.96
GBR,1996,pv,0.98
USA,1996,pv,0.94
URY,1996,pv,0.62
UZB,1996,pv,-0.54
VUT,1996,pv,1.04
VEN,1996,pv,-0.58
VNM,1996,pv,0.53
WBG,1996,pv,-1.41
YEM,1996,pv,-1.31
ZMB,1996,pv,-0.16
ZWE,1996,pv,-0.47
AFG,1996,rl,-1.79
ALB,1996,rl,-0.68
DZA,1996,rl,-1.22
ADO,1996,rl,1.16
AGO,1996,rl,-1.63
ATG,1996,rl,1.05
ARG,1996,rl,0.08
ARM,1996,rl,-0.47
AUS,1996,rl,1.71
AUT,1996,rl,1.81
AZE,1996,rl,-1.2
BHS,1996,rl,1.15
BHR,1996,rl,-0.01
BGD,1996,rl,-0.93
BRB,1996,rl,1.05
BLR,1996,rl,-0.8
BEL,1996,rl,1.37
BLZ,1996,rl,0.08
BEN,1996,rl,0.05
BMU,1996,rl,1.21
BTN,1996,rl,-0.03
BOL,1996,rl,-0.26
BIH,1996,rl,-0.24
BWA,1996,rl,0.58
BRA,1996,rl,-0.22
BRN,1996,rl,0.82
BGR,1996,rl,-0.34
BFA,1996,rl,-0.93
BDI,1996,rl,-1.42
KHM,1996,rl,-1.19
CMR,1996,rl,-1.44
CAN,1996,rl,1.65
CPV,1996,rl,1.04
CYM,1996,rl,1.46
CAF,1996,rl,-1.15
TCD,1996,rl,-1.26
CHL,1996,rl,1.11
CHN,1996,rl,-0.55
COL,1996,rl,-0.75
COM,1996,rl,-0.88
ZAR,1996,rl,-1.88
COG,1996,rl,-1.04
CRI,1996,rl,0.62
HRV,1996,rl,-0.63
CUB,1996,rl,-1.14
CYP,1996,rl,0.86
CZE,1996,rl,0.92
CIV,1996,rl,-0.79
DNK,1996,rl,1.82
DJI,1996,rl,-0.97
DMA,1996,rl,0.84
DOM,1996,rl,-0.52
ECU,1996,rl,-0.45
EGY,1996,rl,0
SLV,1996,rl,-0.87
GNQ,1996,rl,-1.28
ERI,1996,rl,-0.66
EST,1996,rl,0.57
SWZ,1996,rl,-0.47
ETH,1996,rl,-0.97
FJI,1996,rl,0.32
FIN,1996,rl,1.91
FRA,1996,rl,1.48
GUF,1996,rl,0.96
GAB,1996,rl,-0.65
GMB,1996,rl,0.02
GEO,1996,rl,-1.26
DEU,1996,rl,1.61
GHA,1996,rl,-0.23
GRC,1996,rl,1.05
GRD,1996,rl,0.43
GTM,1996,rl,-1.13
GIN,1996,rl,-1.45
GNB,1996,rl,-1.67
GUY,1996,rl,-0.2
HTI,1996,rl,-1.39
HND,1996,rl,-0.93
HKG,1996,rl,0.75
HUN,1996,rl,0.91
ISL,1996,rl,1.6
IND,1996,rl,0.31
IDN,1996,rl,-0.49
IRN,1996,rl,-0.94
IRQ,1996,rl,-1.56
IRL,1996,rl,1.5
ISR,1996,rl,1.28
ITA,1996,rl,1.06
JAM,1996,rl,-0.34
JPN,1996,rl,1.35
JOR,1996,rl,0.28
KAZ,1996,rl,-1.19
KEN,1996,rl,-1.02
KIR,1996,rl,0.81
PRK,1996,rl,-1.15
KOR,1996,rl,0.8
KWT,1996,rl,0.6
KGZ,1996,rl,-0.73
LAO,1996,rl,-1.05
LVA,1996,rl,0.13
LBN,1996,rl,-0.28
LSO,1996,rl,0.1
LBR,1996,rl,-1.93
LBY,1996,rl,-1.18
LIE,1996,rl,1.47
LTU,1996,rl,0.45
LUX,1996,rl,1.71
MAC,1996,rl,0.21
MDG,1996,rl,-0.4
MWI,1996,rl,-0.38
MYS,1996,rl,0.52
MDV,1996,rl,0.02
MLI,1996,rl,-0.3
MLT,1996,rl,1.05
MHL,1996,rl,-0.2
MTQ,1996,rl,1.21
MRT,1996,rl,-0.5
MUS,1996,rl,0.9
MEX,1996,rl,-0.73
FSM,1996,rl,0.81
MDA,1996,rl,-0.12
MCO,1996,rl,0.81
MNG,1996,rl,0.2
MAR,1996,rl,0.22
MOZ,1996,rl,-0.81
MMR,1996,rl,-1.58
NAM,1996,rl,0.25
NRU,1996,rl,0.81
NPL,1996,rl,-0.01
NLD,1996,rl,1.7
NZL,1996,rl,1.86
NIC,1996,rl,-0.52
NER,1996,rl,-0.66
NGA,1996,rl,-1.29
MKD,1996,rl,-0.31
NOR,1996,rl,1.92
OMN,1996,rl,0.55
PAK,1996,rl,-0.63
PLW,1996,rl,0.81
PAN,1996,rl,-0.17
PNG,1996,rl,-0.62
PRY,1996,rl,-0.66
PER,1996,rl,-0.7
PHL,1996,rl,0.07
POL,1996,rl,0.77
PRT,1996,rl,1.29
PRI,1996,rl,0.96
QAT,1996,rl,-0.04
ROM,1996,rl,-0.02
RUS,1996,rl,-0.79
RWA,1996,rl,-1.5
WSM,1996,rl,0.95
SMR,1996,rl,0.81
SAU,1996,rl,0.11
SEN,1996,rl,-0.18
SRB,1996,rl,-1.26
SYC,1996,rl,0.6
SLE,1996,rl,-1.38
SGP,1996,rl,1.24
SVK,1996,rl,0.16
SVN,1996,rl,1.07
SLB,1996,rl,0.74
SOM,1996,rl,-2.14
ZAF,1996,rl,0.09
ESP,1996,rl,1.44
LKA,1996,rl,0.16
KNA,1996,rl,0.81
LCA,1996,rl,0.81
VCT,1996,rl,0.81
SDN,1996,rl,-1.71
SUR,1996,rl,-0.08
SWE,1996,rl,1.8
CHE,1996,rl,1.93
SYR,1996,rl,-0.55
STP,1996,rl,0.27
TWN,1996,rl,0.76
TJK,1996,rl,-1.65
TZA,1996,rl,-0.19
THA,1996,rl,0.54
TMP,1996,rl,-1.57
TGO,1996,rl,-0.73
TON,1996,rl,0.81
TTO,1996,rl,0.53
TUN,1996,rl,-0.3
TKM,1996,rl,-1.49
TUV,1996,rl,0.81
TUR,1996,rl,-0.14
UGA,1996,rl,-0.58
UKR,1996,rl,-0.82
ARE,1996,rl,0.69
GBR,1996,rl,1.63
USA,1996,rl,1.5
URY,1996,rl,0.56
UZB,1996,rl,-1.24
VUT,1996,rl,0.32
VEN,1996,rl,-0.75
VNM,1996,rl,-0.48
WBG,1996,rl,-0.04
YEM,1996,rl,-1.38
ZMB,1996,rl,-0.53
ZWE,1996,rl,-0.81
AFG,1996,rq,-2.09
ALB,1996,rq,-0.47
DZA,1996,rq,-0.91
ADO,1996,rq,1.27
AGO,1996,rq,-1.42
ATG,1996,rq,0.79
ARG,1996,rq,0.52
ARM,1996,rq,-0.28
AUS,1996,rq,1.37
AUT,1996,rq,1.66
AZE,1996,rq,-1.2
BHS,1996,rq,0.97
BHR,1996,rq,0.79
BGD,1996,rq,-0.93
BRB,1996,rq,1.29
BLR,1996,rq,-1.09
BEL,1996,rq,1.21
BLZ,1996,rq,0.14
BEN,1996,rq,-0.18
BMU,1996,rq,1.51
BTN,1996,rq,-0.41
BOL,1996,rq,0
BIH,1996,rq,-0.91
BWA,1996,rq,0.65
BRA,1996,rq,0.3
BRN,1996,rq,1.35
BGR,1996,rq,-0.18
BFA,1996,rq,-0.3
BDI,1996,rq,-1.64
KHM,1996,rq,-0.23
CMR,1996,rq,-1.12
CAN,1996,rq,1.49
CPV,1996,rq,-0.53
CYM,1996,rq,1.03
CAF,1996,rq,-0.89
TCD,1996,rq,-1.23
CHL,1996,rq,1.54
CHN,1996,rq,-0.27
COL,1996,rq,-0.11
COM,1996,rq,-1.13
ZAR,1996,rq,-1.76
COG,1996,rq,-1.23
CRI,1996,rq,0.55
HRV,1996,rq,-0.17
CUB,1996,rq,-1.1
CYP,1996,rq,1.26
CZE,1996,rq,1.07
CIV,1996,rq,-0.4
DNK,1996,rq,1.78
DJI,1996,rq,-1
DMA,1996,rq,1.03
DOM,1996,rq,-0.23
ECU,1996,rq,-0.31
EGY,1996,rq,-0.05
SLV,1996,rq,-0.19
GNQ,1996,rq,-1.44
ERI,1996,rq,-1.13
EST,1996,rq,1.24
SWZ,1996,rq,-0.27
ETH,1996,rq,-1.3
FJI,1996,rq,0.03
FIN,1996,rq,1.55
FRA,1996,rq,1.05
GUF,1996,rq,1.03
GAB,1996,rq,0.14
GMB,1996,rq,-0.84
GEO,1996,rq,-1.01
DEU,1996,rq,1.48
GHA,1996,rq,-0.34
GRC,1996,rq,0.54
GRD,1996,rq,0.55
GTM,1996,rq,-0.31
GIN,1996,rq,-0.84
GNB,1996,rq,-0.83
GUY,1996,rq,-0.17
HTI,1996,rq,-0.91
HND,1996,rq,-0.69
HKG,1996,rq,1.68
HUN,1996,rq,0.85
ISL,1996,rq,1.25
IND,1996,rq,-0.55
IDN,1996,rq,-0.05
IRN,1996,rq,-1.42
IRQ,1996,rq,-2.15
IRL,1996,rq,1.51
ISR,1996,rq,1.08
ITA,1996,rq,0.86
JAM,1996,rq,0.2
JPN,1996,rq,0.77
JOR,1996,rq,0.02
KAZ,1996,rq,-0.33
KEN,1996,rq,-0.31
PRK,1996,rq,-2.28
KOR,1996,rq,0.45
KWT,1996,rq,0.31
KGZ,1996,rq,-0.3
LAO,1996,rq,-1.04
LVA,1996,rq,0.9
LBN,1996,rq,-0.41
LSO,1996,rq,-0.29
LBR,1996,rq,-1.83
LBY,1996,rq,-1.74
LIE,1996,rq,1.51
LTU,1996,rq,1.08
LUX,1996,rq,1.76
MAC,1996,rq,0.55
MDG,1996,rq,-0.91
MWI,1996,rq,-0.29
MYS,1996,rq,0.78
MDV,1996,rq,1.03
MLI,1996,rq,-0.53
MLT,1996,rq,0.97
MTQ,1996,rq,1.03
MRT,1996,rq,-0.4
MUS,1996,rq,-0.12
MEX,1996,rq,0.13
MDA,1996,rq,-0.07
MNG,1996,rq,-0.17
MAR,1996,rq,-0.1
MOZ,1996,rq,-0.52
MMR,1996,rq,-1.68
NAM,1996,rq,0.36
NPL,1996,rq,-0.4
NLD,1996,rq,1.84
NZL,1996,rq,1.89
NIC,1996,rq,-0.44
NER,1996,rq,-0.98
NGA,1996,rq,-0.97
MKD,1996,rq,-0.35
NOR,1996,rq,1.53
OMN,1996,rq,0.09
PAK,1996,rq,-0.51
PAN,1996,rq,0.65
PNG,1996,rq,-0.43
PRY,1996,rq,-0.49
PER,1996,rq,0.49
PHL,1996,rq,0.02
POL,1996,rq,0.72
PRT,1996,rq,1.22
PRI,1996,rq,1.27
QAT,1996,rq,0.17
ROM,1996,rq,0.03
RUS,1996,rq,-0.43
RWA,1996,rq,-1.34
WSM,1996,rq,0.03
SAU,1996,rq,-0.31
SEN,1996,rq,-0.13
SRB,1996,rq,-0.72
SYC,1996,rq,0.31
SLE,1996,rq,-1.53
SGP,1996,rq,2.18
SVK,1996,rq,0.67
SVN,1996,rq,1.09
SOM,1996,rq,-2.35
ZAF,1996,rq,0.52
ESP,1996,rq,1.18
LKA,1996,rq,0.06
SDN,1996,rq,-1.36
SUR,1996,rq,-0.54
SWE,1996,rq,1.32
CHE,1996,rq,1.56
SYR,1996,rq,-1.07
STP,1996,rq,-0.65
TWN,1996,rq,0.87
TJK,1996,rq,-1.52
TZA,1996,rq,-0.44
THA,1996,rq,0.06
TGO,1996,rq,-0.39
TTO,1996,rq,0.6
TUN,1996,rq,0.14
TKM,1996,rq,-1.38
TUR,1996,rq,0.1
UGA,1996,rq,-0.03
UKR,1996,rq,-0.42
ARE,1996,rq,0.69
GBR,1996,rq,2.02
USA,1996,rq,1.59
URY,1996,rq,0.84
UZB,1996,rq,-1.78
VEN,1996,rq,-0.31
VNM,1996,rq,-0.6
WBG,1996,rq,-0.89
YEM,1996,rq,-0.44
ZMB,1996,rq,-0.48
ZWE,1996,rq,-0.77
AFG,1996,va,-1.91
ALB,1996,va,-0.65
DZA,1996,va,-1.17
ADO,1996,va,1.56
AGO,1996,va,-1.58
ATG,1996,va,0.33
ARG,1996,va,0.39
ARM,1996,va,-0.57
AUS,1996,va,1.44
AUT,1996,va,1.45
AZE,1996,va,-1.12
BHS,1996,va,1.1
BHR,1996,va,-0.72
BGD,1996,va,-0.06
BRB,1996,va,1.34
BLR,1996,va,-0.82
BEL,1996,va,1.43
BLZ,1996,va,0.82
BEN,1996,va,0.26
BMU,1996,va,1.18
BTN,1996,va,-0.95
BOL,1996,va,0.16
BIH,1996,va,-0.1
BWA,1996,va,0.86
BRA,1996,va,0.24
BRN,1996,va,-0.65
BGR,1996,va,0.43
BFA,1996,va,-0.53
BDI,1996,va,-1.55
KHM,1996,va,-0.75
CMR,1996,va,-0.94
CAN,1996,va,1.57
CPV,1996,va,0.94
CYM,1996,va,1.62
CAF,1996,va,-0.83
TCD,1996,va,-0.99
CHL,1996,va,0.72
CHN,1996,va,-1.36
COL,1996,va,-0.51
COM,1996,va,-0.42
ZAR,1996,va,-1.6
COG,1996,va,-0.83
CRI,1996,va,1.08
HRV,1996,va,-0.16
CUB,1996,va,-1.43
CYP,1996,va,1.04
CZE,1996,va,1.03
CIV,1996,va,-0.58
DNK,1996,va,1.54
DJI,1996,va,-0.88
DMA,1996,va,1.04
DOM,1996,va,0.06
ECU,1996,va,0.01
EGY,1996,va,-0.84
SLV,1996,va,-0.1
GNQ,1996,va,-1.52
ERI,1996,va,-1.36
EST,1996,va,0.93
SWZ,1996,va,-1.33
ETH,1996,va,-1.08
FJI,1996,va,0.15
FIN,1996,va,1.52
FRA,1996,va,1.31
GUF,1996,va,0.52
GAB,1996,va,-0.32
GMB,1996,va,-1.27
GEO,1996,va,-0.33
DEU,1996,va,1.33
GHA,1996,va,-0.21
GRC,1996,va,1
GRD,1996,va,0.61
GTM,1996,va,-0.24
GIN,1996,va,-1.23
GNB,1996,va,-0.97
GUY,1996,va,0.25
HTI,1996,va,-0.69
HND,1996,va,-0.22
HKG,1996,va,0.33
HUN,1996,va,1.02
ISL,1996,va,1.46
IND,1996,va,0.48
IDN,1996,va,-0.92
IRN,1996,va,-0.95
IRQ,1996,va,-1.96
IRL,1996,va,1.38
ISR,1996,va,0.7
ITA,1996,va,1.13
JAM,1996,va,0.59
JPN,1996,va,1.07
JOR,1996,va,-0.24
KAZ,1996,va,-0.96
KEN,1996,va,-0.65
KIR,1996,va,1.15
PRK,1996,va,-1.92
KOR,1996,va,0.67
KSV,1996,va,-1.7
KWT,1996,va,-0.24
KGZ,1996,va,-0.79
LAO,1996,va,-1.13
LVA,1996,va,0.72
LBN,1996,va,-0.33
LSO,1996,va,-0.48
LBR,1996,va,-1.43
LBY,1996,va,-1.5
LIE,1996,va,1.56
LTU,1996,va,0.98
LUX,1996,va,1.55
MAC,1996,va,0.3
MDG,1996,va,-0.12
MWI,1996,va,-0.09
MYS,1996,va,-0.18
MDV,1996,va,-0.66
MLI,1996,va,0.01
MLT,1996,va,1.17
MHL,1996,va,1.23
MTQ,1996,va,0.74
MRT,1996,va,-0.57
MUS,1996,va,0.85
MEX,1996,va,-0.04
FSM,1996,va,1.11
MDA,1996,va,0.02
MCO,1996,va,1.1
MNG,1996,va,0.42
MAR,1996,va,-0.42
MOZ,1996,va,-0.28
MMR,1996,va,-1.89
NAM,1996,va,0.5
NRU,1996,va,0.99
NPL,1996,va,-0.06
NLD,1996,va,1.56
NZL,1996,va,1.63
NIC,1996,va,0.05
NER,1996,va,-1.51
NGA,1996,va,-1.55
MKD,1996,va,-0.39
NOR,1996,va,1.56
OMN,1996,va,-0.71
PAK,1996,va,-0.6
PLW,1996,va,1.1
PAN,1996,va,0.13
PNG,1996,va,0.08
PRY,1996,va,-0.12
PER,1996,va,-0.53
PHL,1996,va,0.26
POL,1996,va,1.04
PRT,1996,va,1.5
PRI,1996,va,1.1
QAT,1996,va,-0.71
ROM,1996,va,0.29
RUS,1996,va,-0.22
RWA,1996,va,-1.58
WSM,1996,va,0.74
SMR,1996,va,1.29
SAU,1996,va,-1.5
SEN,1996,va,0.11
SRB,1996,va,-1.22
SYC,1996,va,0.12
SLE,1996,va,-0.59
SGP,1996,va,0.14
SVK,1996,va,0.64
SVN,1996,va,1.28
SLB,1996,va,0.81
SOM,1996,va,-1.89
ZAF,1996,va,0.84
ESP,1996,va,1.32
LKA,1996,va,-0.27
KNA,1996,va,1.03
LCA,1996,va,1.06
VCT,1996,va,1.04
SDN,1996,va,-1.86
SUR,1996,va,-0.09
SWE,1996,va,1.52
CHE,1996,va,1.42
SYR,1996,va,-1.4
STP,1996,va,0.33
TWN,1996,va,0.67
TJK,1996,va,-1.65
TZA,1996,va,-0.64
THA,1996,va,0.31
TMP,1996,va,-1.72
TGO,1996,va,-0.99
TON,1996,va,0.23
TTO,1996,va,0.69
TUN,1996,va,-0.6
TKM,1996,va,-1.58
TUV,1996,va,1.29
TUR,1996,va,-0.13
UGA,1996,va,-0.89
UKR,1996,va,-0.32
ARE,1996,va,-0.41
GBR,1996,va,1.27
USA,1996,va,1.35
URY,1996,va,0.83
UZB,1996,va,-1.6
VUT,1996,va,0.63
VEN,1996,va,-0.09
VNM,1996,va,-1.09
WBG,1996,va,-0.76
YEM,1996,va,-0.68
ZMB,1996,va,-0.33
ZWE,1996,va,-0.61
AFG,1998,cc,-1.18
ALB,1998,cc,-0.99
DZA,1998,cc,-0.92
ADO,1998,cc,1.33
AGO,1998,cc,-1.18
ATG,1998,cc,0.88
ARG,1998,cc,-0.2
ARM,1998,cc,-0.94
AUS,1998,cc,1.8
AUT,1998,cc,1.8
AZE,1998,cc,-1.29
BHS,1998,cc,1.3
BHR,1998,cc,0.25
BGD,1998,cc,-0.77
BRB,1998,cc,1.54
BLR,1998,cc,-0.32
BEL,1998,cc,1.31
BLZ,1998,cc,-0.02
BEN,1998,cc,-0.65
BMU,1998,cc,1.33
BTN,1998,cc,0.88
BOL,1998,cc,-0.44
BIH,1998,cc,-0.4
BWA,1998,cc,0.82
BRA,1998,cc,0.04
BRN,1998,cc,0.35
BGR,1998,cc,-0.18
BFA,1998,cc,0.1
BDI,1998,cc,-0.68
KHM,1998,cc,-0.99
CMR,1998,cc,-1.31
CAN,1998,cc,2.03
CPV,1998,cc,1.16
CYM,1998,cc,1.33
CAF,1998,cc,-1.12
TCD,1998,cc,-1.34
CHL,1998,cc,1.3
CHN,1998,cc,-0.35
COL,1998,cc,-0.52
COM,1998,cc,-0.97
ZAR,1998,cc,-1.42
COG,1998,cc,-1.2
CRI,1998,cc,0.76
HRV,1998,cc,-0.59
CUB,1998,cc,0.34
CYP,1998,cc,1.06
CZE,1998,cc,0.52
CIV,1998,cc,-0.5
DNK,1998,cc,2.2
DJI,1998,cc,-0.68
DMA,1998,cc,0.88
DOM,1998,cc,-0.76
ECU,1998,cc,-0.79
EGY,1998,cc,-0.48
SLV,1998,cc,-0.89
GNQ,1998,cc,-1.19
ERI,1998,cc,0.52
EST,1998,cc,0.66
SWZ,1998,cc,0.05
ETH,1998,cc,-0.9
FJI,1998,cc,0.66
FIN,1998,cc,2.2
FRA,1998,cc,1.35
GUF,1998,cc,0.88
GAB,1998,cc,-1
GMB,1998,cc,-0.36
GEO,1998,cc,-0.98
DEU,1998,cc,2
GHA,1998,cc,-0.33
GRC,1998,cc,0.76
GRD,1998,cc,0.88
GTM,1998,cc,-0.87
GIN,1998,cc,-1.08
GNB,1998,cc,-1.12
GUY,1998,cc,-0.35
HTI,1998,cc,-1.17
HND,1998,cc,-1.02
HKG,1998,cc,1.3
HUN,1998,cc,0.73
ISL,1998,cc,1.91
IND,1998,cc,-0.26
IDN,1998,cc,-1.16
IRN,1998,cc,-0.46
IRQ,1998,cc,-1.42
IRL,1998,cc,1.55
ISR,1998,cc,1.15
ITA,1998,cc,0.49
JAM,1998,cc,0.14
JPN,1998,cc,1.07
JOR,1998,cc,0.11
KAZ,1998,cc,-1.08
KEN,1998,cc,-1.17
PRK,1998,cc,-1.25
KOR,1998,cc,0.3
KWT,1998,cc,0.56
KGZ,1998,cc,-1.06
LAO,1998,cc,-0.69
LVA,1998,cc,0.14
LBN,1998,cc,-0.47
LSO,1998,cc,-0.11
LBR,1998,cc,-1.54
LBY,1998,cc,-0.91
LIE,1998,cc,1.33
LTU,1998,cc,0.3
LUX,1998,cc,1.89
MAC,1998,cc,0.43
MDG,1998,cc,-0.56
MWI,1998,cc,-0.26
MYS,1998,cc,0.36
MDV,1998,cc,-0.29
MLI,1998,cc,-0.9
MLT,1998,cc,0.53
MTQ,1998,cc,0.88
MRT,1998,cc,-0.52
MUS,1998,cc,0.22
MEX,1998,cc,-0.39
MDA,1998,cc,-0.4
MNG,1998,cc,0.11
MNE,1998,cc,0.5
MAR,1998,cc,0.1
MOZ,1998,cc,-0.39
MMR,1998,cc,-1.33
NAM,1998,cc,0.74
NPL,1998,cc,-0.6
NLD,1998,cc,2.09
NZL,1998,cc,2.15
NIC,1998,cc,-0.96
NER,1998,cc,-1.07
NGA,1998,cc,-1.16
MKD,1998,cc,-0.64
NOR,1998,cc,2.16
OMN,1998,cc,0.72
PAK,1998,cc,-1.08
PAN,1998,cc,-0.14
PNG,1998,cc,-0.7
PRY,1998,cc,-1.33
PER,1998,cc,-0.43
PHL,1998,cc,-0.38
POL,1998,cc,0.79
PRT,1998,cc,1.25
PRI,1998,cc,0.43
QAT,1998,cc,0.47
ROM,1998,cc,-0.65
RUS,1998,cc,-0.95
RWA,1998,cc,-0.73
WSM,1998,cc,-0.02
SAU,1998,cc,-0.26
SEN,1998,cc,-0.12
SRB,1998,cc,-1.2
SYC,1998,cc,0.57
SLE,1998,cc,-0.72
SGP,1998,cc,2.06
SVK,1998,cc,0.06
SVN,1998,cc,1.16
SLB,1998,cc,0.36
SOM,1998,cc,-1.17
ZAF,1998,cc,0.64
ESP,1998,cc,1.36
LKA,1998,cc,-0.08
SDN,1998,cc,-1.12
SUR,1998,cc,0.25
SWE,1998,cc,2.17
CHE,1998,cc,2.05
SYR,1998,cc,-0.91
STP,1998,cc,0.4
TWN,1998,cc,0.58
TJK,1998,cc,-1.25
TZA,1998,cc,-0.8
THA,1998,cc,-0.14
TGO,1998,cc,-0.83
TTO,1998,cc,0.66
TUN,1998,cc,-0.43
TKM,1998,cc,-1.07
TUR,1998,cc,-0.35
UGA,1998,cc,-0.99
UKR,1998,cc,-1.26
ARE,1998,cc,0.03
GBR,1998,cc,2.05
USA,1998,cc,1.55
URY,1998,cc,1.08
UZB,1998,cc,-1.13
VUT,1998,cc,0.24
VEN,1998,cc,-0.93
VNM,1998,cc,-0.49
WBG,1998,cc,0.03
YEM,1998,cc,-1
ZMB,1998,cc,-0.85
ZWE,1998,cc,-0.5
AFG,1998,ge,-2.1
ALB,1998,ge,-0.73
DZA,1998,ge,-0.88
ADO,1998,ge,1.4
AGO,1998,ge,-1.06
ATG,1998,ge,0.65
ARG,1998,ge,0.33
ARM,1998,ge,-0.55
AUS,1998,ge,1.62
AUT,1998,ge,1.8
AZE,1998,ge,-0.93
BHS,1998,ge,1.26
BHR,1998,ge,0.57
BGD,1998,ge,-0.49
BRB,1998,ge,1.4
BLR,1998,ge,-0.55
BEL,1998,ge,1.77
BLZ,1998,ge,0.4
BEN,1998,ge,-0.35
BMU,1998,ge,1.15
BTN,1998,ge,0.65
BOL,1998,ge,-0.1
BIH,1998,ge,-1.21
BWA,1998,ge,0.43
BRA,1998,ge,-0.2
BRN,1998,ge,0.89
BGR,1998,ge,-0.08
BFA,1998,ge,-0.92
BDI,1998,ge,-1.6
KHM,1998,ge,-0.87
CMR,1998,ge,-0.83
CAN,1998,ge,1.88
CYM,1998,ge,1.9
CAF,1998,ge,-1.35
TCD,1998,ge,-0.6
CHL,1998,ge,1.1
CHN,1998,ge,-0.2
COL,1998,ge,-0.33
COM,1998,ge,-1.6
ZAR,1998,ge,-1.73
COG,1998,ge,-1.1
CRI,1998,ge,0.31
HRV,1998,ge,0.04
CUB,1998,ge,-0.5
CYP,1998,ge,1.2
CZE,1998,ge,0.59
CIV,1998,ge,-0.23
DNK,1998,ge,1.91
DJI,1998,ge,-0.85
DMA,1998,ge,0.65
DOM,1998,ge,-0.53
ECU,1998,ge,-0.35
EGY,1998,ge,-0.2
SLV,1998,ge,-0.61
GNQ,1998,ge,-1.04
ERI,1998,ge,-1.1
EST,1998,ge,0.5
SWZ,1998,ge,-0.6
ETH,1998,ge,-1.19
FJI,1998,ge,-0.1
FIN,1998,ge,1.95
FRA,1998,ge,1.45
GUF,1998,ge,0.9
GAB,1998,ge,-0.46
GMB,1998,ge,-0.48
GEO,1998,ge,-0.6
DEU,1998,ge,1.81
GHA,1998,ge,-0.22
GRC,1998,ge,0.74
GRD,1998,ge,0.65
GTM,1998,ge,-0.35
GIN,1998,ge,-0.85
GNB,1998,ge,-1.29
GUY,1998,ge,-0.04
HTI,1998,ge,-1.17
HND,1998,ge,-0.61
HKG,1998,ge,1.1
HUN,1998,ge,0.94
ISL,1998,ge,1.84
IND,1998,ge,-0.11
IDN,1998,ge,-0.69
IRN,1998,ge,-0.49
IRQ,1998,ge,-1.92
IRL,1998,ge,1.74
ISR,1998,ge,1.04
ITA,1998,ge,0.83
JAM,1998,ge,0.22
JPN,1998,ge,1.02
JOR,1998,ge,0.08
KAZ,1998,ge,-0.87
KEN,1998,ge,-0.49
PRK,1998,ge,-1.92
KOR,1998,ge,0.29
KWT,1998,ge,-0.08
KGZ,1998,ge,-0.35
LAO,1998,ge,-0.6
LVA,1998,ge,0.19
LBN,1998,ge,0.02
LSO,1998,ge,-0.1
LBR,1998,ge,-1.73
LBY,1998,ge,-0.93
LIE,1998,ge,1.65
LTU,1998,ge,0.31
LUX,1998,ge,1.96
MAC,1998,ge,0.4
MDG,1998,ge,-0.55
MWI,1998,ge,-0.34
MYS,1998,ge,0.75
MDV,1998,ge,0.9
MLI,1998,ge,-1.17
MLT,1998,ge,0.89
MTQ,1998,ge,0.9
MRT,1998,ge,-0.1
MUS,1998,ge,0.32
MEX,1998,ge,0.38
MDA,1998,ge,-0.34
MNG,1998,ge,-0.29
MAR,1998,ge,0.02
MOZ,1998,ge,-0.47
MMR,1998,ge,-1.19
NAM,1998,ge,0.3
NPL,1998,ge,-0.35
NLD,1998,ge,2
NZL,1998,ge,1.63
NIC,1998,ge,-0.66
NER,1998,ge,-1.1
NGA,1998,ge,-1.12
MKD,1998,ge,-0.72
NOR,1998,ge,1.91
OMN,1998,ge,0.42
PAK,1998,ge,-0.49
PAN,1998,ge,0.36
PNG,1998,ge,-0.48
PRY,1998,ge,-1.06
PER,1998,ge,0.07
PHL,1998,ge,-0.04
POL,1998,ge,0.62
PRT,1998,ge,1.11
PRI,1998,ge,1.15
QAT,1998,ge,0.43
ROM,1998,ge,-0.53
RUS,1998,ge,-0.66
RWA,1998,ge,-1.1
WSM,1998,ge,0.4
SAU,1998,ge,-0.22
SEN,1998,ge,-0.15
SRB,1998,ge,-0.88
SYC,1998,ge,0.65
SLE,1998,ge,-1.55
SGP,1998,ge,2.07
SVK,1998,ge,0.54
SVN,1998,ge,0.75
SOM,1998,ge,-1.92
ZAF,1998,ge,0.62
ESP,1998,ge,1.6
LKA,1998,ge,-0.46
SDN,1998,ge,-1.06
SUR,1998,ge,-0.48
SWE,1998,ge,1.88
CHE,1998,ge,1.91
SYR,1998,ge,-1.06
STP,1998,ge,-0.35
TWN,1998,ge,0.8
TJK,1998,ge,-1.35
TZA,1998,ge,-0.55
THA,1998,ge,0.04
TGO,1998,ge,-0.99
TTO,1998,ge,0.21
TUN,1998,ge,0.42
TKM,1998,ge,-1.1
TUR,1998,ge,-0.31
UGA,1998,ge,-0.49
UKR,1998,ge,-0.85
ARE,1998,ge,0.75
GBR,1998,ge,1.86
USA,1998,ge,1.7
URY,1998,ge,0.43
UZB,1998,ge,-1.21
VEN,1998,ge,-0.8
VNM,1998,ge,-0.42
WBG,1998,ge,-1.1
YEM,1998,ge,-0.8
ZMB,1998,ge,-1.07
ZWE,1998,ge,-0.42
AFG,1998,pv,-2.43
ALB,1998,pv,-0.54
DZA,1998,pv,-1.88
ADO,1998,pv,1.18
AGO,1998,pv,-2.32
ATG,1998,pv,0.73
ARG,1998,pv,-0.13
ARM,1998,pv,-0.66
AUS,1998,pv,1.07
AUT,1998,pv,1.11
AZE,1998,pv,-0.7
BHS,1998,pv,1.09
BHR,1998,pv,-0.16
BGD,1998,pv,-0.37
BRB,1998,pv,1.08
BLR,1998,pv,0.11
BEL,1998,pv,1.02
BLZ,1998,pv,0.6
BEN,1998,pv,0.74
BMU,1998,pv,0.73
BTN,1998,pv,0.54
BOL,1998,pv,-0.24
BIH,1998,pv,-0.59
BWA,1998,pv,0.96
BRA,1998,pv,-0.34
BRN,1998,pv,1.11
BGR,1998,pv,0.58
BFA,1998,pv,-0.11
BDI,1998,pv,-2.3
KHM,1998,pv,-1.26
CMR,1998,pv,-0.78
CAN,1998,pv,0.95
CPV,1998,pv,1.11
CYM,1998,pv,0.73
CAF,1998,pv,-1.14
TCD,1998,pv,-1.31
CHL,1998,pv,0.03
CHN,1998,pv,-0.39
COL,1998,pv,-1.79
COM,1998,pv,0.56
ZAR,1998,pv,-2.85
COG,1998,pv,-1.5
CRI,1998,pv,0.9
HRV,1998,pv,0.07
CUB,1998,pv,0.01
CYP,1998,pv,0.22
CZE,1998,pv,0.9
CIV,1998,pv,-0.2
DNK,1998,pv,1.43
DJI,1998,pv,-0.96
DMA,1998,pv,0.73
DOM,1998,pv,-0.42
ECU,1998,pv,-0.16
EGY,1998,pv,-0.02
SLV,1998,pv,0.09
GNQ,1998,pv,-0.08
ERI,1998,pv,-0.97
EST,1998,pv,0.66
SWZ,1998,pv,-0.01
ETH,1998,pv,-0.63
FJI,1998,pv,0.86
FIN,1998,pv,1.47
FRA,1998,pv,0.7
GUF,1998,pv,0.05
GAB,1998,pv,0.33
GMB,1998,pv,0.68
GEO,1998,pv,-1.64
DEU,1998,pv,1.24
GHA,1998,pv,-0.14
GRC,1998,pv,0.77
GRD,1998,pv,0.95
GTM,1998,pv,-0.67
GIN,1998,pv,-0.59
GNB,1998,pv,-1.86
GUY,1998,pv,0.12
HTI,1998,pv,-0.94
HND,1998,pv,0.03
HKG,1998,pv,0.7
HUN,1998,pv,1.22
ISL,1998,pv,1.38
IND,1998,pv,-1.2
IDN,1998,pv,-1.73
IRN,1998,pv,-0.69
IRQ,1998,pv,-1.53
IRL,1998,pv,1.51
ISR,1998,pv,-1.12
ITA,1998,pv,1.19
JAM,1998,pv,0.08
JPN,1998,pv,1.25
JOR,1998,pv,0.08
KAZ,1998,pv,0.19
KEN,1998,pv,-0.91
PRK,1998,pv,-0.42
KOR,1998,pv,0.51
KWT,1998,pv,0.46
KGZ,1998,pv,-0.17
LAO,1998,pv,-0.19
LVA,1998,pv,0.03
LBN,1998,pv,-0.75
LSO,1998,pv,-0.12
LBR,1998,pv,-1.76
LBY,1998,pv,-0.81
LIE,1998,pv,1.18
LTU,1998,pv,0.43
LUX,1998,pv,1.39
MAC,1998,pv,0.27
MDG,1998,pv,0.2
MWI,1998,pv,-0.07
MYS,1998,pv,-0.04
MDV,1998,pv,1.12
MLI,1998,pv,0.43
MLT,1998,pv,1.43
MTQ,1998,pv,0.27
MRT,1998,pv,0.35
MUS,1998,pv,0.97
MEX,1998,pv,-0.42
MDA,1998,pv,0.39
MNG,1998,pv,0.35
MAR,1998,pv,0.31
MOZ,1998,pv,0.11
MMR,1998,pv,-1.49
NAM,1998,pv,0.51
NPL,1998,pv,-0.73
NLD,1998,pv,1.59
NZL,1998,pv,1.32
NIC,1998,pv,-0.49
NER,1998,pv,-0.32
NGA,1998,pv,-0.59
MKD,1998,pv,-0.71
NOR,1998,pv,1.44
OMN,1998,pv,0.85
PAK,1998,pv,-1.12
PAN,1998,pv,0.37
PNG,1998,pv,-0.11
PRY,1998,pv,-0.75
PER,1998,pv,-0.52
PHL,1998,pv,-0.26
POL,1998,pv,0.84
PRT,1998,pv,1.37
PRI,1998,pv,0.27
QAT,1998,pv,1.06
ROM,1998,pv,0.5
RUS,1998,pv,-1.09
RWA,1998,pv,-2.04
WSM,1998,pv,1.34
SAU,1998,pv,0.11
SEN,1998,pv,-0.99
SRB,1998,pv,-2.14
SYC,1998,pv,1.08
SLE,1998,pv,-2.17
SGP,1998,pv,0.93
SVK,1998,pv,1.18
SVN,1998,pv,1.24
SLB,1998,pv,1.11
SOM,1998,pv,-2.14
ZAF,1998,pv,-0.55
ESP,1998,pv,0.13
LKA,1998,pv,-1.48
LCA,1998,pv,0.35
VCT,1998,pv,1.11
SDN,1998,pv,-2.26
SUR,1998,pv,0.6
SWE,1998,pv,1.4
CHE,1998,pv,1.44
SYR,1998,pv,-0.04
STP,1998,pv,1.08
TWN,1998,pv,0.96
TJK,1998,pv,-1.84
TZA,1998,pv,-0.41
THA,1998,pv,0.64
TGO,1998,pv,-0.62
TTO,1998,pv,0.41
TUN,1998,pv,0.26
TKM,1998,pv,0.2
TUR,1998,pv,-1.23
UGA,1998,pv,-1.1
UKR,1998,pv,-0.12
ARE,1998,pv,0.87
GBR,1998,pv,0.93
USA,1998,pv,0.88
URY,1998,pv,0.77
UZB,1998,pv,-0.68
VUT,1998,pv,1.11
VEN,1998,pv,-0.54
VNM,1998,pv,0.32
WBG,1998,pv,-1.35
YEM,1998,pv,-1.19
ZMB,1998,pv,0.22
ZWE,1998,pv,-0.74
AFG,1998,rl,-1.73
ALB,1998,rl,-0.93
DZA,1998,rl,-1.2
ADO,1998,rl,1.18
AGO,1998,rl,-1.53
ATG,1998,rl,1.05
ARG,1998,rl,-0.04
ARM,1998,rl,-0.38
AUS,1998,rl,1.76
AUT,1998,rl,1.8
AZE,1998,rl,-1.12
BHS,1998,rl,1.26
BHR,1998,rl,0.35
BGD,1998,rl,-0.94
BRB,1998,rl,1.23
BLR,1998,rl,-0.89
BEL,1998,rl,1.22
BLZ,1998,rl,-0.11
BEN,1998,rl,0.05
BMU,1998,rl,1.21
BTN,1998,rl,0.04
BOL,1998,rl,-0.23
BIH,1998,rl,-0.67
BWA,1998,rl,0.63
BRA,1998,rl,-0.2
BRN,1998,rl,0.53
BGR,1998,rl,-0.22
BFA,1998,rl,-0.91
BDI,1998,rl,-1.38
KHM,1998,rl,-1.18
CMR,1998,rl,-1.14
CAN,1998,rl,1.71
CPV,1998,rl,0.67
CYM,1998,rl,1.46
CAF,1998,rl,-1.17
TCD,1998,rl,-1.19
CHL,1998,rl,1.1
CHN,1998,rl,-0.48
COL,1998,rl,-0.66
COM,1998,rl,-0.88
ZAR,1998,rl,-1.92
COG,1998,rl,-1.62
CRI,1998,rl,0.63
HRV,1998,rl,-0.41
CUB,1998,rl,-1.05
CYP,1998,rl,0.95
CZE,1998,rl,0.87
CIV,1998,rl,-0.92
DNK,1998,rl,1.84
DJI,1998,rl,-0.91
DMA,1998,rl,0.84
DOM,1998,rl,-0.58
ECU,1998,rl,-0.54
EGY,1998,rl,-0.13
SLV,1998,rl,-0.69
GNQ,1998,rl,-1.35
ERI,1998,rl,-0.63
EST,1998,rl,0.59
SWZ,1998,rl,-0.66
ETH,1998,rl,-0.91
FJI,1998,rl,0.34
FIN,1998,rl,1.95
FRA,1998,rl,1.36
GUF,1998,rl,0.96
GAB,1998,rl,-0.37
GMB,1998,rl,0
GEO,1998,rl,-1.22
DEU,1998,rl,1.62
GHA,1998,rl,-0.44
GRC,1998,rl,0.78
GRD,1998,rl,0.42
GTM,1998,rl,-1.04
GIN,1998,rl,-1.39
GNB,1998,rl,-1.88
GUY,1998,rl,-0.37
HTI,1998,rl,-1.43
HND,1998,rl,-0.89
HKG,1998,rl,0.98
HUN,1998,rl,0.81
ISL,1998,rl,1.66
IND,1998,rl,0.34
IDN,1998,rl,-0.75
IRN,1998,rl,-0.68
IRQ,1998,rl,-1.55
IRL,1998,rl,1.59
ISR,1998,rl,0.99
ITA,1998,rl,0.8
JAM,1998,rl,-0.25
JPN,1998,rl,1.35
JOR,1998,rl,0.3
KAZ,1998,rl,-1.11
KEN,1998,rl,-1.03
KIR,1998,rl,0.88
PRK,1998,rl,-1.15
KOR,1998,rl,0.78
KWT,1998,rl,0.61
KGZ,1998,rl,-0.8
LAO,1998,rl,-0.99
LVA,1998,rl,0.24
LBN,1998,rl,-0.41
LSO,1998,rl,0.17
LBR,1998,rl,-1.8
LBY,1998,rl,-1.12
LIE,1998,rl,1.47
LTU,1998,rl,0.55
LUX,1998,rl,1.76
MAC,1998,rl,0.2
MDG,1998,rl,-0.37
MWI,1998,rl,-0.42
MYS,1998,rl,0.28
MDV,1998,rl,-0.18
MLI,1998,rl,-0.23
MLT,1998,rl,1.26
MHL,1998,rl,-0.16
MTQ,1998,rl,1.21
MRT,1998,rl,-0.46
MUS,1998,rl,1.02
MEX,1998,rl,-0.53
FSM,1998,rl,0.88
MDA,1998,rl,-0.06
MCO,1998,rl,0.88
MNG,1998,rl,0.24
MNE,1998,rl,-0.79
MAR,1998,rl,0.13
MOZ,1998,rl,-0.83
MMR,1998,rl,-1.53
NAM,1998,rl,0.18
NRU,1998,rl,0.88
NPL,1998,rl,0.01
NLD,1998,rl,1.74
NZL,1998,rl,1.85
NIC,1998,rl,-0.61
NER,1998,rl,-0.68
NGA,1998,rl,-1.19
MKD,1998,rl,-0.33
NOR,1998,rl,1.95
OMN,1998,rl,0.42
PAK,1998,rl,-0.79
PLW,1998,rl,0.88
PAN,1998,rl,-0.13
PNG,1998,rl,-0.52
PRY,1998,rl,-0.83
PER,1998,rl,-0.74
PHL,1998,rl,0.03
POL,1998,rl,0.8
PRT,1998,rl,1.24
PRI,1998,rl,0.96
QAT,1998,rl,0.17
ROM,1998,rl,-0.11
RUS,1998,rl,-0.86
RWA,1998,rl,-1.46
WSM,1998,rl,0.96
SMR,1998,rl,0.88
SAU,1998,rl,0.05
SEN,1998,rl,0.07
SRB,1998,rl,-1.26
SYC,1998,rl,0.62
SLE,1998,rl,-1.31
SGP,1998,rl,1.24
SVK,1998,rl,0.17
SVN,1998,rl,1.18
SLB,1998,rl,0.73
SOM,1998,rl,-2.14
ZAF,1998,rl,0.16
ESP,1998,rl,1.31
LKA,1998,rl,0.06
KNA,1998,rl,0.88
LCA,1998,rl,0.88
VCT,1998,rl,0.88
SDN,1998,rl,-1.67
SUR,1998,rl,0
SWE,1998,rl,1.75
CHE,1998,rl,1.93
SYR,1998,rl,-0.54
STP,1998,rl,0.26
TWN,1998,rl,0.74
TJK,1998,rl,-1.53
TZA,1998,rl,-0.17
THA,1998,rl,0.51
TMP,1998,rl,-1.57
TGO,1998,rl,-0.76
TON,1998,rl,0.88
TTO,1998,rl,0.59
TUN,1998,rl,-0.32
TKM,1998,rl,-1.41
TUV,1998,rl,0.88
TUR,1998,rl,-0.1
UGA,1998,rl,-0.65
UKR,1998,rl,-0.98
ARE,1998,rl,0.72
GBR,1998,rl,1.73
USA,1998,rl,1.57
URY,1998,rl,0.62
UZB,1998,rl,-1.26
VUT,1998,rl,0.33
VEN,1998,rl,-0.71
VNM,1998,rl,-0.4
WBG,1998,rl,-0.05
YEM,1998,rl,-1.39
ZMB,1998,rl,-0.47
ZWE,1998,rl,-0.77
AFG,1998,rq,-2.06
ALB,1998,rq,-0.44
DZA,1998,rq,-0.88
ADO,1998,rq,1.25
AGO,1998,rq,-1.45
ATG,1998,rq,0.77
ARG,1998,rq,0.52
ARM,1998,rq,-0.25
AUS,1998,rq,1.43
AUT,1998,rq,1.35
AZE,1998,rq,-1.05
BHS,1998,rq,1.01
BHR,1998,rq,0.76
BGD,1998,rq,-1.05
BRB,1998,rq,1.28
BLR,1998,rq,-1.5
BEL,1998,rq,1.01
BLZ,1998,rq,0.2
BEN,1998,rq,-0.15
BMU,1998,rq,1.48
BTN,1998,rq,-0.41
BOL,1998,rq,0.17
BIH,1998,rq,-1.03
BWA,1998,rq,0.83
BRA,1998,rq,0.33
BRN,1998,rq,0.89
BGR,1998,rq,0.19
BFA,1998,rq,-0.23
BDI,1998,rq,-1.58
KHM,1998,rq,-0.16
CMR,1998,rq,-0.91
CAN,1998,rq,1.54
CPV,1998,rq,-0.45
CYM,1998,rq,1.01
CAF,1998,rq,-0.88
TCD,1998,rq,-1.2
CHL,1998,rq,1.38
CHN,1998,rq,-0.27
COL,1998,rq,-0.17
COM,1998,rq,-1.12
ZAR,1998,rq,-2.1
COG,1998,rq,-1.3
CRI,1998,rq,0.92
HRV,1998,rq,-0.15
CUB,1998,rq,-1.32
CYP,1998,rq,1.16
CZE,1998,rq,0.92
CIV,1998,rq,-0.29
DNK,1998,rq,1.71
DJI,1998,rq,-0.89
DMA,1998,rq,1.01
DOM,1998,rq,-0.07
ECU,1998,rq,-0.06
EGY,1998,rq,-0.17
SLV,1998,rq,0.08
GNQ,1998,rq,-1.63
ERI,1998,rq,-1.12
EST,1998,rq,1.2
SWZ,1998,rq,-0.18
ETH,1998,rq,-1.27
FJI,1998,rq,0.04
FIN,1998,rq,1.76
FRA,1998,rq,0.83
GUF,1998,rq,1.01
GAB,1998,rq,0.34
GMB,1998,rq,-0.69
GEO,1998,rq,-0.7
DEU,1998,rq,1.23
GHA,1998,rq,-0.22
GRC,1998,rq,0.58
GRD,1998,rq,0.54
GTM,1998,rq,-0.15
GIN,1998,rq,-0.81
GNB,1998,rq,-1.22
GUY,1998,rq,-0.06
HTI,1998,rq,-0.95
HND,1998,rq,-0.4
HKG,1998,rq,1.84
HUN,1998,rq,0.96
ISL,1998,rq,1.3
IND,1998,rq,-0.44
IDN,1998,rq,-0.35
IRN,1998,rq,-1.62
IRQ,1998,rq,-2.2
IRL,1998,rq,1.64
ISR,1998,rq,1.05
ITA,1998,rq,0.71
JAM,1998,rq,0.22
JPN,1998,rq,0.55
JOR,1998,rq,0.34
KAZ,1998,rq,-0.41
KEN,1998,rq,-0.26
PRK,1998,rq,-2.13
KOR,1998,rq,0.32
KWT,1998,rq,-0.06
KGZ,1998,rq,-0.19
LAO,1998,rq,-1.13
LVA,1998,rq,0.84
LBN,1998,rq,-0.5
LSO,1998,rq,-0.3
LBR,1998,rq,-1.75
LBY,1998,rq,-1.89
LIE,1998,rq,1.48
LTU,1998,rq,0.92
LUX,1998,rq,1.49
MAC,1998,rq,0.54
MDG,1998,rq,-0.8
MWI,1998,rq,-0.11
MYS,1998,rq,0.7
MDV,1998,rq,1.01
MLI,1998,rq,-0.31
MLT,1998,rq,1.01
MTQ,1998,rq,1.01
MRT,1998,rq,-0.45
MUS,1998,rq,0.13
MEX,1998,rq,0.15
MDA,1998,rq,-0.11
MNG,1998,rq,-0.16
MAR,1998,rq,0.02
MOZ,1998,rq,-0.32
MMR,1998,rq,-1.78
NAM,1998,rq,0.47
NPL,1998,rq,-0.45
NLD,1998,rq,1.86
NZL,1998,rq,1.96
NIC,1998,rq,-0.24
NER,1998,rq,-0.74
NGA,1998,rq,-0.92
MKD,1998,rq,-0.37
NOR,1998,rq,1.41
OMN,1998,rq,-0.05
PAK,1998,rq,-0.65
PAN,1998,rq,0.82
PNG,1998,rq,-0.4
PRY,1998,rq,-0.55
PER,1998,rq,0.57
PHL,1998,rq,0.24
POL,1998,rq,0.62
PRT,1998,rq,1.09
PRI,1998,rq,1.25
QAT,1998,rq,0.05
ROM,1998,rq,0.21
RUS,1998,rq,-0.51
RWA,1998,rq,-1.35
WSM,1998,rq,0.04
SAU,1998,rq,-0.29
SEN,1998,rq,-0.17
SRB,1998,rq,-0.82
SYC,1998,rq,0.3
SLE,1998,rq,-1.49
SGP,1998,rq,2.15
SVK,1998,rq,0.5
SVN,1998,rq,1.05
SOM,1998,rq,-2.18
ZAF,1998,rq,0.51
ESP,1998,rq,1.2
LKA,1998,rq,0.16
SDN,1998,rq,-1.3
SUR,1998,rq,-0.53
SWE,1998,rq,1.16
CHE,1998,rq,1.64
SYR,1998,rq,-1.25
STP,1998,rq,-0.64
TWN,1998,rq,1.01
TJK,1998,rq,-1.47
TZA,1998,rq,-0.4
THA,1998,rq,0.11
TGO,1998,rq,-0.67
TTO,1998,rq,0.71
TUN,1998,rq,0.13
TKM,1998,rq,-1.75
TUR,1998,rq,0.36
UGA,1998,rq,0.12
UKR,1998,rq,-0.71
ARE,1998,rq,0.58
GBR,1998,rq,1.97
USA,1998,rq,1.61
URY,1998,rq,0.91
UZB,1998,rq,-2.02
VEN,1998,rq,-0.31
VNM,1998,rq,-0.61
WBG,1998,rq,-0.88
YEM,1998,rq,-0.6
ZMB,1998,rq,-0.29
ZWE,1998,rq,-0.84
AFG,1998,va,-2.04
ALB,1998,va,-0.39
DZA,1998,va,-1.24
ADO,1998,va,1.53
AGO,1998,va,-1.41
ATG,1998,va,0.34
ARG,1998,va,0.31
ARM,1998,va,-0.34
AUS,1998,va,1.41
AUT,1998,va,1.35
AZE,1998,va,-1.02
BHS,1998,va,1.16
BHR,1998,va,-1.07
BGD,1998,va,-0.09
BRB,1998,va,1.27
BLR,1998,va,-0.77
BEL,1998,va,1.34
BLZ,1998,va,0.88
BEN,1998,va,0.43
BMU,1998,va,1.17
BTN,1998,va,-1.1
BOL,1998,va,0.35
BIH,1998,va,-0.01
BWA,1998,va,0.75
BRA,1998,va,0.33
BRN,1998,va,-0.72
BGR,1998,va,0.44
BFA,1998,va,-0.4
BDI,1998,va,-1.44
KHM,1998,va,-0.82
CMR,1998,va,-1.06
CAN,1998,va,1.55
CPV,1998,va,0.93
CYM,1998,va,1.6
CAF,1998,va,-0.68
TCD,1998,va,-0.97
CHL,1998,va,0.62
CHN,1998,va,-1.44
COL,1998,va,-0.34
COM,1998,va,-0.38
ZAR,1998,va,-1.73
COG,1998,va,-1.47
CRI,1998,va,1.14
HRV,1998,va,-0.29
CUB,1998,va,-1.58
CYP,1998,va,0.98
CZE,1998,va,0.97
CIV,1998,va,-0.64
DNK,1998,va,1.47
DJI,1998,va,-0.99
DMA,1998,va,1.09
DOM,1998,va,0.09
ECU,1998,va,0.11
EGY,1998,va,-0.91
SLV,1998,va,0.04
GNQ,1998,va,-1.56
ERI,1998,va,-1.23
EST,1998,va,1.03
SWZ,1998,va,-1.24
ETH,1998,va,-0.99
FJI,1998,va,0.23
FIN,1998,va,1.47
FRA,1998,va,1.17
GUF,1998,va,0.52
GAB,1998,va,-0.39
GMB,1998,va,-0.92
GEO,1998,va,-0.39
DEU,1998,va,1.29
GHA,1998,va,-0.19
GRC,1998,va,1.1
GRD,1998,va,0.72
GTM,1998,va,-0.2
GIN,1998,va,-1.11
GNB,1998,va,-0.94
GUY,1998,va,0.39
HTI,1998,va,-0.61
HND,1998,va,-0.02
HKG,1998,va,-0.11
HUN,1998,va,1.07
ISL,1998,va,1.43
IND,1998,va,0.39
IDN,1998,va,-1.02
IRN,1998,va,-0.86
IRQ,1998,va,-1.94
IRL,1998,va,1.36
ISR,1998,va,0.62
ITA,1998,va,1.06
JAM,1998,va,0.73
JPN,1998,va,0.95
JOR,1998,va,-0.42
KAZ,1998,va,-0.76
KEN,1998,va,-0.87
KIR,1998,va,1.18
PRK,1998,va,-2.07
KOR,1998,va,0.64
KSV,1998,va,-1.27
KWT,1998,va,-0.3
KGZ,1998,va,-0.81
LAO,1998,va,-1.31
LVA,1998,va,0.83
LBN,1998,va,-0.4
LSO,1998,va,-0.43
LBR,1998,va,-0.89
LBY,1998,va,-1.68
LIE,1998,va,1.53
LTU,1998,va,0.94
LUX,1998,va,1.52
MAC,1998,va,0.3
MDG,1998,va,0.15
MWI,1998,va,0.06
MYS,1998,va,-0.42
MDV,1998,va,-0.67
MLI,1998,va,-0.07
MLT,1998,va,1.14
MHL,1998,va,1.24
MTQ,1998,va,0.73
MRT,1998,va,-0.71
MUS,1998,va,1.01
MEX,1998,va,0.06
FSM,1998,va,0.98
MDA,1998,va,0.09
MCO,1998,va,1.11
MNG,1998,va,0.56
MNE,1998,va,-0.59
MAR,1998,va,-0.24
MOZ,1998,va,-0.16
MMR,1998,va,-1.92
NAM,1998,va,0.33
NRU,1998,va,1.01
NPL,1998,va,-0.19
NLD,1998,va,1.56
NZL,1998,va,1.56
NIC,1998,va,0.1
NER,1998,va,-1.29
NGA,1998,va,-1.08
MKD,1998,va,-0.16
NOR,1998,va,1.49
OMN,1998,va,-0.89
PAK,1998,va,-0.54
PLW,1998,va,1.11
PAN,1998,va,0.51
PNG,1998,va,0.08
PRY,1998,va,-0.25
PER,1998,va,-0.64
PHL,1998,va,0.42
POL,1998,va,1.09
PRT,1998,va,1.43
PRI,1998,va,1.13
QAT,1998,va,-0.78
ROM,1998,va,0.39
RUS,1998,va,-0.41
RWA,1998,va,-1.41
WSM,1998,va,0.67
SMR,1998,va,1.3
SAU,1998,va,-1.62
SEN,1998,va,0.03
SRB,1998,va,-0.97
SYC,1998,va,0.13
SLE,1998,va,-1.13
SGP,1998,va,0.11
SVK,1998,va,0.71
SVN,1998,va,1.2
SLB,1998,va,0.78
SOM,1998,va,-1.82
ZAF,1998,va,0.85
ESP,1998,va,1.3
LKA,1998,va,-0.15
KNA,1998,va,1.04
LCA,1998,va,1.08
VCT,1998,va,1.06
SDN,1998,va,-1.81
SUR,1998,va,0.17
SWE,1998,va,1.54
CHE,1998,va,1.41
SYR,1998,va,-1.56
STP,1998,va,0.51
TWN,1998,va,0.77
TJK,1998,va,-1.51
TZA,1998,va,-0.52
THA,1998,va,0.38
TMP,1998,va,-1.7
TGO,1998,va,-1.12
TON,1998,va,0.25
TTO,1998,va,0.84
TUN,1998,va,-0.82
TKM,1998,va,-1.66
TUV,1998,va,1.3
TUR,1998,va,-0.62
UGA,1998,va,-0.86
UKR,1998,va,-0.24
ARE,1998,va,-0.52
GBR,1998,va,1.2
USA,1998,va,1.34
URY,1998,va,0.97
UZB,1998,va,-1.76
VUT,1998,va,0.64
VEN,1998,va,0.11
VNM,1998,va,-1.35
WBG,1998,va,-0.72
YEM,1998,va,-0.78
ZMB,1998,va,-0.48
ZWE,1998,va,-0.79
AFG,2000,cc,-1.27
ALB,2000,cc,-0.86
DZA,2000,cc,-0.99
ADO,2000,cc,1.31
AGO,2000,cc,-1.2
ATG,2000,cc,0.86
ARG,2000,cc,-0.17
ARM,2000,cc,-0.85
AUS,2000,cc,1.86
AUT,2000,cc,1.75
AZE,2000,cc,-1.29
BHS,2000,cc,1.3
BHR,2000,cc,0.36
BGD,2000,cc,-1.21
BRB,2000,cc,1.52
BLR,2000,cc,-0.5
BEL,2000,cc,1.45
BLZ,2000,cc,-0.04
BEN,2000,cc,-0.7
BMU,2000,cc,1.31
BTN,2000,cc,0.57
BOL,2000,cc,-0.48
BIH,2000,cc,-0.6
BWA,2000,cc,0.86
BRA,2000,cc,0.01
BRN,2000,cc,0.35
BGR,2000,cc,-0.18
BFA,2000,cc,0.12
BDI,2000,cc,-0.82
KHM,2000,cc,-0.97
CMR,2000,cc,-1.33
CAN,2000,cc,2.05
CPV,2000,cc,1.13
CYM,2000,cc,1.31
CAF,2000,cc,-1.2
TCD,2000,cc,-1.33
CHL,2000,cc,1.54
CHN,2000,cc,-0.21
COL,2000,cc,-0.41
COM,2000,cc,-0.96
ZAR,2000,cc,-1.46
COG,2000,cc,-0.94
CRI,2000,cc,0.7
HRV,2000,cc,-0.04
CUB,2000,cc,0.36
CYP,2000,cc,1.08
CZE,2000,cc,0.15
CIV,2000,cc,-0.78
DNK,2000,cc,2.32
DJI,2000,cc,-0.64
DMA,2000,cc,0.86
DOM,2000,cc,-0.69
ECU,2000,cc,-0.8
EGY,2000,cc,-0.49
SLV,2000,cc,-0.75
GNQ,2000,cc,-1.21
ERI,2000,cc,0.5
EST,2000,cc,0.84
SWZ,2000,cc,-0.05
ETH,2000,cc,-0.91
FJI,2000,cc,0.63
FIN,2000,cc,2.37
FRA,2000,cc,1.32
GUF,2000,cc,0.86
GAB,2000,cc,-0.59
GMB,2000,cc,-0.38
GEO,2000,cc,-1.04
DEU,2000,cc,1.8
GHA,2000,cc,-0.1
GRC,2000,cc,0.63
GRD,2000,cc,0.86
GTM,2000,cc,-0.83
GIN,2000,cc,-1.05
GNB,2000,cc,-0.92
GUY,2000,cc,-0.42
HTI,2000,cc,-1.2
HND,2000,cc,-0.97
HKG,2000,cc,1.29
HUN,2000,cc,0.72
ISL,2000,cc,2.2
IND,2000,cc,-0.4
IDN,2000,cc,-0.91
IRN,2000,cc,-0.4
IRQ,2000,cc,-1.47
IRL,2000,cc,1.38
ISR,2000,cc,1.02
ITA,2000,cc,0.7
JAM,2000,cc,0.09
JPN,2000,cc,1.23
JOR,2000,cc,0.06
KAZ,2000,cc,-1.15
KEN,2000,cc,-1.14
PRK,2000,cc,-1.3
KOR,2000,cc,0.27
KSV,2000,cc,0.37
KWT,2000,cc,0.56
KGZ,2000,cc,-1.01
LAO,2000,cc,-0.7
LVA,2000,cc,-0.04
LBN,2000,cc,-0.47
LSO,2000,cc,-0.17
LBR,2000,cc,-1.1
LBY,2000,cc,-0.85
LIE,2000,cc,1.31
LTU,2000,cc,0.37
LUX,2000,cc,1.98
MAC,2000,cc,0.41
MDG,2000,cc,-0.48
MWI,2000,cc,-0.23
MYS,2000,cc,0.29
MDV,2000,cc,-0.23
MLI,2000,cc,-0.88
MLT,2000,cc,0.92
MTQ,2000,cc,0.86
MRT,2000,cc,-0.49
MUS,2000,cc,0.2
MEX,2000,cc,-0.07
MDA,2000,cc,-0.62
MNG,2000,cc,-0.27
MNE,2000,cc,-0.18
MAR,2000,cc,-0.23
MOZ,2000,cc,-0.53
MMR,2000,cc,-1.36
NAM,2000,cc,0.77
NPL,2000,cc,-0.57
NLD,2000,cc,2.14
NZL,2000,cc,2.18
NIC,2000,cc,-0.94
NER,2000,cc,-0.95
NGA,2000,cc,-1.32
MKD,2000,cc,-0.64
NOR,2000,cc,2.12
OMN,2000,cc,0.77
PAK,2000,cc,-0.89
PAN,2000,cc,-0.32
PNG,2000,cc,-0.79
PRY,2000,cc,-1.37
PER,2000,cc,-0.4
PHL,2000,cc,-0.53
POL,2000,cc,0.7
PRT,2000,cc,1.15
PRI,2000,cc,0.86
QAT,2000,cc,0.51
ROM,2000,cc,-0.51
RUS,2000,cc,-0.94
RWA,2000,cc,-0.73
WSM,2000,cc,-0.04
SAU,2000,cc,-0.2
SEN,2000,cc,-0.09
SRB,2000,cc,-1.16
SYC,2000,cc,0.59
SLE,2000,cc,-0.74
SGP,2000,cc,2.14
SVK,2000,cc,0.22
SVN,2000,cc,0.83
SLB,2000,cc,0.18
SOM,2000,cc,-1.23
ZAF,2000,cc,0.55
ESP,2000,cc,1.33
LKA,2000,cc,-0.2
SDN,2000,cc,-1.02
SUR,2000,cc,0.45
SWE,2000,cc,2.23
CHE,2000,cc,2.05
SYR,2000,cc,-1.01
STP,2000,cc,0.35
TWN,2000,cc,0.7
TJK,2000,cc,-1.27
TZA,2000,cc,-0.81
THA,2000,cc,-0.23
TGO,2000,cc,-0.75
TTO,2000,cc,0.35
TUN,2000,cc,-0.39
TKM,2000,cc,-1.08
TUR,2000,cc,-0.26
UGA,2000,cc,-1.03
UKR,2000,cc,-1.11
ARE,2000,cc,0.1
GBR,2000,cc,2.07
USA,2000,cc,1.6
URY,2000,cc,0.96
UZB,2000,cc,-1.08
VUT,2000,cc,0.23
VEN,2000,cc,-0.64
VNM,2000,cc,-0.58
WBG,2000,cc,-0.09
YEM,2000,cc,-0.97
ZMB,2000,cc,-0.82
ZWE,2000,cc,-1.13
AFG,2000,ge,-2.17
ALB,2000,ge,-0.92
DZA,2000,ge,-1.01
ADO,2000,ge,1.38
AGO,2000,ge,-1.08
ATG,2000,ge,0.62
ARG,2000,ge,-0.03
ARM,2000,ge,-0.55
AUS,2000,ge,1.73
AUT,2000,ge,1.85
AZE,2000,ge,-0.95
BHS,2000,ge,1.23
BHR,2000,ge,0.55
BGD,2000,ge,-0.61
BRB,2000,ge,1.38
BLR,2000,ge,-0.72
BEL,2000,ge,1.66
BLZ,2000,ge,0.36
BEN,2000,ge,-0.4
BMU,2000,ge,1.13
BTN,2000,ge,0.62
BOL,2000,ge,-0.31
BIH,2000,ge,-1.06
BWA,2000,ge,0.42
BRA,2000,ge,0.04
BRN,2000,ge,0.87
BGR,2000,ge,0.04
BFA,2000,ge,-0.78
BDI,2000,ge,-1.41
KHM,2000,ge,-0.9
CMR,2000,ge,-0.82
CAN,2000,ge,1.85
CYM,2000,ge,1.89
CAF,2000,ge,-1.41
TCD,2000,ge,-0.65
CHL,2000,ge,1.01
CHN,2000,ge,-0.16
COL,2000,ge,-0.4
COM,2000,ge,-1.16
ZAR,2000,ge,-1.79
COG,2000,ge,-1.15
CRI,2000,ge,0.26
HRV,2000,ge,0.36
CUB,2000,ge,-0.37
CYP,2000,ge,1.07
CZE,2000,ge,0.59
CIV,2000,ge,-1.01
DNK,2000,ge,1.9
DJI,2000,ge,-0.9
DMA,2000,ge,0.87
DOM,2000,ge,-0.43
ECU,2000,ge,-0.69
EGY,2000,ge,-0.17
SLV,2000,ge,-0.62
GNQ,2000,ge,-1.06
ERI,2000,ge,-1.16
EST,2000,ge,0.69
SWZ,2000,ge,-0.65
ETH,2000,ge,-1.21
FJI,2000,ge,-0.14
FIN,2000,ge,2.03
FRA,2000,ge,1.64
GUF,2000,ge,0.87
GAB,2000,ge,-0.48
GMB,2000,ge,-0.51
GEO,2000,ge,-0.43
DEU,2000,ge,1.8
GHA,2000,ge,0.03
GRC,2000,ge,0.59
GRD,2000,ge,0.62
GTM,2000,ge,-0.56
GIN,2000,ge,-0.88
GNB,2000,ge,-0.97
GUY,2000,ge,-0.05
HTI,2000,ge,-1.24
HND,2000,ge,-0.58
HKG,2000,ge,1.26
HUN,2000,ge,1
ISL,2000,ge,1.94
IND,2000,ge,-0.19
IDN,2000,ge,-0.37
IRN,2000,ge,-0.49
IRQ,2000,ge,-1.93
IRL,2000,ge,1.59
ISR,2000,ge,1.06
ITA,2000,ge,0.72
JAM,2000,ge,0
JPN,2000,ge,1.14
JOR,2000,ge,0.02
KAZ,2000,ge,-0.78
KEN,2000,ge,-0.62
PRK,2000,ge,-1.79
KOR,2000,ge,0.61
KWT,2000,ge,-0.1
KGZ,2000,ge,-0.41
LAO,2000,ge,-0.65
LVA,2000,ge,0.21
LBN,2000,ge,0.03
LSO,2000,ge,-0.14
LBR,2000,ge,-1.79
LBY,2000,ge,-1.08
LIE,2000,ge,1.63
LTU,2000,ge,0.1
LUX,2000,ge,1.89
MAC,2000,ge,0.62
MDG,2000,ge,-0.6
MWI,2000,ge,-0.36
MYS,2000,ge,0.99
MDV,2000,ge,0.87
MLI,2000,ge,-1.06
MLT,2000,ge,1.05
MTQ,2000,ge,0.87
MRT,2000,ge,-0.14
MUS,2000,ge,0.43
MEX,2000,ge,0.28
MDA,2000,ge,-0.54
MNG,2000,ge,-0.33
MAR,2000,ge,0.03
MOZ,2000,ge,-0.49
MMR,2000,ge,-1.21
NAM,2000,ge,0.29
NPL,2000,ge,-0.4
NLD,2000,ge,1.98
NZL,2000,ge,1.59
NIC,2000,ge,-0.66
NER,2000,ge,-1.15
NGA,2000,ge,-0.97
MKD,2000,ge,-0.84
NOR,2000,ge,1.82
OMN,2000,ge,0.29
PAK,2000,ge,-0.49
PAN,2000,ge,0.23
PNG,2000,ge,-0.36
PRY,2000,ge,-1.04
PER,2000,ge,-0.18
PHL,2000,ge,-0.2
POL,2000,ge,0.57
PRT,2000,ge,0.97
PRI,2000,ge,1.13
QAT,2000,ge,0.42
ROM,2000,ge,-0.26
RUS,2000,ge,-0.67
RWA,2000,ge,-1.16
WSM,2000,ge,0.36
SAU,2000,ge,-0.23
SEN,2000,ge,-0.17
SRB,2000,ge,-0.83
SYC,2000,ge,0.62
SLE,2000,ge,-1.61
SGP,2000,ge,2.11
SVK,2000,ge,0.67
SVN,2000,ge,0.67
SOM,2000,ge,-1.98
ZAF,2000,ge,0.65
ESP,2000,ge,1.69
LKA,2000,ge,-0.34
SDN,2000,ge,-0.94
SUR,2000,ge,-0.14
SWE,2000,ge,1.88
CHE,2000,ge,1.96
SYR,2000,ge,-0.94
STP,2000,ge,-0.4
TWN,2000,ge,0.7
TJK,2000,ge,-1.16
TZA,2000,ge,-0.56
THA,2000,ge,0.18
TGO,2000,ge,-1.06
TTO,2000,ge,0.45
TUN,2000,ge,0.42
TKM,2000,ge,-1.16
TUR,2000,ge,-0.02
UGA,2000,ge,-0.49
UKR,2000,ge,-0.68
ARE,2000,ge,0.75
GBR,2000,ge,1.77
USA,2000,ge,1.72
URY,2000,ge,0.42
UZB,2000,ge,-1.02
VEN,2000,ge,-0.69
VNM,2000,ge,-0.39
WBG,2000,ge,-1.16
YEM,2000,ge,-0.82
ZMB,2000,ge,-1.08
ZWE,2000,ge,-0.76
AFG,2000,pv,-2.44
ALB,2000,pv,-0.54
DZA,2000,pv,-1.43
ADO,2000,pv,1.17
AGO,2000,pv,-2.04
ATG,2000,pv,0.71
ARG,2000,pv,0.1
ARM,2000,pv,-0.68
AUS,2000,pv,1.33
AUT,2000,pv,0.82
AZE,2000,pv,-0.83
BHS,2000,pv,1.28
BHR,2000,pv,0.06
BGD,2000,pv,-0.73
BRB,2000,pv,1.15
BLR,2000,pv,0.14
BEL,2000,pv,1.13
BLZ,2000,pv,0.18
BEN,2000,pv,0.8
BMU,2000,pv,0.71
BTN,2000,pv,0.49
BOL,2000,pv,-0.24
BIH,2000,pv,-0.53
BWA,2000,pv,1.07
BRA,2000,pv,0.18
BRN,2000,pv,1.3
BGR,2000,pv,0.38
BFA,2000,pv,0.06
BDI,2000,pv,-2.01
KHM,2000,pv,-0.78
CMR,2000,pv,-0.56
CAN,2000,pv,1.17
CPV,2000,pv,1.22
CYM,2000,pv,0.71
CAF,2000,pv,-1.12
TCD,2000,pv,-1.13
CHL,2000,pv,0.49
CHN,2000,pv,-0.21
COL,2000,pv,-1.61
COM,2000,pv,0.02
ZAR,2000,pv,-2.47
COG,2000,pv,-0.92
CRI,2000,pv,0.87
HRV,2000,pv,0.28
CUB,2000,pv,0.25
CYP,2000,pv,0.52
CZE,2000,pv,0.33
CIV,2000,pv,-1.24
DNK,2000,pv,1.5
DJI,2000,pv,-0.24
DMA,2000,pv,0.49
DOM,2000,pv,0.01
ECU,2000,pv,-0.57
EGY,2000,pv,0.05
SLV,2000,pv,0.33
GNQ,2000,pv,-0.04
ERI,2000,pv,-0.77
EST,2000,pv,0.9
SWZ,2000,pv,0.04
ETH,2000,pv,-0.95
FJI,2000,pv,0.3
FIN,2000,pv,1.72
FRA,2000,pv,0.79
GUF,2000,pv,0.03
GAB,2000,pv,0.64
GMB,2000,pv,0.53
GEO,2000,pv,-0.81
DEU,2000,pv,1.41
GHA,2000,pv,-0.36
GRC,2000,pv,0.81
GRD,2000,pv,1.02
GTM,2000,pv,-0.77
GIN,2000,pv,-1.91
GNB,2000,pv,-0.35
GUY,2000,pv,-0.49
HTI,2000,pv,-0.63
HND,2000,pv,-0.08
HKG,2000,pv,0.94
HUN,2000,pv,0.92
ISL,2000,pv,1.58
IND,2000,pv,-1
IDN,2000,pv,-2
IRN,2000,pv,-0.73
IRQ,2000,pv,-1.73
IRL,2000,pv,1.58
ISR,2000,pv,-1.04
ITA,2000,pv,0.92
JAM,2000,pv,0.19
JPN,2000,pv,1.2
JOR,2000,pv,0
KAZ,2000,pv,0.09
KEN,2000,pv,-1.07
PRK,2000,pv,-0.02
KOR,2000,pv,0.4
KWT,2000,pv,0.75
KGZ,2000,pv,-0.18
LAO,2000,pv,-0.58
LVA,2000,pv,0.42
LBN,2000,pv,-0.44
LSO,2000,pv,0.1
LBR,2000,pv,-1.95
LBY,2000,pv,-0.29
LIE,2000,pv,1.17
LTU,2000,pv,0.43
LUX,2000,pv,1.61
MAC,2000,pv,0.49
MDG,2000,pv,0.16
MWI,2000,pv,-0.33
MYS,2000,pv,0.09
MDV,2000,pv,1.18
MLI,2000,pv,0.24
MLT,2000,pv,1.59
MTQ,2000,pv,0.49
MRT,2000,pv,0.35
MUS,2000,pv,0.75
MEX,2000,pv,-0.2
MDA,2000,pv,-0.43
MNG,2000,pv,0.82
MAR,2000,pv,-0.07
MOZ,2000,pv,-0.13
MMR,2000,pv,-1.67
NAM,2000,pv,-0.25
NPL,2000,pv,-1.16
NLD,2000,pv,1.76
NZL,2000,pv,1.36
NIC,2000,pv,-0.07
NER,2000,pv,0.12
NGA,2000,pv,-1.46
MKD,2000,pv,-0.61
NOR,2000,pv,1.53
OMN,2000,pv,1.12
PAK,2000,pv,-1.1
PAN,2000,pv,0.25
PNG,2000,pv,-0.21
PRY,2000,pv,-0.97
PER,2000,pv,-0.99
PHL,2000,pv,-1.39
POL,2000,pv,0.31
PRT,2000,pv,1.39
PRI,2000,pv,0.26
QAT,2000,pv,1.16
ROM,2000,pv,-0.38
RUS,2000,pv,-1.4
RWA,2000,pv,-1.69
WSM,2000,pv,1.28
SAU,2000,pv,0.23
SEN,2000,pv,-0.59
SRB,2000,pv,-1.64
SYC,2000,pv,1.28
SLE,2000,pv,-1.87
SGP,2000,pv,1.14
SVK,2000,pv,0.66
SVN,2000,pv,0.89
SLB,2000,pv,-0.73
SOM,2000,pv,-1.95
ZAF,2000,pv,-0.23
ESP,2000,pv,0.46
LKA,2000,pv,-1.9
LCA,2000,pv,1.22
VCT,2000,pv,1.22
SDN,2000,pv,-2.24
SUR,2000,pv,0.21
SWE,2000,pv,1.39
CHE,2000,pv,1.58
SYR,2000,pv,-0.18
STP,2000,pv,1.15
TWN,2000,pv,0.54
TJK,2000,pv,-1.65
TZA,2000,pv,-0.7
THA,2000,pv,0.45
TMP,2000,pv,0.44
TGO,2000,pv,-0.29
TTO,2000,pv,0.15
TUN,2000,pv,0.32
TKM,2000,pv,0.01
TUR,2000,pv,-0.8
UGA,2000,pv,-1.25
UKR,2000,pv,-0.41
ARE,2000,pv,0.98
GBR,2000,pv,1.03
USA,2000,pv,1.08
URY,2000,pv,0.93
UZB,2000,pv,-1.3
VUT,2000,pv,1.22
VEN,2000,pv,-0.76
VNM,2000,pv,0.41
WBG,2000,pv,-1.57
YEM,2000,pv,-1.15
ZMB,2000,pv,0.04
ZWE,2000,pv,-1.32
AFG,2000,rl,-1.78
ALB,2000,rl,-1.02
DZA,2000,rl,-1.25
ADO,2000,rl,1.29
AGO,2000,rl,-1.6
ATG,2000,rl,1.03
ARG,2000,rl,-0.21
ARM,2000,rl,-0.5
AUS,2000,rl,1.72
AUT,2000,rl,1.81
AZE,2000,rl,-1.15
BHS,2000,rl,1.29
BHR,2000,rl,0.28
BGD,2000,rl,-0.99
BRB,2000,rl,1.4
BLR,2000,rl,-1.1
BEL,2000,rl,1.31
BLZ,2000,rl,0.1
BEN,2000,rl,-0.18
BMU,2000,rl,1.23
BTN,2000,rl,0.13
BOL,2000,rl,-0.37
BIH,2000,rl,-0.6
BWA,2000,rl,0.58
BRA,2000,rl,-0.24
BRN,2000,rl,0.52
BGR,2000,rl,-0.12
BFA,2000,rl,-0.73
BDI,2000,rl,-1.57
KHM,2000,rl,-1.08
CMR,2000,rl,-1.19
CAN,2000,rl,1.67
CPV,2000,rl,0.64
CYM,2000,rl,1.49
CAF,2000,rl,-1.38
TCD,2000,rl,-1.13
CHL,2000,rl,1.26
CHN,2000,rl,-0.52
COL,2000,rl,-0.93
COM,2000,rl,-1.17
ZAR,2000,rl,-1.82
COG,2000,rl,-1.35
CRI,2000,rl,0.54
HRV,2000,rl,-0.03
CUB,2000,rl,-1.05
CYP,2000,rl,1.02
CZE,2000,rl,0.61
CIV,2000,rl,-1.25
DNK,2000,rl,1.81
DJI,2000,rl,-0.88
DMA,2000,rl,0.8
DOM,2000,rl,-0.68
ECU,2000,rl,-0.67
EGY,2000,rl,-0.05
SLV,2000,rl,-0.8
GNQ,2000,rl,-1.34
ERI,2000,rl,-0.8
EST,2000,rl,0.59
SWZ,2000,rl,-0.72
ETH,2000,rl,-0.98
FJI,2000,rl,-0.28
FIN,2000,rl,1.95
FRA,2000,rl,1.43
GUF,2000,rl,0.97
GAB,2000,rl,-0.18
GMB,2000,rl,-0.15
GEO,2000,rl,-0.94
DEU,2000,rl,1.61
GHA,2000,rl,0.08
GRC,2000,rl,0.86
GRD,2000,rl,0.34
GTM,2000,rl,-0.89
GIN,2000,rl,-1.39
GNB,2000,rl,-1.32
GUY,2000,rl,-0.42
HTI,2000,rl,-1.46
HND,2000,rl,-1
HKG,2000,rl,0.8
HUN,2000,rl,0.83
ISL,2000,rl,1.8
IND,2000,rl,0.35
IDN,2000,rl,-0.7
IRN,2000,rl,-0.52
IRQ,2000,rl,-1.39
IRL,2000,rl,1.54
ISR,2000,rl,1
ITA,2000,rl,0.84
JAM,2000,rl,-0.48
JPN,2000,rl,1.29
JOR,2000,rl,0.36
KAZ,2000,rl,-1.15
KEN,2000,rl,-0.92
KIR,2000,rl,0.84
PRK,2000,rl,-1.07
KOR,2000,rl,0.83
KSV,2000,rl,-0.02
KWT,2000,rl,0.55
KGZ,2000,rl,-0.91
LAO,2000,rl,-1.06
LVA,2000,rl,0.15
LBN,2000,rl,-0.17
LSO,2000,rl,0.1
LBR,2000,rl,-1.88
LBY,2000,rl,-1
LIE,2000,rl,1.5
LTU,2000,rl,0.22
LUX,2000,rl,1.82
MAC,2000,rl,0.19
MDG,2000,rl,-0.19
MWI,2000,rl,-0.53
MYS,2000,rl,0.2
MDV,2000,rl,0.25
MLI,2000,rl,-0.24
MLT,2000,rl,1.36
MHL,2000,rl,0.84
MTQ,2000,rl,1.23
MRT,2000,rl,-0.41
MUS,2000,rl,0.94
MEX,2000,rl,-0.43
FSM,2000,rl,0.84
MDA,2000,rl,-0.47
MCO,2000,rl,0.84
MNG,2000,rl,0
MNE,2000,rl,0.32
MAR,2000,rl,0.1
MOZ,2000,rl,-0.8
MMR,2000,rl,-1.43
NAM,2000,rl,0.12
NRU,2000,rl,0.84
NPL,2000,rl,-0.21
NLD,2000,rl,1.74
NZL,2000,rl,1.8
NIC,2000,rl,-0.86
NER,2000,rl,-0.77
NGA,2000,rl,-1.16
MKD,2000,rl,-0.6
NOR,2000,rl,1.83
OMN,2000,rl,0.54
PAK,2000,rl,-1
PLW,2000,rl,0.84
PAN,2000,rl,-0.19
PNG,2000,rl,-0.76
PRY,2000,rl,-0.99
PER,2000,rl,-0.72
PHL,2000,rl,-0.39
POL,2000,rl,0.63
PRT,2000,rl,1.2
PRI,2000,rl,0.97
QAT,2000,rl,0.49
ROM,2000,rl,-0.18
RUS,2000,rl,-1.08
RWA,2000,rl,-1.37
WSM,2000,rl,0.98
SMR,2000,rl,0.84
SAU,2000,rl,-0.17
SEN,2000,rl,0.08
SRB,2000,rl,-1.28
SYC,2000,rl,0.73
SLE,2000,rl,-1.29
SGP,2000,rl,1.27
SVK,2000,rl,0.3
SVN,2000,rl,0.97
SLB,2000,rl,0.57
SOM,2000,rl,-2.19
ZAF,2000,rl,0.15
ESP,2000,rl,1.41
LKA,2000,rl,0.16
KNA,2000,rl,0.84
LCA,2000,rl,0.84
VCT,2000,rl,0.84
SDN,2000,rl,-1.63
SUR,2000,rl,-0.04
SWE,2000,rl,1.8
CHE,2000,rl,1.95
SYR,2000,rl,-0.51
STP,2000,rl,0.21
TWN,2000,rl,0.81
TJK,2000,rl,-1.38
TZA,2000,rl,-0.34
THA,2000,rl,0.58
TMP,2000,rl,0.27
TGO,2000,rl,-0.65
TON,2000,rl,0.84
TTO,2000,rl,0.41
TUN,2000,rl,-0.28
TKM,2000,rl,-1.37
TUV,2000,rl,0.84
TUR,2000,rl,-0.07
UGA,2000,rl,-0.87
UKR,2000,rl,-1.09
ARE,2000,rl,0.66
GBR,2000,rl,1.67
USA,2000,rl,1.56
URY,2000,rl,0.56
UZB,2000,rl,-1.2
VUT,2000,rl,0.9
VEN,2000,rl,-0.87
VNM,2000,rl,-0.35
WBG,2000,rl,-0.1
YEM,2000,rl,-1.46
ZMB,2000,rl,-0.53
ZWE,2000,rl,-1.38
AFG,2000,rq,-2.08
ALB,2000,rq,-0.42
DZA,2000,rq,-0.71
ADO,2000,rq,1.22
AGO,2000,rq,-1.51
ATG,2000,rq,0.75
ARG,2000,rq,0.18
ARM,2000,rq,-0.17
AUS,2000,rq,1.58
AUT,2000,rq,1.48
AZE,2000,rq,-0.86
BHS,2000,rq,1.14
BHR,2000,rq,0.75
BGD,2000,rq,-0.94
BRB,2000,rq,1.26
BLR,2000,rq,-1.5
BEL,2000,rq,1.15
BLZ,2000,rq,0.21
BEN,2000,rq,-0.16
BMU,2000,rq,1.46
BTN,2000,rq,-0.43
BOL,2000,rq,0.02
BIH,2000,rq,-0.68
BWA,2000,rq,0.8
BRA,2000,rq,0.26
BRN,2000,rq,0.94
BGR,2000,rq,0.2
BFA,2000,rq,-0.16
BDI,2000,rq,-1.14
KHM,2000,rq,-0.16
CMR,2000,rq,-0.82
CAN,2000,rq,1.46
CPV,2000,rq,-0.02
CYM,2000,rq,1.22
CAF,2000,rq,-0.9
TCD,2000,rq,-1.21
CHL,2000,rq,1.4
CHN,2000,rq,-0.32
COL,2000,rq,0.09
COM,2000,rq,-1.14
ZAR,2000,rq,-1.84
COG,2000,rq,-1.2
CRI,2000,rq,0.7
HRV,2000,rq,-0.12
CUB,2000,rq,-1.22
CYP,2000,rq,1.09
CZE,2000,rq,0.74
CIV,2000,rq,-0.55
DNK,2000,rq,1.71
DJI,2000,rq,-0.71
DMA,2000,rq,0.99
DOM,2000,rq,-0.12
ECU,2000,rq,-0.45
EGY,2000,rq,-0.3
SLV,2000,rq,-0.02
GNQ,2000,rq,-1.65
ERI,2000,rq,-1.14
EST,2000,rq,1.27
SWZ,2000,rq,-0.19
ETH,2000,rq,-1.32
FJI,2000,rq,-0.32
FIN,2000,rq,1.78
FRA,2000,rq,0.91
GUF,2000,rq,0.99
GAB,2000,rq,0.07
GMB,2000,rq,-0.43
GEO,2000,rq,-0.52
DEU,2000,rq,1.46
GHA,2000,rq,0
GRC,2000,rq,0.74
GRD,2000,rq,0.52
GTM,2000,rq,-0.29
GIN,2000,rq,-0.82
GNB,2000,rq,-1.05
GUY,2000,rq,-0.13
HTI,2000,rq,-0.94
HND,2000,rq,-0.57
HKG,2000,rq,1.76
HUN,2000,rq,1.04
ISL,2000,rq,1.55
IND,2000,rq,-0.16
IDN,2000,rq,-0.26
IRN,2000,rq,-1.64
IRQ,2000,rq,-2.17
IRL,2000,rq,1.78
ISR,2000,rq,1.08
ITA,2000,rq,0.79
JAM,2000,rq,0.2
JPN,2000,rq,0.8
JOR,2000,rq,0.27
KAZ,2000,rq,-0.61
KEN,2000,rq,-0.39
PRK,2000,rq,-2.15
KOR,2000,rq,0.57
KWT,2000,rq,-0.05
KGZ,2000,rq,-0.23
LAO,2000,rq,-1.34
LVA,2000,rq,0.7
LBN,2000,rq,-0.49
LSO,2000,rq,-0.16
LBR,2000,rq,-1.73
LBY,2000,rq,-1.77
LIE,2000,rq,1.46
LTU,2000,rq,0.71
LUX,2000,rq,1.85
MAC,2000,rq,0.52
MDG,2000,rq,-0.52
MWI,2000,rq,-0.16
MYS,2000,rq,0.53
MDV,2000,rq,0.99
MLI,2000,rq,-0.33
MLT,2000,rq,1.1
MTQ,2000,rq,0.99
MRT,2000,rq,-0.32
MUS,2000,rq,0.37
MEX,2000,rq,0.22
MDA,2000,rq,-0.14
MNG,2000,rq,-0.17
MAR,2000,rq,-0.02
MOZ,2000,rq,-0.15
MMR,2000,rq,-2.02
NAM,2000,rq,0.32
NPL,2000,rq,-0.66
NLD,2000,rq,2.03
NZL,2000,rq,1.67
NIC,2000,rq,-0.34
NER,2000,rq,-0.77
NGA,2000,rq,-0.88
MKD,2000,rq,-0.26
NOR,2000,rq,1.11
OMN,2000,rq,0.06
PAK,2000,rq,-0.77
PAN,2000,rq,0.61
PNG,2000,rq,-0.33
PRY,2000,rq,-0.72
PER,2000,rq,0.33
PHL,2000,rq,0.02
POL,2000,rq,0.7
PRT,2000,rq,0.92
PRI,2000,rq,1.22
QAT,2000,rq,-0.02
ROM,2000,rq,-0.1
RUS,2000,rq,-0.52
RWA,2000,rq,-1.36
WSM,2000,rq,0.02
SAU,2000,rq,-0.12
SEN,2000,rq,-0.19
SRB,2000,rq,-0.86
SYC,2000,rq,0.28
SLE,2000,rq,-1.57
SGP,2000,rq,2.07
SVK,2000,rq,0.58
SVN,2000,rq,0.67
SOM,2000,rq,-2.06
ZAF,2000,rq,0.54
ESP,2000,rq,1.24
LKA,2000,rq,0.16
SDN,2000,rq,-1.39
SUR,2000,rq,-0.58
SWE,2000,rq,1.35
CHE,2000,rq,1.79
SYR,2000,rq,-1.26
STP,2000,rq,-0.66
TWN,2000,rq,1.1
TJK,2000,rq,-1.16
TZA,2000,rq,-0.42
THA,2000,rq,0.48
TGO,2000,rq,-0.83
TTO,2000,rq,0.7
TUN,2000,rq,0.07
TKM,2000,rq,-1.77
TUR,2000,rq,0.25
UGA,2000,rq,-0.17
UKR,2000,rq,-0.41
ARE,2000,rq,0.69
GBR,2000,rq,1.81
USA,2000,rq,1.7
URY,2000,rq,0.75
UZB,2000,rq,-2.24
VEN,2000,rq,-0.32
VNM,2000,rq,-0.64
WBG,2000,rq,-0.9
YEM,2000,rq,-0.71
ZMB,2000,rq,-0.45
ZWE,2000,rq,-1.39
AFG,2000,va,-2.03
ALB,2000,va,-0.29
DZA,2000,va,-1.11
ADO,2000,va,1.54
AGO,2000,va,-1.46
ATG,2000,va,0.39
ARG,2000,va,0.42
ARM,2000,va,-0.37
AUS,2000,va,1.47
AUT,2000,va,1.32
AZE,2000,va,-0.91
BHS,2000,va,1.2
BHR,2000,va,-1.06
BGD,2000,va,-0.23
BRB,2000,va,1.26
BLR,2000,va,-1.31
BEL,2000,va,1.37
BLZ,2000,va,0.98
BEN,2000,va,0.41
BMU,2000,va,0.94
BTN,2000,va,-1.11
BOL,2000,va,0.19
BIH,2000,va,-0.11
BWA,2000,va,0.67
BRA,2000,va,0.3
BRN,2000,va,-0.71
BGR,2000,va,0.46
BFA,2000,va,-0.23
BDI,2000,va,-1.49
KHM,2000,va,-0.78
CMR,2000,va,-1.06
CAN,2000,va,1.53
CPV,2000,va,0.8
CYM,2000,va,1.59
CAF,2000,va,-0.67
TCD,2000,va,-0.98
CHL,2000,va,0.89
CHN,2000,va,-1.38
COL,2000,va,-0.44
COM,2000,va,-1.03
ZAR,2000,va,-1.73
COG,2000,va,-1.43
CRI,2000,va,1.09
HRV,2000,va,0.51
CUB,2000,va,-1.64
CYP,2000,va,1.06
CZE,2000,va,0.76
CIV,2000,va,-0.93
DNK,2000,va,1.54
DJI,2000,va,-0.88
DMA,2000,va,1.09
DOM,2000,va,0.23
ECU,2000,va,-0.25
EGY,2000,va,-0.89
SLV,2000,va,-0.04
GNQ,2000,va,-1.6
ERI,2000,va,-1.47
EST,2000,va,0.99
SWZ,2000,va,-1.46
ETH,2000,va,-1.03
FJI,2000,va,-0.35
FIN,2000,va,1.59
FRA,2000,va,1.18
GUF,2000,va,0.5
GAB,2000,va,-0.47
GMB,2000,va,-1.06
GEO,2000,va,-0.28
DEU,2000,va,1.31
GHA,2000,va,0.07
GRC,2000,va,1.01
GRD,2000,va,0.72
GTM,2000,va,-0.29
GIN,2000,va,-1.1
GNB,2000,va,-0.64
GUY,2000,va,0.46
HTI,2000,va,-0.73
HND,2000,va,-0.1
HKG,2000,va,-0.01
HUN,2000,va,1.14
ISL,2000,va,1.49
IND,2000,va,0.35
IDN,2000,va,-0.27
IRN,2000,va,-0.93
IRQ,2000,va,-2.01
IRL,2000,va,1.41
ISR,2000,va,0.69
ITA,2000,va,1.04
JAM,2000,va,0.68
JPN,2000,va,0.96
JOR,2000,va,-0.28
KAZ,2000,va,-0.97
KEN,2000,va,-0.81
KIR,2000,va,1.14
PRK,2000,va,-2.12
KOR,2000,va,0.64
KSV,2000,va,-0.74
KWT,2000,va,-0.3
KGZ,2000,va,-1.09
LAO,2000,va,-1.34
LVA,2000,va,0.74
LBN,2000,va,-0.31
LSO,2000,va,-0.37
LBR,2000,va,-1.03
LBY,2000,va,-1.69
LIE,2000,va,1.54
LTU,2000,va,0.86
LUX,2000,va,1.51
MAC,2000,va,0.29
MDG,2000,va,0.11
MWI,2000,va,-0.13
MYS,2000,va,-0.42
MDV,2000,va,-0.76
MLI,2000,va,-0.05
MLT,2000,va,1.19
MHL,2000,va,1.26
MTQ,2000,va,0.72
MRT,2000,va,-0.79
MUS,2000,va,0.98
MEX,2000,va,0.26
FSM,2000,va,1.01
MDA,2000,va,-0.14
MCO,2000,va,1.12
MNG,2000,va,0.38
MNE,2000,va,-0.5
MAR,2000,va,-0.45
MOZ,2000,va,-0.22
MMR,2000,va,-2.04
NAM,2000,va,0.33
NRU,2000,va,0.94
NPL,2000,va,-0.28
NLD,2000,va,1.54
NZL,2000,va,1.68
NIC,2000,va,-0.13
NER,2000,va,-0.12
NGA,2000,va,-0.48
MKD,2000,va,-0.34
NOR,2000,va,1.53
OMN,2000,va,-0.76
PAK,2000,va,-1.22
PLW,2000,va,1.12
PAN,2000,va,0.63
PNG,2000,va,-0.06
PRY,2000,va,-0.51
PER,2000,va,-0.37
PHL,2000,va,0.23
POL,2000,va,1.08
PRT,2000,va,1.36
PRI,2000,va,1.11
QAT,2000,va,-0.65
ROM,2000,va,0.47
RUS,2000,va,-0.35
RWA,2000,va,-1.57
WSM,2000,va,0.8
SMR,2000,va,1.32
SAU,2000,va,-1.6
SEN,2000,va,0.2
SRB,2000,va,-0.64
SYC,2000,va,0.04
SLE,2000,va,-1.34
SGP,2000,va,0.13
SVK,2000,va,0.85
SVN,2000,va,1.11
SLB,2000,va,0.22
SOM,2000,va,-1.71
ZAF,2000,va,0.75
ESP,2000,va,1.28
LKA,2000,va,-0.19
KNA,2000,va,1.04
LCA,2000,va,1.08
VCT,2000,va,1.06
SDN,2000,va,-1.75
SUR,2000,va,0.44
SWE,2000,va,1.57
CHE,2000,va,1.41
SYR,2000,va,-1.63
STP,2000,va,0.48
TWN,2000,va,0.85
TJK,2000,va,-1.38
TZA,2000,va,-0.47
THA,2000,va,0.47
TMP,2000,va,-0.13
TGO,2000,va,-1.13
TON,2000,va,0.22
TTO,2000,va,0.57
TUN,2000,va,-0.81
TKM,2000,va,-1.69
TUV,2000,va,1.32
TUR,2000,va,-0.29
UGA,2000,va,-0.99
UKR,2000,va,-0.61
ARE,2000,va,-0.52
GBR,2000,va,1.32
USA,2000,va,1.31
URY,2000,va,0.99
UZB,2000,va,-1.83
VUT,2000,va,0.64
VEN,2000,va,-0.07
VNM,2000,va,-1.24
WBG,2000,va,-0.77
YEM,2000,va,-0.8
ZMB,2000,va,-0.41
ZWE,2000,va,-1.09
AFG,2002,cc,-1.25
ALB,2002,cc,-0.85
DZA,2002,cc,-0.93
ADO,2002,cc,1.31
AGO,2002,cc,-1.16
ATG,2002,cc,0.85
ARG,2002,cc,-0.42
ARM,2002,cc,-0.78
AUS,2002,cc,1.76
AUT,2002,cc,1.92
AZE,2002,cc,-1.2
BHS,2002,cc,1.42
BHR,2002,cc,0.79
BGD,2002,cc,-1.45
BRB,2002,cc,1.49
BLR,2002,cc,-0.66
BEL,2002,cc,1.46
BLZ,2002,cc,-0.07
BEN,2002,cc,-0.8
BMU,2002,cc,1.31
BTN,2002,cc,0.45
BOL,2002,cc,-0.94
BIH,2002,cc,-0.39
BWA,2002,cc,0.62
BRA,2002,cc,0.08
BRN,2002,cc,0.29
BGR,2002,cc,-0.17
BFA,2002,cc,0.12
BDI,2002,cc,-0.76
KHM,2002,cc,-0.99
CMR,2002,cc,-1.21
CAN,2002,cc,1.98
CPV,2002,cc,0.5
CYM,2002,cc,1.31
CAF,2002,cc,-0.98
TCD,2002,cc,-1.27
CHL,2002,cc,1.48
CHN,2002,cc,-0.56
COL,2002,cc,-0.26
COM,2002,cc,-0.67
ZAR,2002,cc,-1.45
COG,2002,cc,-1.01
CRI,2002,cc,0.44
HRV,2002,cc,0.23
CUB,2002,cc,0.4
CYP,2002,cc,1.13
CZE,2002,cc,0.36
CIV,2002,cc,-0.8
DNK,2002,cc,2.31
DJI,2002,cc,-0.63
DMA,2002,cc,0.85
DOM,2002,cc,-0.47
ECU,2002,cc,-0.87
EGY,2002,cc,-0.44
SLV,2002,cc,-0.81
GNQ,2002,cc,-1.22
ERI,2002,cc,0.13
EST,2002,cc,0.74
SWZ,2002,cc,-0.06
ETH,2002,cc,-0.72
FJI,2002,cc,0.61
FIN,2002,cc,2.37
FRA,2002,cc,1.19
GUF,2002,cc,0.85
GAB,2002,cc,-0.52
GMB,2002,cc,-0.23
GEO,2002,cc,-1.26
DEU,2002,cc,1.89
GHA,2002,cc,-0.34
GRC,2002,cc,0.4
GRD,2002,cc,0.85
GTM,2002,cc,-0.66
GIN,2002,cc,-0.77
GNB,2002,cc,-1.04
GUY,2002,cc,-0.26
HTI,2002,cc,-1.51
HND,2002,cc,-1.02
HKG,2002,cc,1.67
HUN,2002,cc,0.57
ISL,2002,cc,2.19
IND,2002,cc,-0.56
IDN,2002,cc,-1.14
IRN,2002,cc,-0.22
IRQ,2002,cc,-1.39
IRL,2002,cc,1.37
ISR,2002,cc,1.2
ITA,2002,cc,0.52
JAM,2002,cc,-0.51
JPN,2002,cc,0.94
JOR,2002,cc,-0.06
KAZ,2002,cc,-1.11
KEN,2002,cc,-1
PRK,2002,cc,-1.03
KOR,2002,cc,0.49
KSV,2002,cc,0.36
KWT,2002,cc,0.98
KGZ,2002,cc,-1.06
LAO,2002,cc,-0.67
LVA,2002,cc,0.01
LBN,2002,cc,-0.42
LSO,2002,cc,-0.17
LBR,2002,cc,-1.03
LBY,2002,cc,-0.94
LIE,2002,cc,1.31
LTU,2002,cc,0.21
LUX,2002,cc,2.01
MAC,2002,cc,-0.07
MDG,2002,cc,0
MWI,2002,cc,-1.02
MYS,2002,cc,0.25
MDV,2002,cc,-0.09
MLI,2002,cc,-0.72
MLT,2002,cc,0.77
MTQ,2002,cc,0.85
MRT,2002,cc,-0.08
MUS,2002,cc,0.33
MEX,2002,cc,-0.25
MDA,2002,cc,-0.98
MNG,2002,cc,0.03
MNE,2002,cc,-0.16
MAR,2002,cc,-0.24
MOZ,2002,cc,-0.5
MMR,2002,cc,-1.3
NAM,2002,cc,0.11
NPL,2002,cc,-0.46
NLD,2002,cc,2.07
NZL,2002,cc,2.26
NIC,2002,cc,-0.48
NER,2002,cc,-1.02
NGA,2002,cc,-1.5
MKD,2002,cc,-0.83
NOR,2002,cc,2.11
OMN,2002,cc,0.9
PAK,2002,cc,-0.96
PAN,2002,cc,-0.34
PNG,2002,cc,-0.95
PRY,2002,cc,-1.37
PER,2002,cc,-0.31
PHL,2002,cc,-0.54
POL,2002,cc,0.38
PRT,2002,cc,1.22
PRI,2002,cc,1.31
QAT,2002,cc,0.66
ROM,2002,cc,-0.44
RUS,2002,cc,-0.95
RWA,2002,cc,-0.72
WSM,2002,cc,-0.07
SAU,2002,cc,0.18
SEN,2002,cc,0.25
SRB,2002,cc,-0.9
SYC,2002,cc,0.69
SLE,2002,cc,-0.79
SGP,2002,cc,2.26
SVK,2002,cc,-0.05
SVN,2002,cc,0.77
SLB,2002,cc,0.18
SOM,2002,cc,-1.03
ZAF,2002,cc,0.33
ESP,2002,cc,1.32
LKA,2002,cc,-0.22
SDN,2002,cc,-1.04
SUR,2002,cc,0.26
SWE,2002,cc,2.2
CHE,2002,cc,2.06
SYR,2002,cc,-0.4
STP,2002,cc,0.24
TWN,2002,cc,0.62
TJK,2002,cc,-1.17
TZA,2002,cc,-0.84
THA,2002,cc,-0.34
TMP,2002,cc,-0.22
TGO,2002,cc,-0.76
TTO,2002,cc,0.03
TUN,2002,cc,0.28
TKM,2002,cc,-1.05
TUR,2002,cc,-0.57
UGA,2002,cc,-1.03
UKR,2002,cc,-1.09
ARE,2002,cc,1.11
GBR,2002,cc,2
USA,2002,cc,1.87
URY,2002,cc,0.95
UZB,2002,cc,-0.96
VUT,2002,cc,0.23
VEN,2002,cc,-1.06
VNM,2002,cc,-0.56
WBG,2002,cc,-0.33
YEM,2002,cc,-0.97
ZMB,2002,cc,-0.76
ZWE,2002,cc,-1.16
AFG,2002,ge,-1.59
ALB,2002,ge,-0.62
DZA,2002,ge,-0.61
ADO,2002,ge,1.37
AGO,2002,ge,-1.13
ATG,2002,ge,0.57
ARG,2002,ge,-0.23
ARM,2002,ge,-0.05
AUS,2002,ge,1.66
AUT,2002,ge,1.88
AZE,2002,ge,-0.99
BHS,2002,ge,1.26
BHR,2002,ge,0.51
BGD,2002,ge,-0.73
BRB,2002,ge,1.37
BLR,2002,ge,-1.04
BEL,2002,ge,1.92
BLZ,2002,ge,0.3
BEN,2002,ge,-0.58
BMU,2002,ge,1.1
BTN,2002,ge,0.57
BOL,2002,ge,-0.33
BIH,2002,ge,-1.07
BWA,2002,ge,0.54
BRA,2002,ge,-0.03
BRN,2002,ge,0.85
BGR,2002,ge,0.17
BFA,2002,ge,-0.85
BDI,2002,ge,-1.5
KHM,2002,ge,-0.81
CMR,2002,ge,-0.91
CAN,2002,ge,1.86
CPV,2002,ge,-0.27
CYM,2002,ge,1.9
CAF,2002,ge,-1.38
TCD,2002,ge,-0.89
CHL,2002,ge,1.08
CHN,2002,ge,-0.12
COL,2002,ge,-0.49
COM,2002,ge,-0.76
ZAR,2002,ge,-1.84
COG,2002,ge,-1.27
CRI,2002,ge,0.31
HRV,2002,ge,0.33
CUB,2002,ge,-0.58
CYP,2002,ge,1.3
CZE,2002,ge,0.92
CIV,2002,ge,-0.94
DNK,2002,ge,2.02
DJI,2002,ge,-0.76
DMA,2002,ge,0.83
DOM,2002,ge,-0.39
ECU,2002,ge,-0.83
EGY,2002,ge,-0.45
SLV,2002,ge,-0.61
GNQ,2002,ge,-1.14
ERI,2002,ge,-0.74
EST,2002,ge,0.67
SWZ,2002,ge,-0.5
ETH,2002,ge,-1.04
FJI,2002,ge,0.3
FIN,2002,ge,2.1
FRA,2002,ge,1.54
GUF,2002,ge,0.83
GAB,2002,ge,-0.28
GMB,2002,ge,-0.62
GEO,2002,ge,-0.71
DEU,2002,ge,1.66
GHA,2002,ge,-0.09
GRC,2002,ge,0.78
GRD,2002,ge,0.57
GTM,2002,ge,-0.56
GIN,2002,ge,-0.96
GNB,2002,ge,-1.06
GUY,2002,ge,-0.18
HTI,2002,ge,-1.36
HND,2002,ge,-0.69
HKG,2002,ge,1.33
HUN,2002,ge,0.99
ISL,2002,ge,1.96
IND,2002,ge,-0.19
IDN,2002,ge,-0.55
IRN,2002,ge,-0.62
IRQ,2002,ge,-1.96
IRL,2002,ge,1.57
ISR,2002,ge,1.03
ITA,2002,ge,0.75
JAM,2002,ge,-0.08
JPN,2002,ge,1.02
JOR,2002,ge,0.08
KAZ,2002,ge,-1.07
KEN,2002,ge,-0.76
PRK,2002,ge,-1.86
KOR,2002,ge,0.8
KWT,2002,ge,0.07
KGZ,2002,ge,-0.56
LAO,2002,ge,-0.86
LVA,2002,ge,0.49
LBN,2002,ge,-0.21
LSO,2002,ge,0.03
LBR,2002,ge,-1.53
LBY,2002,ge,-1.03
LIE,2002,ge,1.63
LTU,2002,ge,0.49
LUX,2002,ge,1.98
MAC,2002,ge,0.83
MDG,2002,ge,-0.32
MWI,2002,ge,-0.77
MYS,2002,ge,0.92
MDV,2002,ge,0.83
MLI,2002,ge,-0.7
MLT,2002,ge,1.05
MTQ,2002,ge,0.83
MRT,2002,ge,-0.23
MUS,2002,ge,0.37
MEX,2002,ge,0.22
MDA,2002,ge,-0.59
MNG,2002,ge,-0.12
MAR,2002,ge,-0.2
MOZ,2002,ge,-0.44
MMR,2002,ge,-1.34
NAM,2002,ge,0.17
NPL,2002,ge,-0.6
NLD,2002,ge,1.93
NZL,2002,ge,1.68
NIC,2002,ge,-0.88
NER,2002,ge,-0.82
NGA,2002,ge,-1.02
MKD,2002,ge,-0.57
NOR,2002,ge,1.83
OMN,2002,ge,0.35
PAK,2002,ge,-0.55
PAN,2002,ge,-0.03
PNG,2002,ge,-0.5
PRY,2002,ge,-1.11
PER,2002,ge,-0.39
PHL,2002,ge,-0.18
POL,2002,ge,0.45
PRT,2002,ge,1.15
PRI,2002,ge,1.1
QAT,2002,ge,0.45
ROM,2002,ge,-0.2
RUS,2002,ge,-0.38
RWA,2002,ge,-1.21
WSM,2002,ge,0.3
SAU,2002,ge,-0.34
SEN,2002,ge,-0.05
SRB,2002,ge,-0.55
SYC,2002,ge,0.57
SLE,2002,ge,-1.63
SGP,2002,ge,1.79
SVK,2002,ge,0.54
SVN,2002,ge,0.79
SOM,2002,ge,-1.53
ZAF,2002,ge,0.61
ESP,2002,ge,1.79
LKA,2002,ge,-0.07
SDN,2002,ge,-1.08
SUR,2002,ge,-0.21
SWE,2002,ge,1.96
CHE,2002,ge,1.94
SYR,2002,ge,-0.91
STP,2002,ge,-0.5
TWN,2002,ge,0.74
TJK,2002,ge,-1.24
TZA,2002,ge,-0.49
THA,2002,ge,0.26
TMP,2002,ge,-0.76
TGO,2002,ge,-1.2
TTO,2002,ge,0.34
TUN,2002,ge,0.52
TKM,2002,ge,-1.38
TUR,2002,ge,0.05
UGA,2002,ge,-0.48
UKR,2002,ge,-0.7
ARE,2002,ge,0.8
GBR,2002,ge,1.78
USA,2002,ge,1.62
URY,2002,ge,0.59
UZB,2002,ge,-1.21
VEN,2002,ge,-1
VNM,2002,ge,-0.44
WBG,2002,ge,-1.03
YEM,2002,ge,-0.89
ZMB,2002,ge,-0.92
ZWE,2002,ge,-0.84
AFG,2002,pv,-2.04
ALB,2002,pv,-0.3
DZA,2002,pv,-1.63
ADO,2002,pv,1.28
AGO,2002,pv,-1.58
ATG,2002,pv,0.79
ARG,2002,pv,-0.78
ARM,2002,pv,-0.26
AUS,2002,pv,1.19
AUT,2002,pv,1.36
AZE,2002,pv,-1.19
BHS,2002,pv,0.96
BHR,2002,pv,0.29
BGD,2002,pv,-1.03
BRB,2002,pv,1.1
BLR,2002,pv,0.3
BEL,2002,pv,1.26
BLZ,2002,pv,0.42
BEN,2002,pv,0.82
BMU,2002,pv,0.79
BTN,2002,pv,0.69
BOL,2002,pv,-0.29
BIH,2002,pv,-0.16
BWA,2002,pv,0.87
BRA,2002,pv,0.33
BRN,2002,pv,1.16
BGR,2002,pv,0.47
BFA,2002,pv,-0.31
BDI,2002,pv,-2.28
KHM,2002,pv,-0.72
CMR,2002,pv,-0.68
CAN,2002,pv,1.22
CPV,2002,pv,0.73
CYM,2002,pv,0.79
CAF,2002,pv,-1.73
TCD,2002,pv,-1.56
CHL,2002,pv,1.09
CHN,2002,pv,-0.33
COL,2002,pv,-1.96
COM,2002,pv,0.4
ZAR,2002,pv,-1.98
COG,2002,pv,-1.59
CRI,2002,pv,1.07
HRV,2002,pv,0.63
CUB,2002,pv,0.26
CYP,2002,pv,0.2
CZE,2002,pv,1.04
CIV,2002,pv,-1.92
DNK,2002,pv,1.52
DJI,2002,pv,-0.31
DMA,2002,pv,0.55
DOM,2002,pv,0.12
ECU,2002,pv,-0.76
EGY,2002,pv,-0.41
SLV,2002,pv,0.29
GNQ,2002,pv,-0.51
ERI,2002,pv,-0.27
EST,2002,pv,0.93
SWZ,2002,pv,0.13
ETH,2002,pv,-1.23
FJI,2002,pv,0.47
FIN,2002,pv,1.75
FRA,2002,pv,0.92
GUF,2002,pv,0.3
GAB,2002,pv,0.41
GMB,2002,pv,0.83
GEO,2002,pv,-1.19
DEU,2002,pv,1.1
GHA,2002,pv,-0.16
GRC,2002,pv,0.87
GRD,2002,pv,0.92
GTM,2002,pv,-0.83
GIN,2002,pv,-1.42
GNB,2002,pv,-0.73
GUY,2002,pv,-0.56
HTI,2002,pv,-1.26
HND,2002,pv,-0.25
HKG,2002,pv,0.91
HUN,2002,pv,1.26
ISL,2002,pv,1.62
IND,2002,pv,-1.21
IDN,2002,pv,-1.58
IRN,2002,pv,-0.77
IRQ,2002,pv,-1.6
IRL,2002,pv,1.5
ISR,2002,pv,-1.46
ITA,2002,pv,0.84
JAM,2002,pv,-0.21
JPN,2002,pv,1.18
JOR,2002,pv,-0.46
KAZ,2002,pv,0.36
KEN,2002,pv,-1.19
PRK,2002,pv,0.19
KOR,2002,pv,0.24
KWT,2002,pv,-0.15
KGZ,2002,pv,-0.61
LAO,2002,pv,-0.1
LVA,2002,pv,0.94
LBN,2002,pv,-0.35
LSO,2002,pv,-0.05
LBR,2002,pv,-2.19
LBY,2002,pv,-0.1
LIE,2002,pv,1.28
LTU,2002,pv,0.89
LUX,2002,pv,1.64
MAC,2002,pv,0.55
MDG,2002,pv,-0.23
MWI,2002,pv,0.01
MYS,2002,pv,0.54
MDV,2002,pv,1.08
MLI,2002,pv,0.41
MLT,2002,pv,1.6
MTQ,2002,pv,0.55
MRT,2002,pv,0.38
MUS,2002,pv,1.12
MEX,2002,pv,-0.06
MDA,2002,pv,-0.16
MNG,2002,pv,1.17
MAR,2002,pv,-0.26
MOZ,2002,pv,0.19
MMR,2002,pv,-1.41
NAM,2002,pv,0.15
NPL,2002,pv,-1.72
NLD,2002,pv,1.3
NZL,2002,pv,1.32
NIC,2002,pv,-0.09
NER,2002,pv,-0.13
NGA,2002,pv,-1.63
MKD,2002,pv,-1.04
NOR,2002,pv,1.61
OMN,2002,pv,0.93
PAK,2002,pv,-1.64
PAN,2002,pv,0.35
PNG,2002,pv,-0.55
PRY,2002,pv,-1.21
PER,2002,pv,-0.97
PHL,2002,pv,-0.86
POL,2002,pv,0.74
PRT,2002,pv,1.44
PRI,2002,pv,0.3
QAT,2002,pv,0.83
ROM,2002,pv,0.46
RUS,2002,pv,-0.72
RWA,2002,pv,-1.65
WSM,2002,pv,1.1
SAU,2002,pv,0
SEN,2002,pv,-0.27
SRB,2002,pv,-0.51
SYC,2002,pv,0.9
SLE,2002,pv,-0.69
SGP,2002,pv,1.25
SVK,2002,pv,0.94
SVN,2002,pv,1.3
SLB,2002,pv,-0.44
SOM,2002,pv,-2.37
ZAF,2002,pv,-0.25
ESP,2002,pv,0.44
LKA,2002,pv,-0.78
LCA,2002,pv,0.36
VCT,2002,pv,0.36
SDN,2002,pv,-1.85
SUR,2002,pv,0.49
SWE,2002,pv,1.48
CHE,2002,pv,1.54
SYR,2002,pv,0.28
STP,2002,pv,0.56
TWN,2002,pv,0.7
TJK,2002,pv,-0.98
TZA,2002,pv,-0.25
THA,2002,pv,0.51
TMP,2002,pv,-0.49
TGO,2002,pv,0.06
TTO,2002,pv,-0.09
TUN,2002,pv,0.15
TKM,2002,pv,0.07
TUR,2002,pv,-0.8
UGA,2002,pv,-1.42
UKR,2002,pv,-0.29
ARE,2002,pv,0.94
GBR,2002,pv,0.67
USA,2002,pv,0.29
URY,2002,pv,0.84
UZB,2002,pv,-1.06
VUT,2002,pv,1.16
VEN,2002,pv,-1.32
VNM,2002,pv,0.35
WBG,2002,pv,-1.74
YEM,2002,pv,-1.31
ZMB,2002,pv,-0.27
ZWE,2002,pv,-1.52
AFG,2002,rl,-1.67
ALB,2002,rl,-0.76
DZA,2002,rl,-0.64
ADO,2002,rl,1.22
AGO,2002,rl,-1.63
ATG,2002,rl,1.03
ARG,2002,rl,-0.76
ARM,2002,rl,-0.44
AUS,2002,rl,1.77
AUT,2002,rl,1.86
AZE,2002,rl,-0.96
BHS,2002,rl,1.4
BHR,2002,rl,0.55
BGD,2002,rl,-0.99
BRB,2002,rl,1.49
BLR,2002,rl,-1.25
BEL,2002,rl,1.34
BLZ,2002,rl,-0.05
BEN,2002,rl,-0.26
BMU,2002,rl,1.21
BTN,2002,rl,0.07
BOL,2002,rl,-0.38
BIH,2002,rl,-0.66
BWA,2002,rl,0.56
BRA,2002,rl,-0.27
BRN,2002,rl,0.48
BGR,2002,rl,-0.06
BFA,2002,rl,-0.8
BDI,2002,rl,-1.4
KHM,2002,rl,-1.16
CMR,2002,rl,-1.27
CAN,2002,rl,1.66
CPV,2002,rl,0.27
CYM,2002,rl,1.47
CAF,2002,rl,-0.96
TCD,2002,rl,-1.11
CHL,2002,rl,1.26
CHN,2002,rl,-0.52
COL,2002,rl,-0.75
COM,2002,rl,-0.74
ZAR,2002,rl,-1.77
COG,2002,rl,-1.29
CRI,2002,rl,0.55
HRV,2002,rl,-0.14
CUB,2002,rl,-1.17
CYP,2002,rl,0.99
CZE,2002,rl,0.86
CIV,2002,rl,-1.33
DNK,2002,rl,1.88
DJI,2002,rl,-0.94
DMA,2002,rl,0.81
DOM,2002,rl,-0.71
ECU,2002,rl,-0.76
EGY,2002,rl,-0.01
SLV,2002,rl,-0.57
GNQ,2002,rl,-1.24
ERI,2002,rl,-0.73
EST,2002,rl,0.79
SWZ,2002,rl,-0.78
ETH,2002,rl,-0.96
FJI,2002,rl,0.01
FIN,2002,rl,1.9
FRA,2002,rl,1.21
GUF,2002,rl,0.95
GAB,2002,rl,-0.25
GMB,2002,rl,-0.18
GEO,2002,rl,-1.08
DEU,2002,rl,1.63
GHA,2002,rl,0.02
GRC,2002,rl,0.72
GRD,2002,rl,0.36
GTM,2002,rl,-0.99
GIN,2002,rl,-1.08
GNB,2002,rl,-1.11
GUY,2002,rl,-0.52
HTI,2002,rl,-1.71
HND,2002,rl,-0.88
HKG,2002,rl,1.27
HUN,2002,rl,0.87
ISL,2002,rl,1.86
IND,2002,rl,-0.02
IDN,2002,rl,-0.91
IRN,2002,rl,-0.82
IRQ,2002,rl,-1.51
IRL,2002,rl,1.6
ISR,2002,rl,1.07
ITA,2002,rl,0.74
JAM,2002,rl,-0.34
JPN,2002,rl,1.15
JOR,2002,rl,0.06
KAZ,2002,rl,-1.2
KEN,2002,rl,-0.97
KIR,2002,rl,0.83
PRK,2002,rl,-1.32
KOR,2002,rl,0.92
KSV,2002,rl,-0.06
KWT,2002,rl,0.59
KGZ,2002,rl,-0.85
LAO,2002,rl,-1.25
LVA,2002,rl,0.31
LBN,2002,rl,-0.28
LSO,2002,rl,0.08
LBR,2002,rl,-1.63
LBY,2002,rl,-1.14
LIE,2002,rl,1.48
LTU,2002,rl,0.4
LUX,2002,rl,1.87
MAC,2002,rl,0.69
MDG,2002,rl,-0.21
MWI,2002,rl,-0.39
MYS,2002,rl,0.39
MDV,2002,rl,-0.07
MLI,2002,rl,-0.26
MLT,2002,rl,1.47
MHL,2002,rl,0.83
MTQ,2002,rl,1.21
MRT,2002,rl,-0.49
MUS,2002,rl,1
MEX,2002,rl,-0.35
FSM,2002,rl,0.83
MDA,2002,rl,-0.63
MCO,2002,rl,0.83
MNG,2002,rl,0.24
MNE,2002,rl,0.27
MAR,2002,rl,-0.05
MOZ,2002,rl,-0.73
MMR,2002,rl,-1.72
NAM,2002,rl,0.28
NRU,2002,rl,0.83
NPL,2002,rl,-0.52
NLD,2002,rl,1.71
NZL,2002,rl,1.79
NIC,2002,rl,-0.68
NER,2002,rl,-0.65
NGA,2002,rl,-1.5
MKD,2002,rl,-0.58
NOR,2002,rl,1.85
OMN,2002,rl,0.45
PAK,2002,rl,-0.93
PLW,2002,rl,0.83
PAN,2002,rl,-0.09
PNG,2002,rl,-0.75
PRY,2002,rl,-1.12
PER,2002,rl,-0.56
PHL,2002,rl,-0.39
POL,2002,rl,0.67
PRT,2002,rl,1.31
PRI,2002,rl,0.95
QAT,2002,rl,0.52
ROM,2002,rl,-0.27
RUS,2002,rl,-0.87
RWA,2002,rl,-1.07
WSM,2002,rl,1.26
SMR,2002,rl,0.83
SAU,2002,rl,-0.02
SEN,2002,rl,0.09
SRB,2002,rl,-0.9
SYC,2002,rl,0.68
SLE,2002,rl,-1.34
SGP,2002,rl,1.38
SVK,2002,rl,0.29
SVN,2002,rl,0.88
SLB,2002,rl,0.14
SOM,2002,rl,-1.94
ZAF,2002,rl,0.03
ESP,2002,rl,1.23
LKA,2002,rl,0.34
KNA,2002,rl,0.83
LCA,2002,rl,0.83
VCT,2002,rl,0.83
SDN,2002,rl,-1.32
SUR,2002,rl,-0.13
SWE,2002,rl,1.84
CHE,2002,rl,1.92
SYR,2002,rl,-0.56
STP,2002,rl,-0.2
TWN,2002,rl,0.86
TJK,2002,rl,-1.08
TZA,2002,rl,-0.34
THA,2002,rl,0.39
TMP,2002,rl,-0.84
TGO,2002,rl,-0.83
TON,2002,rl,0.83
TTO,2002,rl,0.44
TUN,2002,rl,-0.17
TKM,2002,rl,-1.42
TUV,2002,rl,0.83
TUR,2002,rl,-0.08
UGA,2002,rl,-0.7
UKR,2002,rl,-0.84
ARE,2002,rl,0.7
GBR,2002,rl,1.65
USA,2002,rl,1.52
URY,2002,rl,0.67
UZB,2002,rl,-1.44
VUT,2002,rl,0.9
VEN,2002,rl,-1.16
VNM,2002,rl,-0.68
WBG,2002,rl,-0.35
YEM,2002,rl,-1.47
ZMB,2002,rl,-0.35
ZWE,2002,rl,-1.6
AFG,2002,rq,-1.81
ALB,2002,rq,-0.31
DZA,2002,rq,-0.57
ADO,2002,rq,1.42
AGO,2002,rq,-1.29
ATG,2002,rq,0.7
ARG,2002,rq,-0.88
ARM,2002,rq,0.06
AUS,2002,rq,1.42
AUT,2002,rq,1.54
AZE,2002,rq,-0.73
BHS,2002,rq,1.3
BHR,2002,rq,0.87
BGD,2002,rq,-1.06
BRB,2002,rq,1.08
BLR,2002,rq,-1.4
BEL,2002,rq,1.25
BLZ,2002,rq,0.15
BEN,2002,rq,-0.57
BMU,2002,rq,1.42
BTN,2002,rq,-0.51
BOL,2002,rq,-0.09
BIH,2002,rq,-0.61
BWA,2002,rq,0.9
BRA,2002,rq,0.18
BRN,2002,rq,1.05
BGR,2002,rq,0.53
BFA,2002,rq,-0.14
BDI,2002,rq,-1.21
KHM,2002,rq,-0.2
CMR,2002,rq,-1.02
CAN,2002,rq,1.53
CPV,2002,rq,-0.26
CYM,2002,rq,1.42
CAF,2002,rq,-0.98
TCD,2002,rq,-1.03
CHL,2002,rq,1.32
CHN,2002,rq,-0.58
COL,2002,rq,-0.02
COM,2002,rq,-0.99
ZAR,2002,rq,-1.71
COG,2002,rq,-1
CRI,2002,rq,0.44
HRV,2002,rq,0.29
CUB,2002,rq,-1.3
CYP,2002,rq,1.19
CZE,2002,rq,1.11
CIV,2002,rq,-0.42
DNK,2002,rq,1.71
DJI,2002,rq,-0.67
DMA,2002,rq,0.94
DOM,2002,rq,-0.26
ECU,2002,rq,-0.73
EGY,2002,rq,-0.46
SLV,2002,rq,-0.17
GNQ,2002,rq,-1.49
ERI,2002,rq,-1.21
EST,2002,rq,1.26
SWZ,2002,rq,-0.26
ETH,2002,rq,-1.23
FJI,2002,rq,0.15
FIN,2002,rq,1.82
FRA,2002,rq,0.98
GUF,2002,rq,0.94
GAB,2002,rq,-0.08
GMB,2002,rq,-0.53
GEO,2002,rq,-0.74
DEU,2002,rq,1.51
GHA,2002,rq,-0.51
GRC,2002,rq,0.95
GRD,2002,rq,0.46
GTM,2002,rq,-0.17
GIN,2002,rq,-1.11
GNB,2002,rq,-0.88
GUY,2002,rq,-0.35
HTI,2002,rq,-1.09
HND,2002,rq,-0.54
HKG,2002,rq,1.68
HUN,2002,rq,1.26
ISL,2002,rq,1.51
IND,2002,rq,-0.38
IDN,2002,rq,-0.74
IRN,2002,rq,-1.32
IRQ,2002,rq,-2
IRL,2002,rq,1.72
ISR,2002,rq,0.92
ITA,2002,rq,0.9
JAM,2002,rq,0.24
JPN,2002,rq,0.5
JOR,2002,rq,0.02
KAZ,2002,rq,-0.69
KEN,2002,rq,-0.18
PRK,2002,rq,-1.88
KOR,2002,rq,0.75
KWT,2002,rq,0.33
KGZ,2002,rq,-0.14
LAO,2002,rq,-1.2
LVA,2002,rq,0.88
LBN,2002,rq,-0.42
LSO,2002,rq,-0.46
LBR,2002,rq,-1.61
LBY,2002,rq,-1.62
LIE,2002,rq,1.66
LTU,2002,rq,1.08
LUX,2002,rq,1.86
MAC,2002,rq,0.7
MDG,2002,rq,-0.3
MWI,2002,rq,-0.53
MYS,2002,rq,0.52
MDV,2002,rq,0.94
MLI,2002,rq,-0.58
MLT,2002,rq,1.06
MTQ,2002,rq,0.94
MRT,2002,rq,0.17
MUS,2002,rq,0.3
MEX,2002,rq,0.44
MDA,2002,rq,-0.4
MNG,2002,rq,-0.1
MAR,2002,rq,-0.08
MOZ,2002,rq,-0.41
MMR,2002,rq,-2.06
NAM,2002,rq,0.58
NPL,2002,rq,-0.59
NLD,2002,rq,1.82
NZL,2002,rq,1.56
NIC,2002,rq,-0.49
NER,2002,rq,-0.77
NGA,2002,rq,-1.18
MKD,2002,rq,-0.16
NOR,2002,rq,1.22
OMN,2002,rq,0.68
PAK,2002,rq,-0.88
PAN,2002,rq,0.52
PNG,2002,rq,-0.6
PRY,2002,rq,-0.58
PER,2002,rq,-0.04
PHL,2002,rq,-0.16
POL,2002,rq,0.65
PRT,2002,rq,1.25
PRI,2002,rq,1.18
QAT,2002,rq,0.27
ROM,2002,rq,0.05
RUS,2002,rq,-0.24
RWA,2002,rq,-0.95
WSM,2002,rq,-0.03
SAU,2002,rq,-0.07
SEN,2002,rq,-0.27
SRB,2002,rq,-0.64
SYC,2002,rq,0.46
SLE,2002,rq,-1.35
SGP,2002,rq,1.89
SVK,2002,rq,0.9
SVN,2002,rq,0.85
SOM,2002,rq,-2.07
ZAF,2002,rq,0.73
ESP,2002,rq,1.33
LKA,2002,rq,0.12
SDN,2002,rq,-1.28
SUR,2002,rq,-0.68
SWE,2002,rq,1.59
CHE,2002,rq,1.73
SYR,2002,rq,-1.02
STP,2002,rq,-0.27
TWN,2002,rq,1.01
TJK,2002,rq,-1.35
TZA,2002,rq,-0.66
THA,2002,rq,0.14
TMP,2002,rq,-1.23
TGO,2002,rq,-0.79
TTO,2002,rq,0.72
TUN,2002,rq,-0.09
TKM,2002,rq,-1.67
TUR,2002,rq,0.06
UGA,2002,rq,-0.15
UKR,2002,rq,-0.62
ARE,2002,rq,1.08
GBR,2002,rq,1.71
USA,2002,rq,1.55
URY,2002,rq,0.56
UZB,2002,rq,-1.51
VEN,2002,rq,-0.67
VNM,2002,rq,-0.77
WBG,2002,rq,-0.99
YEM,2002,rq,-0.88
ZMB,2002,rq,-0.76
ZWE,2002,rq,-1.8
AFG,2002,va,-1.43
ALB,2002,va,-0.01
DZA,2002,va,-1.04
ADO,2002,va,1.44
AGO,2002,va,-1.24
ATG,2002,va,0.34
ARG,2002,va,0.26
ARM,2002,va,-0.44
AUS,2002,va,1.41
AUT,2002,va,1.31
AZE,2002,va,-0.98
BHS,2002,va,1.19
BHR,2002,va,-0.57
BGD,2002,va,-0.43
BRB,2002,va,1.23
BLR,2002,va,-1.45
BEL,2002,va,1.38
BLZ,2002,va,0.8
BEN,2002,va,0.05
BMU,2002,va,1.13
BTN,2002,va,-1.29
BOL,2002,va,0.14
BIH,2002,va,-0.09
BWA,2002,va,0.67
BRA,2002,va,0.47
BRN,2002,va,-0.83
BGR,2002,va,0.53
BFA,2002,va,-0.39
BDI,2002,va,-1.16
KHM,2002,va,-0.74
CMR,2002,va,-1.1
CAN,2002,va,1.5
CPV,2002,va,0.69
CYM,2002,va,1.57
CAF,2002,va,-1
TCD,2002,va,-0.94
CHL,2002,va,1.09
CHN,2002,va,-1.59
COL,2002,va,-0.42
COM,2002,va,-0.34
ZAR,2002,va,-1.61
COG,2002,va,-0.91
CRI,2002,va,1.11
HRV,2002,va,0.56
CUB,2002,va,-1.65
CYP,2002,va,1.12
CZE,2002,va,1.02
CIV,2002,va,-1.07
DNK,2002,va,1.53
DJI,2002,va,-0.83
DMA,2002,va,1.11
DOM,2002,va,0.24
ECU,2002,va,-0.04
EGY,2002,va,-1.1
SLV,2002,va,0.12
GNQ,2002,va,-1.62
ERI,2002,va,-1.82
EST,2002,va,1.07
SWZ,2002,va,-1.4
ETH,2002,va,-1.23
FJI,2002,va,0.03
FIN,2002,va,1.55
FRA,2002,va,1.15
GUF,2002,va,0.45
GAB,2002,va,-0.53
GMB,2002,va,-0.67
GEO,2002,va,-0.51
DEU,2002,va,1.41
GHA,2002,va,0.03
GRC,2002,va,1.05
GRD,2002,va,0.79
GTM,2002,va,-0.36
GIN,2002,va,-1.26
GNB,2002,va,-0.66
GUY,2002,va,0.54
HTI,2002,va,-1.18
HND,2002,va,-0.16
HKG,2002,va,0.19
HUN,2002,va,1.16
ISL,2002,va,1.47
IND,2002,va,0.43
IDN,2002,va,-0.27
IRN,2002,va,-1.08
IRQ,2002,va,-2.05
IRL,2002,va,1.27
ISR,2002,va,0.59
ITA,2002,va,1.04
JAM,2002,va,0.6
JPN,2002,va,1.01
JOR,2002,va,-0.8
KAZ,2002,va,-1.07
KEN,2002,va,-0.68
KIR,2002,va,1.09
PRK,2002,va,-2.14
KOR,2002,va,0.75
KSV,2002,va,-0.39
KWT,2002,va,-0.36
KGZ,2002,va,-1.02
LAO,2002,va,-1.74
LVA,2002,va,0.84
LBN,2002,va,-0.66
LSO,2002,va,0.04
LBR,2002,va,-1.27
LBY,2002,va,-1.82
LIE,2002,va,1.35
LTU,2002,va,0.9
LUX,2002,va,1.41
MAC,2002,va,0.45
MDG,2002,va,-0.15
MWI,2002,va,-0.58
MYS,2002,va,-0.49
MDV,2002,va,-0.84
MLI,2002,va,0.28
MLT,2002,va,1.17
MHL,2002,va,1.23
MTQ,2002,va,0.68
MRT,2002,va,-0.79
MUS,2002,va,0.79
MEX,2002,va,0.35
FSM,2002,va,1.02
MDA,2002,va,-0.53
MCO,2002,va,1.09
MNG,2002,va,0.38
MNE,2002,va,0.01
MAR,2002,va,-0.47
MOZ,2002,va,-0.22
MMR,2002,va,-2.01
NAM,2002,va,0.25
NRU,2002,va,0.95
NPL,2002,va,-0.8
NLD,2002,va,1.47
NZL,2002,va,1.5
NIC,2002,va,-0.05
NER,2002,va,-0.2
NGA,2002,va,-0.63
MKD,2002,va,-0.17
NOR,2002,va,1.49
OMN,2002,va,-0.79
PAK,2002,va,-1.11
PLW,2002,va,1.09
PAN,2002,va,0.62
PNG,2002,va,-0.16
PRY,2002,va,-0.46
PER,2002,va,0.22
PHL,2002,va,0.16
POL,2002,va,1.09
PRT,2002,va,1.3
PRI,2002,va,1.01
QAT,2002,va,-0.7
ROM,2002,va,0.39
RUS,2002,va,-0.44
RWA,2002,va,-1.51
WSM,2002,va,0.76
SMR,2002,va,1.24
SAU,2002,va,-1.7
SEN,2002,va,0.38
SRB,2002,va,0
SYC,2002,va,0.11
SLE,2002,va,-0.55
SGP,2002,va,0.06
SVK,2002,va,0.98
SVN,2002,va,1.13
SLB,2002,va,0.39
SOM,2002,va,-1.51
ZAF,2002,va,0.66
ESP,2002,va,1.27
LKA,2002,va,-0.09
KNA,2002,va,1.02
LCA,2002,va,1.1
VCT,2002,va,1.02
SDN,2002,va,-1.54
SUR,2002,va,0.49
SWE,2002,va,1.51
CHE,2002,va,1.43
SYR,2002,va,-1.62
STP,2002,va,0.56
TWN,2002,va,0.97
TJK,2002,va,-1.11
TZA,2002,va,-0.4
THA,2002,va,0.32
TMP,2002,va,0.27
TGO,2002,va,-1.38
TON,2002,va,-0.02
TTO,2002,va,0.57
TUN,2002,va,-0.96
TKM,2002,va,-1.93
TUV,2002,va,1.18
TUR,2002,va,-0.22
UGA,2002,va,-0.93
UKR,2002,va,-0.52
ARE,2002,va,-0.63
GBR,2002,va,1.28
USA,2002,va,1.34
URY,2002,va,1.05
UZB,2002,va,-1.81
VUT,2002,va,0.81
VEN,2002,va,-0.46
VNM,2002,va,-1.45
WBG,2002,va,-0.81
YEM,2002,va,-1.16
ZMB,2002,va,-0.32
ZWE,2002,va,-1.36
AFG,2003,cc,-1.34
ALB,2003,cc,-0.85
DZA,2003,cc,-0.72
ADO,2003,cc,1.33
AGO,2003,cc,-1.34
ATG,2003,cc,0.85
ARG,2003,cc,-0.48
ARM,2003,cc,-0.65
AUS,2003,cc,1.9
AUT,2003,cc,1.96
AZE,2003,cc,-1.05
BHS,2003,cc,1.41
BHR,2003,cc,0.37
BGD,2003,cc,-1.54
BRB,2003,cc,1.5
BLR,2003,cc,-0.54
BEL,2003,cc,1.38
BLZ,2003,cc,-0.1
BEN,2003,cc,-0.58
BMU,2003,cc,1.33
BTN,2003,cc,1.09
BOL,2003,cc,-0.85
BIH,2003,cc,-0.28
BWA,2003,cc,1.24
BRA,2003,cc,0.09
BRN,2003,cc,0.29
BGR,2003,cc,-0.09
BFA,2003,cc,-0.11
BDI,2003,cc,-0.87
KHM,2003,cc,-0.99
CMR,2003,cc,-0.98
CAN,2003,cc,1.93
CPV,2003,cc,0.48
CYM,2003,cc,1.33
CAF,2003,cc,-1.02
TCD,2003,cc,-1.47
CHL,2003,cc,1.17
CHN,2003,cc,-0.4
COL,2003,cc,-0.2
COM,2003,cc,-0.69
ZAR,2003,cc,-1.53
COG,2003,cc,-1.09
CRI,2003,cc,0.52
HRV,2003,cc,0.26
CUB,2003,cc,0.22
CYP,2003,cc,1.19
CZE,2003,cc,0.49
CIV,2003,cc,-1.01
DNK,2003,cc,2.36
DJI,2003,cc,-0.65
DMA,2003,cc,0.85
DOM,2003,cc,-0.73
ECU,2003,cc,-0.73
EGY,2003,cc,-0.53
SLV,2003,cc,-0.42
GNQ,2003,cc,-1.28
ERI,2003,cc,-0.05
EST,2003,cc,0.92
SWZ,2003,cc,-0.07
ETH,2003,cc,-0.78
FJI,2003,cc,0.28
FIN,2003,cc,2.37
FRA,2003,cc,1.31
GUF,2003,cc,0.85
GAB,2003,cc,-0.55
GMB,2003,cc,-0.18
GEO,2003,cc,-0.65
DEU,2003,cc,1.88
GHA,2003,cc,-0.31
GRC,2003,cc,0.36
GRD,2003,cc,0.85
GTM,2003,cc,-0.74
GIN,2003,cc,-0.89
GNB,2003,cc,-1.13
GUY,2003,cc,-0.36
HTI,2003,cc,-1.58
HND,2003,cc,-0.97
HKG,2003,cc,1.8
HUN,2003,cc,0.64
ISL,2003,cc,2.23
IND,2003,cc,-0.46
IDN,2003,cc,-0.98
IRN,2003,cc,-0.31
IRQ,2003,cc,-1.21
IRL,2003,cc,1.41
ISR,2003,cc,1.08
ITA,2003,cc,0.48
JAM,2003,cc,-0.44
JPN,2003,cc,1.17
JOR,2003,cc,0.33
KAZ,2003,cc,-1.03
KEN,2003,cc,-0.96
PRK,2003,cc,-1.43
KOR,2003,cc,0.54
KSV,2003,cc,-0.5
KWT,2003,cc,0.77
KGZ,2003,cc,-1.03
LAO,2003,cc,-0.87
LVA,2003,cc,0.24
LBN,2003,cc,-0.61
LSO,2003,cc,-0.17
LBR,2003,cc,-1.15
LBY,2003,cc,-0.89
LIE,2003,cc,1.33
LTU,2003,cc,0.35
LUX,2003,cc,1.64
MAC,2003,cc,0.85
MDG,2003,cc,-0.21
MWI,2003,cc,-0.76
MYS,2003,cc,0.32
MDV,2003,cc,-0.08
MLI,2003,cc,-0.74
MLT,2003,cc,0.92
MTQ,2003,cc,0.85
MRT,2003,cc,-0.07
MUS,2003,cc,0.19
MEX,2003,cc,-0.24
MDA,2003,cc,-0.88
MNG,2003,cc,-0.22
MNE,2003,cc,-0.41
MAR,2003,cc,-0.32
MOZ,2003,cc,-0.64
MMR,2003,cc,-1.47
NAM,2003,cc,0.19
NPL,2003,cc,-0.59
NLD,2003,cc,2
NZL,2003,cc,2.28
NIC,2003,cc,-0.54
NER,2003,cc,-0.92
NGA,2003,cc,-1.42
MKD,2003,cc,-0.65
NOR,2003,cc,2.01
OMN,2003,cc,0.56
PAK,2003,cc,-0.8
PAN,2003,cc,-0.4
PNG,2003,cc,-0.81
PRY,2003,cc,-1.44
PER,2003,cc,-0.15
PHL,2003,cc,-0.64
POL,2003,cc,0.4
PRT,2003,cc,1.12
PRI,2003,cc,1.33
QAT,2003,cc,0.51
ROM,2003,cc,-0.41
RUS,2003,cc,-0.78
RWA,2003,cc,-0.59
WSM,2003,cc,-0.1
SAU,2003,cc,-0.17
SEN,2003,cc,-0.14
SRB,2003,cc,-0.49
SYC,2003,cc,0.79
SLE,2003,cc,-0.89
SGP,2003,cc,2.17
SVK,2003,cc,0.28
SVN,2003,cc,0.9
SLB,2003,cc,0.21
SOM,2003,cc,-1.47
ZAF,2003,cc,0.28
ESP,2003,cc,1.35
LKA,2003,cc,-0.27
SDN,2003,cc,-1.17
SUR,2003,cc,0.31
SWE,2003,cc,2.15
CHE,2003,cc,2.01
SYR,2003,cc,-0.8
STP,2003,cc,-0.11
TWN,2003,cc,0.81
TJK,2003,cc,-1.15
TZA,2003,cc,-0.73
THA,2003,cc,-0.2
TMP,2003,cc,-0.25
TGO,2003,cc,-0.9
TTO,2003,cc,0.06
TUN,2003,cc,0.12
TKM,2003,cc,-1.02
TUR,2003,cc,-0.21
UGA,2003,cc,-0.95
UKR,2003,cc,-0.97
ARE,2003,cc,0.83
GBR,2003,cc,1.98
USA,2003,cc,1.7
URY,2003,cc,1.1
UZB,2003,cc,-0.91
VUT,2003,cc,0.26
VEN,2003,cc,-1.07
VNM,2003,cc,-0.49
WBG,2003,cc,-0.38
YEM,2003,cc,-1
ZMB,2003,cc,-0.64
ZWE,2003,cc,-1.19
AFG,2003,ge,-1.18
ALB,2003,ge,-0.56
DZA,2003,ge,-0.67
ADO,2003,ge,1.35
AGO,2003,ge,-1.12
ATG,2003,ge,0.58
ARG,2003,ge,-0.03
ARM,2003,ge,-0.2
AUS,2003,ge,1.77
AUT,2003,ge,1.93
AZE,2003,ge,-0.93
BHS,2003,ge,1.22
BHR,2003,ge,0.41
BGD,2003,ge,-0.84
BRB,2003,ge,1.35
BLR,2003,ge,-1.05
BEL,2003,ge,1.87
BLZ,2003,ge,0.32
BEN,2003,ge,-0.56
BMU,2003,ge,1.09
BTN,2003,ge,0.58
BOL,2003,ge,-0.38
BIH,2003,ge,-0.88
BWA,2003,ge,0.62
BRA,2003,ge,0.08
BRN,2003,ge,0.69
BGR,2003,ge,0.03
BFA,2003,ge,-0.81
BDI,2003,ge,-1.49
KHM,2003,ge,-0.92
CMR,2003,ge,-0.84
CAN,2003,ge,1.92
CPV,2003,ge,-0.28
CYM,2003,ge,1.35
CAF,2003,ge,-1.2
TCD,2003,ge,-1.17
CHL,2003,ge,1.1
CHN,2003,ge,-0.15
COL,2003,ge,-0.22
COM,2003,ge,-1.23
ZAR,2003,ge,-1.71
COG,2003,ge,-1.19
CRI,2003,ge,0.21
HRV,2003,ge,0.32
CUB,2003,ge,-0.35
CYP,2003,ge,1.12
CZE,2003,ge,0.85
CIV,2003,ge,-1.13
DNK,2003,ge,2.09
DJI,2003,ge,-0.71
DMA,2003,ge,0.83
DOM,2003,ge,-0.56
ECU,2003,ge,-0.94
EGY,2003,ge,-0.39
SLV,2003,ge,-0.46
GNQ,2003,ge,-1.11
ERI,2003,ge,-0.84
EST,2003,ge,0.88
SWZ,2003,ge,-0.71
ETH,2003,ge,-1.07
FJI,2003,ge,0.06
FIN,2003,ge,2.19
FRA,2003,ge,1.65
GUF,2003,ge,0.83
GAB,2003,ge,-0.43
GMB,2003,ge,-0.42
GEO,2003,ge,-0.2
DEU,2003,ge,1.36
GHA,2003,ge,-0.29
GRC,2003,ge,0.7
GRD,2003,ge,0.58
GTM,2003,ge,-0.57
GIN,2003,ge,-0.77
GNB,2003,ge,-1.19
GUY,2003,ge,-0.02
HTI,2003,ge,-1.48
HND,2003,ge,-0.76
HKG,2003,ge,1.59
HUN,2003,ge,0.83
ISL,2003,ge,2.04
IND,2003,ge,-0.14
IDN,2003,ge,-0.6
IRN,2003,ge,-0.57
IRQ,2003,ge,-1.75
IRL,2003,ge,1.5
ISR,2003,ge,1.14
ITA,2003,ge,0.74
JAM,2003,ge,-0.02
JPN,2003,ge,1.16
JOR,2003,ge,0.14
KAZ,2003,ge,-0.77
KEN,2003,ge,-0.71
PRK,2003,ge,-1.83
KOR,2003,ge,0.79
KWT,2003,ge,0.07
KGZ,2003,ge,-0.56
LAO,2003,ge,-1.01
LVA,2003,ge,0.6
LBN,2003,ge,-0.15
LSO,2003,ge,0.05
LBR,2003,ge,-1.42
LBY,2003,ge,-0.93
LIE,2003,ge,1.61
LTU,2003,ge,0.73
LUX,2003,ge,1.86
MAC,2003,ge,1.35
MDG,2003,ge,-0.42
MWI,2003,ge,-0.78
MYS,2003,ge,1.04
MDV,2003,ge,0.58
MLI,2003,ge,-0.72
MLT,2003,ge,0.88
MTQ,2003,ge,0.83
MRT,2003,ge,-0.2
MUS,2003,ge,0.74
MEX,2003,ge,0.13
MDA,2003,ge,-0.67
MNG,2003,ge,-0.21
MAR,2003,ge,-0.22
MOZ,2003,ge,-0.54
MMR,2003,ge,-1.29
NAM,2003,ge,0.25
NPL,2003,ge,-0.8
NLD,2003,ge,1.95
NZL,2003,ge,1.76
NIC,2003,ge,-0.79
NER,2003,ge,-0.65
NGA,2003,ge,-0.92
MKD,2003,ge,-0.41
NOR,2003,ge,1.83
OMN,2003,ge,0.44
PAK,2003,ge,-0.59
PAN,2003,ge,-0.11
PNG,2003,ge,-0.53
PRY,2003,ge,-1
PER,2003,ge,-0.59
PHL,2003,ge,-0.15
POL,2003,ge,0.51
PRT,2003,ge,1.11
PRI,2003,ge,1.09
QAT,2003,ge,0.44
ROM,2003,ge,-0.28
RUS,2003,ge,-0.5
RWA,2003,ge,-1.04
WSM,2003,ge,0.32
SAU,2003,ge,-0.37
SEN,2003,ge,-0.39
SRB,2003,ge,-0.67
SYC,2003,ge,0.58
SLE,2003,ge,-1.33
SGP,2003,ge,1.93
SVK,2003,ge,0.67
SVN,2003,ge,0.9
SOM,2003,ge,-1.9
ZAF,2003,ge,0.6
ESP,2003,ge,1.82
LKA,2003,ge,-0.27
SDN,2003,ge,-1.22
SUR,2003,ge,-0.16
SWE,2003,ge,2.02
CHE,2003,ge,1.75
SYR,2003,ge,-1.14
STP,2003,ge,-0.45
TWN,2003,ge,0.92
TJK,2003,ge,-1.14
TZA,2003,ge,-0.5
THA,2003,ge,0.31
TMP,2003,ge,-0.97
TGO,2003,ge,-1.29
TTO,2003,ge,0.47
TUN,2003,ge,0.47
TKM,2003,ge,-1.42
TUR,2003,ge,0.03
UGA,2003,ge,-0.45
UKR,2003,ge,-0.67
ARE,2003,ge,0.54
GBR,2003,ge,1.75
USA,2003,ge,1.54
URY,2003,ge,0.46
UZB,2003,ge,-1.19
VEN,2003,ge,-0.96
VNM,2003,ge,-0.4
WBG,2003,ge,-1.23
YEM,2003,ge,-0.86
ZMB,2003,ge,-1.01
ZWE,2003,ge,-0.94
AFG,2003,pv,-2.2
ALB,2003,pv,-0.31
DZA,2003,pv,-1.75
ADO,2003,pv,1.47
AGO,2003,pv,-1.01
ATG,2003,pv,0.87
ARG,2003,pv,-0.36
ARM,2003,pv,0.24
AUS,2003,pv,0.88
AUT,2003,pv,0.96
AZE,2003,pv,-0.95
BHS,2003,pv,0.83
BHR,2003,pv,0.48
BGD,2003,pv,-1.12
BRB,2003,pv,0.92
BLR,2003,pv,0.69
BEL,2003,pv,0.86
BLZ,2003,pv,0.49
BEN,2003,pv,0.68
BMU,2003,pv,0.85
BTN,2003,pv,0.92
BOL,2003,pv,-0.83
BIH,2003,pv,-0.41
BWA,2003,pv,1.1
BRA,2003,pv,0
BRN,2003,pv,1.14
BGR,2003,pv,0.17
BFA,2003,pv,0.07
BDI,2003,pv,-2.24
KHM,2003,pv,-0.65
CMR,2003,pv,-0.43
CAN,2003,pv,1.05
CPV,2003,pv,0.92
CYM,2003,pv,0.85
CAF,2003,pv,-1.54
TCD,2003,pv,-1.37
CHL,2003,pv,0.76
CHN,2003,pv,-0.57
COL,2003,pv,-2.38
COM,2003,pv,-0.67
ZAR,2003,pv,-2.03
COG,2003,pv,-1.17
CRI,2003,pv,0.6
HRV,2003,pv,0.56
CUB,2003,pv,0.32
CYP,2003,pv,0.53
CZE,2003,pv,0.89
CIV,2003,pv,-1.8
DNK,2003,pv,1.2
DJI,2003,pv,-0.91
DMA,2003,pv,0.67
DOM,2003,pv,-0.42
ECU,2003,pv,-0.96
EGY,2003,pv,-0.64
SLV,2003,pv,-0.18
GNQ,2003,pv,0.11
ERI,2003,pv,-0.72
EST,2003,pv,0.89
SWZ,2003,pv,0.07
ETH,2003,pv,-1.41
FJI,2003,pv,0.45
FIN,2003,pv,1.69
FRA,2003,pv,0.18
GUF,2003,pv,0.31
GAB,2003,pv,0.3
GMB,2003,pv,0.32
GEO,2003,pv,-1.3
DEU,2003,pv,0.58
GHA,2003,pv,0.03
GRC,2003,pv,0.48
GRD,2003,pv,0.89
GTM,2003,pv,-0.77
GIN,2003,pv,-0.79
GNB,2003,pv,-0.49
GUY,2003,pv,-0.44
HTI,2003,pv,-1.32
HND,2003,pv,-0.38
HKG,2003,pv,0.95
HUN,2003,pv,1.13
ISL,2003,pv,1.52
IND,2003,pv,-1.51
IDN,2003,pv,-2.1
IRN,2003,pv,-0.78
IRQ,2003,pv,-2.39
IRL,2003,pv,1.35
ISR,2003,pv,-1.52
ITA,2003,pv,0.43
JAM,2003,pv,-0.38
JPN,2003,pv,1.03
JOR,2003,pv,-0.07
KAZ,2003,pv,0.36
KEN,2003,pv,-1.26
KIR,2003,pv,1.17
PRK,2003,pv,0.22
KOR,2003,pv,0.25
KWT,2003,pv,0.29
KGZ,2003,pv,-1.1
LAO,2003,pv,-1.23
LVA,2003,pv,1
LBN,2003,pv,-0.46
LSO,2003,pv,0.1
LBR,2003,pv,-2.16
LBY,2003,pv,0.12
LIE,2003,pv,1.47
LTU,2003,pv,1.05
LUX,2003,pv,1.44
MAC,2003,pv,1.12
MDG,2003,pv,0.62
MWI,2003,pv,0.04
MYS,2003,pv,0.49
MDV,2003,pv,1.03
MLI,2003,pv,0.26
MLT,2003,pv,1.55
MHL,2003,pv,1.17
MTQ,2003,pv,0.85
MRT,2003,pv,0.06
MUS,2003,pv,1.01
MEX,2003,pv,-0.12
FSM,2003,pv,0.63
MDA,2003,pv,-0.13
MCO,2003,pv,1.17
MNG,2003,pv,0.96
MAR,2003,pv,-0.41
MOZ,2003,pv,0.25
MMR,2003,pv,-1.15
NAM,2003,pv,0.48
NRU,2003,pv,1.17
NPL,2003,pv,-1.89
NLD,2003,pv,1.16
NZL,2003,pv,1.19
NIC,2003,pv,-0.37
NER,2003,pv,0.04
NGA,2003,pv,-1.64
MKD,2003,pv,-0.99
NOR,2003,pv,1.2
OMN,2003,pv,1.06
PAK,2003,pv,-1.55
PLW,2003,pv,1.17
PAN,2003,pv,0.07
PNG,2003,pv,-0.56
PRY,2003,pv,-0.75
PER,2003,pv,-1.16
PHL,2003,pv,-1.56
POL,2003,pv,0.58
PRT,2003,pv,1.29
PRI,2003,pv,0.31
QAT,2003,pv,1.19
ROM,2003,pv,0.32
RUS,2003,pv,-1.19
RWA,2003,pv,-1.11
WSM,2003,pv,1.27
SMR,2003,pv,1.17
SAU,2003,pv,0.14
SEN,2003,pv,-0.25
SRB,2003,pv,-0.58
SYC,2003,pv,0.65
SLE,2003,pv,-1.08
SGP,2003,pv,0.88
SVK,2003,pv,0.95
SVN,2003,pv,1.19
SLB,2003,pv,0.36
SOM,2003,pv,-2.57
ZAF,2003,pv,-0.31
ESP,2003,pv,-0.05
LKA,2003,pv,-0.83
KNA,2003,pv,1.17
LCA,2003,pv,1.17
VCT,2003,pv,0.76
SDN,2003,pv,-1.98
SUR,2003,pv,0.48
SWE,2003,pv,1.34
CHE,2003,pv,1.25
SYR,2003,pv,0.06
STP,2003,pv,0.26
TWN,2003,pv,0.64
TJK,2003,pv,-1.1
TZA,2003,pv,-0.86
THA,2003,pv,-0.15
TMP,2003,pv,-0.29
TGO,2003,pv,-0.19
TON,2003,pv,0.63
TTO,2003,pv,-0.25
TUN,2003,pv,0.32
TKM,2003,pv,0.05
TUV,2003,pv,1.17
TUR,2003,pv,-0.77
UGA,2003,pv,-1.56
UKR,2003,pv,-0.36
ARE,2003,pv,0.99
GBR,2003,pv,0.27
USA,2003,pv,0.08
URY,2003,pv,0.71
UZB,2003,pv,-1.3
VUT,2003,pv,0.76
VEN,2003,pv,-1.29
VNM,2003,pv,0.13
WBG,2003,pv,-1.27
YEM,2003,pv,-1.48
ZMB,2003,pv,0.22
ZWE,2003,pv,-1.09
AFG,2003,rl,-1.56
ALB,2003,rl,-0.72
DZA,2003,rl,-0.61
ADO,2003,rl,1.06
AGO,2003,rl,-1.48
ATG,2003,rl,1.04
ARG,2003,rl,-0.78
ARM,2003,rl,-0.3
AUS,2003,rl,1.84
AUT,2003,rl,1.85
AZE,2003,rl,-0.88
BHS,2003,rl,1.42
BHR,2003,rl,0.59
BGD,2003,rl,-1.15
BRB,2003,rl,1.52
BLR,2003,rl,-1.07
BEL,2003,rl,1.33
BLZ,2003,rl,0.19
BEN,2003,rl,-0.43
BMU,2003,rl,1.23
BTN,2003,rl,0.14
BOL,2003,rl,-0.47
BIH,2003,rl,-0.62
BWA,2003,rl,0.67
BRA,2003,rl,-0.37
BRN,2003,rl,0.56
BGR,2003,rl,-0.17
BFA,2003,rl,-0.62
BDI,2003,rl,-1.48
KHM,2003,rl,-1.16
CMR,2003,rl,-1.16
CAN,2003,rl,1.7
CPV,2003,rl,0.26
CYM,2003,rl,1.23
CAF,2003,rl,-1.43
TCD,2003,rl,-1.52
CHL,2003,rl,1.18
CHN,2003,rl,-0.55
COL,2003,rl,-0.74
COM,2003,rl,-0.75
ZAR,2003,rl,-1.85
COG,2003,rl,-1.27
CRI,2003,rl,0.53
HRV,2003,rl,-0.05
CUB,2003,rl,-1.22
CYP,2003,rl,0.94
CZE,2003,rl,0.87
CIV,2003,rl,-1.36
DNK,2003,rl,1.92
DJI,2003,rl,-0.88
DMA,2003,rl,0.8
DOM,2003,rl,-0.64
ECU,2003,rl,-0.78
EGY,2003,rl,0
SLV,2003,rl,-0.52
GNQ,2003,rl,-1.23
ERI,2003,rl,-0.82
EST,2003,rl,0.77
SWZ,2003,rl,-0.61
ETH,2003,rl,-0.83
FJI,2003,rl,0.01
FIN,2003,rl,1.96
FRA,2003,rl,1.33
GUF,2003,rl,0.97
GAB,2003,rl,-0.41
GMB,2003,rl,0.16
GEO,2003,rl,-0.91
DEU,2003,rl,1.64
GHA,2003,rl,0.01
GRC,2003,rl,0.79
GRD,2003,rl,0.34
GTM,2003,rl,-1.1
GIN,2003,rl,-1.15
GNB,2003,rl,-1.23
GUY,2003,rl,-0.58
HTI,2003,rl,-1.74
HND,2003,rl,-0.94
HKG,2003,rl,1.54
HUN,2003,rl,0.81
ISL,2003,rl,1.92
IND,2003,rl,0.12
IDN,2003,rl,-0.86
IRN,2003,rl,-0.68
IRQ,2003,rl,-1.64
IRL,2003,rl,1.48
ISR,2003,rl,0.91
ITA,2003,rl,0.69
JAM,2003,rl,-0.5
JPN,2003,rl,1.16
JOR,2003,rl,0.32
KAZ,2003,rl,-1.1
KEN,2003,rl,-0.92
KIR,2003,rl,0.83
PRK,2003,rl,-1.17
KOR,2003,rl,0.8
KSV,2003,rl,-0.83
KWT,2003,rl,0.55
KGZ,2003,rl,-0.76
LAO,2003,rl,-1.38
LVA,2003,rl,0.58
LBN,2003,rl,-0.35
LSO,2003,rl,0.08
LBR,2003,rl,-1.53
LBY,2003,rl,-0.91
LIE,2003,rl,1.27
LTU,2003,rl,0.49
LUX,2003,rl,1.83
MAC,2003,rl,1.23
MDG,2003,rl,-0.25
MWI,2003,rl,-0.18
MYS,2003,rl,0.47
MDV,2003,rl,0.08
MLI,2003,rl,0.03
MLT,2003,rl,1.54
MHL,2003,rl,0.83
MTQ,2003,rl,0.97
MRT,2003,rl,-0.62
MUS,2003,rl,0.92
MEX,2003,rl,-0.38
FSM,2003,rl,0.83
MDA,2003,rl,-0.54
MCO,2003,rl,0.83
MNG,2003,rl,0.3
MNE,2003,rl,-0.18
MAR,2003,rl,-0.11
MOZ,2003,rl,-0.7
MMR,2003,rl,-1.7
NAM,2003,rl,0.29
NRU,2003,rl,0.83
NPL,2003,rl,-0.61
NLD,2003,rl,1.71
NZL,2003,rl,1.85
NIC,2003,rl,-0.56
NER,2003,rl,-0.52
NGA,2003,rl,-1.51
MKD,2003,rl,-0.51
NOR,2003,rl,1.88
OMN,2003,rl,0.47
PAK,2003,rl,-0.92
PLW,2003,rl,0.83
PAN,2003,rl,-0.14
PNG,2003,rl,-0.95
PRY,2003,rl,-1.05
PER,2003,rl,-0.59
PHL,2003,rl,-0.55
POL,2003,rl,0.51
PRT,2003,rl,1.28
PRI,2003,rl,0.7
QAT,2003,rl,0.42
ROM,2003,rl,-0.21
RUS,2003,rl,-0.96
RWA,2003,rl,-0.96
WSM,2003,rl,1.27
SMR,2003,rl,0.83
SAU,2003,rl,0.11
SEN,2003,rl,-0.05
SRB,2003,rl,-0.9
SYC,2003,rl,0.76
SLE,2003,rl,-1.19
SGP,2003,rl,1.54
SVK,2003,rl,0.33
SVN,2003,rl,0.85
SLB,2003,rl,0.21
SOM,2003,rl,-2.05
ZAF,2003,rl,0.04
ESP,2003,rl,1.25
LKA,2003,rl,0.24
KNA,2003,rl,0.83
LCA,2003,rl,0.83
VCT,2003,rl,0.83
SDN,2003,rl,-1.56
SUR,2003,rl,-0.05
SWE,2003,rl,1.89
CHE,2003,rl,1.9
SYR,2003,rl,-0.48
STP,2003,rl,-0.22
TWN,2003,rl,0.95
TJK,2003,rl,-1.07
TZA,2003,rl,-0.31
THA,2003,rl,0.15
TMP,2003,rl,-0.43
TGO,2003,rl,-0.96
TON,2003,rl,-0.17
TTO,2003,rl,0.23
TUN,2003,rl,-0.19
TKM,2003,rl,-1.32
TUV,2003,rl,0.83
TUR,2003,rl,0.1
UGA,2003,rl,-0.54
UKR,2003,rl,-0.82
ARE,2003,rl,0.54
GBR,2003,rl,1.67
USA,2003,rl,1.55
URY,2003,rl,0.66
UZB,2003,rl,-1.25
VUT,2003,rl,0.91
VEN,2003,rl,-1.34
VNM,2003,rl,-0.64
WBG,2003,rl,-0.11
YEM,2003,rl,-1.26
ZMB,2003,rl,-0.38
ZWE,2003,rl,-1.61
AFG,2003,rq,-1.46
ALB,2003,rq,-0.49
DZA,2003,rq,-0.48
ADO,2003,rq,1.41
AGO,2003,rq,-1.19
ATG,2003,rq,0.68
ARG,2003,rq,-0.69
ARM,2003,rq,0.17
AUS,2003,rq,1.58
AUT,2003,rq,1.54
AZE,2003,rq,-0.6
BHS,2003,rq,1.15
BHR,2003,rq,0.62
BGD,2003,rq,-1.04
BRB,2003,rq,1.12
BLR,2003,rq,-1.3
BEL,2003,rq,1.28
BLZ,2003,rq,0.17
BEN,2003,rq,-0.62
BMU,2003,rq,1.41
BTN,2003,rq,-0.05
BOL,2003,rq,-0.15
BIH,2003,rq,-0.47
BWA,2003,rq,0.84
BRA,2003,rq,0.2
BRN,2003,rq,1
BGR,2003,rq,0.67
BFA,2003,rq,-0.36
BDI,2003,rq,-1.2
KHM,2003,rq,-0.42
CMR,2003,rq,-0.97
CAN,2003,rq,1.52
CPV,2003,rq,-0.28
CYM,2003,rq,1.41
CAF,2003,rq,-1.12
TCD,2003,rq,-1.05
CHL,2003,rq,1.33
CHN,2003,rq,-0.39
COL,2003,rq,-0.13
COM,2003,rq,-1.27
ZAR,2003,rq,-1.68
COG,2003,rq,-1.17
CRI,2003,rq,0.62
HRV,2003,rq,0.47
CUB,2003,rq,-1.46
CYP,2003,rq,1.18
CZE,2003,rq,1.14
CIV,2003,rq,-0.75
DNK,2003,rq,1.73
DJI,2003,rq,-0.73
DMA,2003,rq,0.93
DOM,2003,rq,-0.39
ECU,2003,rq,-0.72
EGY,2003,rq,-0.57
SLV,2003,rq,-0.25
GNQ,2003,rq,-1.43
ERI,2003,rq,-1.51
EST,2003,rq,1.17
SWZ,2003,rq,-0.28
ETH,2003,rq,-1.16
FJI,2003,rq,-0.28
FIN,2003,rq,1.83
FRA,2003,rq,1.22
GUF,2003,rq,0.93
GAB,2003,rq,-0.06
GMB,2003,rq,-0.47
GEO,2003,rq,-0.62
DEU,2003,rq,1.5
GHA,2003,rq,-0.28
GRC,2003,rq,0.99
GRD,2003,rq,0.44
GTM,2003,rq,-0.35
GIN,2003,rq,-0.97
GNB,2003,rq,-0.85
GUY,2003,rq,-0.34
HTI,2003,rq,-1.13
HND,2003,rq,-0.59
HKG,2003,rq,1.89
HUN,2003,rq,1.12
ISL,2003,rq,1.63
IND,2003,rq,-0.38
IDN,2003,rq,-0.87
IRN,2003,rq,-1.23
IRQ,2003,rq,-1.45
IRL,2003,rq,1.58
ISR,2003,rq,0.91
ITA,2003,rq,1.04
JAM,2003,rq,0.21
JPN,2003,rq,1.07
JOR,2003,rq,0.19
KAZ,2003,rq,-0.4
KEN,2003,rq,-0.33
PRK,2003,rq,-2.07
KOR,2003,rq,0.72
KWT,2003,rq,0.38
KGZ,2003,rq,-0.41
LAO,2003,rq,-1.35
LVA,2003,rq,0.95
LBN,2003,rq,-0.15
LSO,2003,rq,-0.57
LBR,2003,rq,-1.63
LBY,2003,rq,-1.51
LIE,2003,rq,1.66
LTU,2003,rq,1.04
LUX,2003,rq,1.79
MAC,2003,rq,1.17
MDG,2003,rq,-0.33
MWI,2003,rq,-0.49
MYS,2003,rq,0.59
MDV,2003,rq,0.93
MLI,2003,rq,-0.58
MLT,2003,rq,1.15
MTQ,2003,rq,0.93
MRT,2003,rq,-0.16
MUS,2003,rq,0.43
MEX,2003,rq,0.34
MDA,2003,rq,-0.41
MNG,2003,rq,-0.56
MAR,2003,rq,-0.28
MOZ,2003,rq,-0.62
MMR,2003,rq,-2.03
NAM,2003,rq,0.22
NPL,2003,rq,-0.41
NLD,2003,rq,1.72
NZL,2003,rq,1.65
NIC,2003,rq,-0.47
NER,2003,rq,-0.73
NGA,2003,rq,-1.23
MKD,2003,rq,-0.17
NOR,2003,rq,1.31
OMN,2003,rq,0.67
PAK,2003,rq,-0.83
PAN,2003,rq,0.34
PNG,2003,rq,-0.64
PRY,2003,rq,-0.76
PER,2003,rq,0.11
PHL,2003,rq,-0.11
POL,2003,rq,0.69
PRT,2003,rq,1.22
PRI,2003,rq,1.17
QAT,2003,rq,0.19
ROM,2003,rq,-0.05
RUS,2003,rq,-0.15
RWA,2003,rq,-0.86
WSM,2003,rq,-0.05
SAU,2003,rq,0.08
SEN,2003,rq,-0.31
SRB,2003,rq,-0.61
SYC,2003,rq,0.68
SLE,2003,rq,-1.18
SGP,2003,rq,1.79
SVK,2003,rq,0.91
SVN,2003,rq,0.88
SOM,2003,rq,-2.04
ZAF,2003,rq,0.82
ESP,2003,rq,1.3
LKA,2003,rq,0.03
SDN,2003,rq,-1.42
SUR,2003,rq,-0.58
SWE,2003,rq,1.61
CHE,2003,rq,1.68
SYR,2003,rq,-1.06
STP,2003,rq,-0.54
TWN,2003,rq,1.01
TJK,2003,rq,-1.09
TZA,2003,rq,-0.61
THA,2003,rq,0.36
TMP,2003,rq,-1.27
TGO,2003,rq,-0.69
TTO,2003,rq,0.68
TUN,2003,rq,-0.01
TKM,2003,rq,-1.74
TUR,2003,rq,0.02
UGA,2003,rq,-0.17
UKR,2003,rq,-0.56
ARE,2003,rq,0.64
GBR,2003,rq,1.65
USA,2003,rq,1.57
URY,2003,rq,0.31
UZB,2003,rq,-1.42
VEN,2003,rq,-1
VNM,2003,rq,-0.64
WBG,2003,rq,-1.02
YEM,2003,rq,-0.78
ZMB,2003,rq,-0.64
ZWE,2003,rq,-1.86
AFG,2003,va,-1.18
ALB,2003,va,0.07
DZA,2003,va,-1.08
ADO,2003,va,1.42
AGO,2003,va,-1.27
ATG,2003,va,0.32
ARG,2003,va,0.35
ARM,2003,va,-0.47
AUS,2003,va,1.44
AUT,2003,va,1.34
AZE,2003,va,-1.04
BHS,2003,va,1.03
BHR,2003,va,-0.59
BGD,2003,va,-0.55
BRB,2003,va,1.16
BLR,2003,va,-1.46
BEL,2003,va,1.48
BLZ,2003,va,0.84
BEN,2003,va,0.19
BMU,2003,va,1.2
BTN,2003,va,-1.15
BOL,2003,va,-0.06
BIH,2003,va,0.21
BWA,2003,va,0.71
BRA,2003,va,0.44
BRN,2003,va,-0.78
BGR,2003,va,0.55
BFA,2003,va,-0.31
BDI,2003,va,-1.18
KHM,2003,va,-0.9
CMR,2003,va,-1.06
CAN,2003,va,1.55
CPV,2003,va,0.59
CYM,2003,va,0.96
CAF,2003,va,-1.25
TCD,2003,va,-1.1
CHL,2003,va,1.06
CHN,2003,va,-1.51
COL,2003,va,-0.43
COM,2003,va,-0.57
ZAR,2003,va,-1.56
COG,2003,va,-0.83
CRI,2003,va,0.96
HRV,2003,va,0.62
CUB,2003,va,-1.79
CYP,2003,va,0.99
CZE,2003,va,1.01
CIV,2003,va,-1.15
DNK,2003,va,1.6
DJI,2003,va,-0.67
DMA,2003,va,1.05
DOM,2003,va,0.02
ECU,2003,va,-0.12
EGY,2003,va,-1.08
SLV,2003,va,0.11
GNQ,2003,va,-1.66
ERI,2003,va,-1.93
EST,2003,va,1.07
SWZ,2003,va,-1.53
ETH,2003,va,-1.11
FJI,2003,va,0.07
FIN,2003,va,1.57
FRA,2003,va,1.12
GUF,2003,va,0.49
GAB,2003,va,-0.66
GMB,2003,va,-0.49
GEO,2003,va,-0.18
DEU,2003,va,1.41
GHA,2003,va,0.27
GRC,2003,va,1.16
GRD,2003,va,0.76
GTM,2003,va,-0.48
GIN,2003,va,-1.2
GNB,2003,va,-1.07
GUY,2003,va,0.43
HTI,2003,va,-1.2
HND,2003,va,-0.18
HKG,2003,va,0.45
HUN,2003,va,1.17
ISL,2003,va,1.56
IND,2003,va,0.45
IDN,2003,va,-0.3
IRN,2003,va,-1.25
IRQ,2003,va,-1.5
IRL,2003,va,1.28
ISR,2003,va,0.64
ITA,2003,va,0.99
JAM,2003,va,0.52
JPN,2003,va,1.08
JOR,2003,va,-0.63
KAZ,2003,va,-1.09
KEN,2003,va,-0.26
KIR,2003,va,0.97
PRK,2003,va,-2.19
KOR,2003,va,0.72
KSV,2003,va,-0.32
KWT,2003,va,-0.4
KGZ,2003,va,-1.03
LAO,2003,va,-1.78
LVA,2003,va,0.77
LBN,2003,va,-0.49
LSO,2003,va,0
LBR,2003,va,-1.45
LBY,2003,va,-1.76
LIE,2003,va,1.4
LTU,2003,va,0.92
LUX,2003,va,1.53
MAC,2003,va,0.73
MDG,2003,va,0.04
MWI,2003,va,-0.43
MYS,2003,va,-0.46
MDV,2003,va,-1
MLI,2003,va,0.34
MLT,2003,va,1.34
MHL,2003,va,1.22
MTQ,2003,va,0.73
MRT,2003,va,-0.76
MUS,2003,va,0.85
MEX,2003,va,0.35
FSM,2003,va,1.04
MDA,2003,va,-0.49
MCO,2003,va,0.95
MNG,2003,va,0.33
MNE,2003,va,0.09
MAR,2003,va,-0.75
MOZ,2003,va,-0.03
MMR,2003,va,-2.08
NAM,2003,va,0.19
NRU,2003,va,1.12
NPL,2003,va,-0.92
NLD,2003,va,1.53
NZL,2003,va,1.61
NIC,2003,va,0.16
NER,2003,va,-0.16
NGA,2003,va,-0.66
MKD,2003,va,-0.02
NOR,2003,va,1.53
OMN,2003,va,-0.82
PAK,2003,va,-1.17
PLW,2003,va,1.22
PAN,2003,va,0.48
PNG,2003,va,-0.21
PRY,2003,va,-0.4
PER,2003,va,0.08
PHL,2003,va,0.15
POL,2003,va,1.01
PRT,2003,va,1.41
PRI,2003,va,0.96
QAT,2003,va,-0.69
ROM,2003,va,0.3
RUS,2003,va,-0.54
RWA,2003,va,-1.31
WSM,2003,va,0.75
SMR,2003,va,1.2
SAU,2003,va,-1.64
SEN,2003,va,0.27
SRB,2003,va,-0.12
SYC,2003,va,0.08
SLE,2003,va,-0.35
SGP,2003,va,-0.02
SVK,2003,va,0.93
SVN,2003,va,1.12
SLB,2003,va,0.32
SOM,2003,va,-1.75
ZAF,2003,va,0.7
ESP,2003,va,1.27
LKA,2003,va,-0.09
KNA,2003,va,0.89
LCA,2003,va,1.09
VCT,2003,va,1.07
SDN,2003,va,-1.66
SUR,2003,va,0.33
SWE,2003,va,1.55
CHE,2003,va,1.45
SYR,2003,va,-1.62
STP,2003,va,0.24
TWN,2003,va,0.9
TJK,2003,va,-1.15
TZA,2003,va,-0.43
THA,2003,va,0.22
TMP,2003,va,0.17
TGO,2003,va,-1.18
TON,2003,va,0.06
TTO,2003,va,0.61
TUN,2003,va,-0.92
TKM,2003,va,-1.96
TUV,2003,va,1.04
TUR,2003,va,-0.03
UGA,2003,va,-0.7
UKR,2003,va,-0.59
ARE,2003,va,-0.91
GBR,2003,va,1.33
USA,2003,va,1.34
URY,2003,va,0.99
UZB,2003,va,-1.76
VUT,2003,va,0.73
VEN,2003,va,-0.44
VNM,2003,va,-1.47
WBG,2003,va,-0.85
YEM,2003,va,-0.89
ZMB,2003,va,-0.37
ZWE,2003,va,-1.43
AFG,2004,cc,-1.35
ALB,2004,cc,-0.72
DZA,2004,cc,-0.7
ASM,2004,cc,0.79
ADO,2004,cc,1.12
AGO,2004,cc,-1.38
AIA,2004,cc,0.84
ATG,2004,cc,0.84
ARG,2004,cc,-0.41
ARM,2004,cc,-0.7
ABW,2004,cc,1.17
AUS,2004,cc,2.01
AUT,2004,cc,2.03
AZE,2004,cc,-1.18
BHS,2004,cc,1.41
BHR,2004,cc,0.44
BGD,2004,cc,-1.6
BRB,2004,cc,1.41
BLR,2004,cc,-0.76
BEL,2004,cc,1.36
BLZ,2004,cc,-0.1
BEN,2004,cc,-0.56
BMU,2004,cc,1.31
BTN,2004,cc,0.89
BOL,2004,cc,-0.81
BIH,2004,cc,-0.32
BWA,2004,cc,0.88
BRA,2004,cc,-0.03
BRN,2004,cc,0.39
BGR,2004,cc,0.07
BFA,2004,cc,-0.15
BDI,2004,cc,-0.98
KHM,2004,cc,-1.06
CMR,2004,cc,-1.13
CAN,2004,cc,1.81
CPV,2004,cc,0.34
CYM,2004,cc,1.26
CAF,2004,cc,-1.48
TCD,2004,cc,-1.45
CHL,2004,cc,1.31
CHN,2004,cc,-0.57
COL,2004,cc,-0.14
COM,2004,cc,-0.86
ZAR,2004,cc,-1.44
COG,2004,cc,-1.04
CRI,2004,cc,0.28
HRV,2004,cc,0.24
CUB,2004,cc,0.22
CYP,2004,cc,0.87
CZE,2004,cc,0.38
CIV,2004,cc,-1.24
DNK,2004,cc,2.41
DJI,2004,cc,-0.43
DMA,2004,cc,0.76
DOM,2004,cc,-0.59
ECU,2004,cc,-0.73
EGY,2004,cc,-0.58
SLV,2004,cc,-0.48
GNQ,2004,cc,-1.38
ERI,2004,cc,-0.15
EST,2004,cc,0.98
SWZ,2004,cc,-0.24
ETH,2004,cc,-0.76
FJI,2004,cc,0.29
FIN,2004,cc,2.41
FRA,2004,cc,1.31
GUF,2004,cc,0.79
GAB,2004,cc,-0.83
GMB,2004,cc,-0.52
GEO,2004,cc,-0.46
DEU,2004,cc,1.84
GHA,2004,cc,-0.28
GRC,2004,cc,0.45
GRD,2004,cc,0.76
GUM,2004,cc,0.37
GTM,2004,cc,-0.62
GIN,2004,cc,-0.89
GNB,2004,cc,-1.27
GUY,2004,cc,-0.4
HTI,2004,cc,-1.46
HND,2004,cc,-0.95
HKG,2004,cc,1.85
HUN,2004,cc,0.67
ISL,2004,cc,2.17
IND,2004,cc,-0.45
IDN,2004,cc,-0.98
IRN,2004,cc,-0.36
IRQ,2004,cc,-1.49
IRL,2004,cc,1.27
ISR,2004,cc,0.91
ITA,2004,cc,0.36
JAM,2004,cc,-0.39
JPN,2004,cc,1.2
JOR,2004,cc,0.29
KAZ,2004,cc,-1.11
KEN,2004,cc,-0.9
KIR,2004,cc,0.51
PRK,2004,cc,-1.39
KOR,2004,cc,0.38
KSV,2004,cc,-0.31
KWT,2004,cc,0.77
KGZ,2004,cc,-1.1
LAO,2004,cc,-1.15
LVA,2004,cc,0.15
LBN,2004,cc,-0.59
LSO,2004,cc,-0.11
LBR,2004,cc,-1.33
LBY,2004,cc,-0.92
LIE,2004,cc,1.35
LTU,2004,cc,0.37
LUX,2004,cc,1.82
MAC,2004,cc,1.4
MDG,2004,cc,-0.32
MWI,2004,cc,-0.8
MYS,2004,cc,0.32
MDV,2004,cc,-0.28
MLI,2004,cc,-0.68
MLT,2004,cc,0.83
MTQ,2004,cc,0.89
MRT,2004,cc,-0.37
MUS,2004,cc,0.15
MEX,2004,cc,-0.39
FSM,2004,cc,0.32
MDA,2004,cc,-1.04
MNG,2004,cc,-0.27
MNE,2004,cc,-0.47
MAR,2004,cc,-0.24
MOZ,2004,cc,-0.61
MMR,2004,cc,-1.65
NAM,2004,cc,0.12
NPL,2004,cc,-0.95
NLD,2004,cc,1.98
ANT,2004,cc,0.6
NZL,2004,cc,2.35
NIC,2004,cc,-0.45
NER,2004,cc,-0.89
NGA,2004,cc,-1.38
MKD,2004,cc,-0.55
NOR,2004,cc,1.91
OMN,2004,cc,0.66
PAK,2004,cc,-1.18
PAN,2004,cc,-0.3
PNG,2004,cc,-1
PRY,2004,cc,-1.43
PER,2004,cc,-0.43
PHL,2004,cc,-0.71
POL,2004,cc,0.11
PRT,2004,cc,1.13
PRI,2004,cc,1.26
QAT,2004,cc,0.5
ROM,2004,cc,-0.32
RUS,2004,cc,-0.83
RWA,2004,cc,-0.41
REU,2004,cc,0.98
WSM,2004,cc,-0.24
SAU,2004,cc,-0.3
SEN,2004,cc,0.02
SRB,2004,cc,-0.49
SYC,2004,cc,0.55
SLE,2004,cc,-0.88
SGP,2004,cc,2.3
SVK,2004,cc,0.34
SVN,2004,cc,1.02
SLB,2004,cc,-0.07
SOM,2004,cc,-1.8
ZAF,2004,cc,0.4
ESP,2004,cc,1.34
LKA,2004,cc,-0.17
KNA,2004,cc,0.2
LCA,2004,cc,0.28
VCT,2004,cc,0.28
SDN,2004,cc,-1.25
SUR,2004,cc,0.26
SWE,2004,cc,2.13
CHE,2004,cc,1.99
SYR,2004,cc,-0.83
STP,2004,cc,-0.46
TWN,2004,cc,0.81
TJK,2004,cc,-1.32
TZA,2004,cc,-0.57
THA,2004,cc,-0.25
TMP,2004,cc,-0.34
TGO,2004,cc,-0.94
TON,2004,cc,0.09
TTO,2004,cc,-0.02
TUN,2004,cc,0.07
TKM,2004,cc,-1.27
TUV,2004,cc,0.79
TUR,2004,cc,-0.19
UGA,2004,cc,-0.81
UKR,2004,cc,-0.98
ARE,2004,cc,1.04
GBR,2004,cc,1.91
USA,2004,cc,1.81
URY,2004,cc,0.89
UZB,2004,cc,-1.07
VUT,2004,cc,-0.14
VEN,2004,cc,-0.98
VNM,2004,cc,-0.76
VIR,2004,cc,0.65
WBG,2004,cc,-0.02
YEM,2004,cc,-1.09
ZMB,2004,cc,-0.6
ZWE,2004,cc,-1.25
AFG,2004,ge,-0.95
ALB,2004,ge,-0.41
DZA,2004,ge,-0.56
ASM,2004,ge,-0.13
ADO,2004,ge,1.5
AGO,2004,ge,-1.33
AIA,2004,ge,1.06
ATG,2004,ge,0.54
ARG,2004,ge,0.02
ARM,2004,ge,-0.12
ABW,2004,ge,1.28
AUS,2004,ge,1.98
AUT,2004,ge,1.84
AZE,2004,ge,-0.93
BHS,2004,ge,1.2
BHR,2004,ge,0.51
BGD,2004,ge,-0.93
BRB,2004,ge,1.19
BLR,2004,ge,-1.21
BEL,2004,ge,1.85
BLZ,2004,ge,0.21
BEN,2004,ge,-0.52
BMU,2004,ge,1.16
BTN,2004,ge,0.13
BOL,2004,ge,-0.64
BIH,2004,ge,-0.7
BWA,2004,ge,0.6
BRA,2004,ge,-0.09
BRN,2004,ge,0.23
BGR,2004,ge,0.08
BFA,2004,ge,-0.7
BDI,2004,ge,-1.24
KHM,2004,ge,-0.91
CMR,2004,ge,-0.81
CAN,2004,ge,1.9
CPV,2004,ge,-0.35
CYM,2004,ge,1.26
CAF,2004,ge,-1.32
TCD,2004,ge,-1.15
CHL,2004,ge,1.12
CHN,2004,ge,-0.11
COL,2004,ge,-0.22
COM,2004,ge,-1.31
ZAR,2004,ge,-1.43
COG,2004,ge,-1.06
CRI,2004,ge,0.21
HRV,2004,ge,0.44
CUB,2004,ge,-0.45
CYP,2004,ge,1.11
CZE,2004,ge,0.86
CIV,2004,ge,-1.28
DNK,2004,ge,2.29
DJI,2004,ge,-0.64
DMA,2004,ge,0.62
DOM,2004,ge,-0.66
ECU,2004,ge,-0.96
EGY,2004,ge,-0.28
SLV,2004,ge,-0.45
GNQ,2004,ge,-1.19
ERI,2004,ge,-1.05
EST,2004,ge,0.9
SWZ,2004,ge,-1.08
ETH,2004,ge,-0.88
FJI,2004,ge,-0.47
FIN,2004,ge,2.15
FRA,2004,ge,1.76
GUF,2004,ge,0.66
GAB,2004,ge,-0.85
GMB,2004,ge,-0.59
GEO,2004,ge,-0.56
DEU,2004,ge,1.47
GHA,2004,ge,-0.35
GRC,2004,ge,0.79
GRD,2004,ge,0.56
GUM,2004,ge,0.34
GTM,2004,ge,-0.81
GIN,2004,ge,-0.91
GNB,2004,ge,-1.35
GUY,2004,ge,-0.04
HTI,2004,ge,-1.71
HND,2004,ge,-0.72
HKG,2004,ge,1.74
HUN,2004,ge,0.8
ISL,2004,ge,2.05
IND,2004,ge,-0.18
IDN,2004,ge,-0.49
IRN,2004,ge,-0.5
IRQ,2004,ge,-1.62
IRL,2004,ge,1.52
ISR,2004,ge,1.24
ITA,2004,ge,0.63
JAM,2004,ge,0.13
JPN,2004,ge,1.34
JOR,2004,ge,0.02
KAZ,2004,ge,-0.78
KEN,2004,ge,-0.67
KIR,2004,ge,-0.42
PRK,2004,ge,-1.74
KOR,2004,ge,0.82
KWT,2004,ge,0.09
KGZ,2004,ge,-0.66
LAO,2004,ge,-1.03
LVA,2004,ge,0.57
LBN,2004,ge,-0.17
LSO,2004,ge,-0.51
LBR,2004,ge,-1.42
LBY,2004,ge,-0.87
LIE,2004,ge,1.7
LTU,2004,ge,0.69
LUX,2004,ge,1.88
MAC,2004,ge,1.18
MDG,2004,ge,-0.59
MWI,2004,ge,-0.86
MYS,2004,ge,1.05
MDV,2004,ge,0.37
MLI,2004,ge,-0.79
MLT,2004,ge,0.78
MTQ,2004,ge,0.84
MRT,2004,ge,-0.59
MUS,2004,ge,0.69
MEX,2004,ge,0.08
FSM,2004,ge,-0.03
MDA,2004,ge,-0.85
MNG,2004,ge,-0.38
MAR,2004,ge,-0.22
MOZ,2004,ge,-0.59
MMR,2004,ge,-1.58
NAM,2004,ge,0.13
NPL,2004,ge,-0.96
NLD,2004,ge,2.07
ANT,2004,ge,1.18
NZL,2004,ge,1.94
NIC,2004,ge,-0.84
NER,2004,ge,-0.77
NGA,2004,ge,-0.94
MKD,2004,ge,-0.18
NOR,2004,ge,2.06
OMN,2004,ge,0.47
PAK,2004,ge,-0.54
PAN,2004,ge,-0.09
PNG,2004,ge,-0.69
PRY,2004,ge,-0.97
PER,2004,ge,-0.65
PHL,2004,ge,-0.22
POL,2004,ge,0.44
PRT,2004,ge,1.04
PRI,2004,ge,0.96
QAT,2004,ge,0.51
ROM,2004,ge,-0.17
RUS,2004,ge,-0.48
RWA,2004,ge,-0.7
REU,2004,ge,1.16
WSM,2004,ge,-0.03
SAU,2004,ge,-0.39
SEN,2004,ge,-0.34
SRB,2004,ge,-0.25
SYC,2004,ge,0.5
SLE,2004,ge,-1.12
SGP,2004,ge,2.02
SVK,2004,ge,0.82
SVN,2004,ge,0.9
SLB,2004,ge,-1.12
SOM,2004,ge,-1.84
ZAF,2004,ge,0.56
ESP,2004,ge,1.33
LKA,2004,ge,-0.44
KNA,2004,ge,0.35
LCA,2004,ge,0.37
VCT,2004,ge,0.42
SDN,2004,ge,-1.16
SUR,2004,ge,-0.05
SWE,2004,ge,2.1
CHE,2004,ge,2.16
SYR,2004,ge,-1.06
STP,2004,ge,-0.71
TWN,2004,ge,1.09
TJK,2004,ge,-0.98
TZA,2004,ge,-0.61
THA,2004,ge,0.26
TMP,2004,ge,-0.69
TGO,2004,ge,-1.39
TON,2004,ge,-0.55
TTO,2004,ge,0.41
TUN,2004,ge,0.42
TKM,2004,ge,-1.55
TUV,2004,ge,-0.67
TUR,2004,ge,-0.02
UGA,2004,ge,-0.47
UKR,2004,ge,-0.67
ARE,2004,ge,0.69
GBR,2004,ge,1.87
USA,2004,ge,1.74
URY,2004,ge,0.3
UZB,2004,ge,-1.2
VUT,2004,ge,-0.25
VEN,2004,ge,-1.06
VNM,2004,ge,-0.48
VIR,2004,ge,0.64
WBG,2004,ge,-0.79
YEM,2004,ge,-0.97
ZMB,2004,ge,-0.93
ZWE,2004,ge,-1.01
AFG,2004,pv,-2.3
ALB,2004,pv,-0.43
DZA,2004,pv,-1.36
ASM,2004,pv,0.74
ADO,2004,pv,1.4
AGO,2004,pv,-1.06
AIA,2004,pv,0.79
ATG,2004,pv,1.08
ARG,2004,pv,-0.61
ARM,2004,pv,-0.12
ABW,2004,pv,0.99
AUS,2004,pv,0.94
AUT,2004,pv,1.09
AZE,2004,pv,-1.06
BHS,2004,pv,0.89
BHR,2004,pv,0.31
BGD,2004,pv,-1.36
BRB,2004,pv,1.09
BLR,2004,pv,0.16
BEL,2004,pv,0.71
BLZ,2004,pv,0.4
BEN,2004,pv,0.27
BMU,2004,pv,0.89
BTN,2004,pv,1.17
BOL,2004,pv,-0.68
BIH,2004,pv,0.02
BWA,2004,pv,0.92
BRA,2004,pv,-0.28
BRN,2004,pv,1.37
BGR,2004,pv,0
BFA,2004,pv,-0.08
BDI,2004,pv,-2.52
KHM,2004,pv,-0.41
CMR,2004,pv,-0.36
CAN,2004,pv,0.88
CPV,2004,pv,1.04
CYM,2004,pv,1.23
CAF,2004,pv,-1.42
TCD,2004,pv,-1.54
CHL,2004,pv,0.69
CHN,2004,pv,-0.39
COL,2004,pv,-2.27
COM,2004,pv,-0.16
ZAR,2004,pv,-2.39
COG,2004,pv,-1.19
CRI,2004,pv,0.63
HRV,2004,pv,0.69
CUB,2004,pv,0.36
CYP,2004,pv,0.38
CZE,2004,pv,0.65
CIV,2004,pv,-2.11
DNK,2004,pv,1.08
DJI,2004,pv,-0.34
DMA,2004,pv,0.95
DOM,2004,pv,-0.34
ECU,2004,pv,-0.84
EGY,2004,pv,-0.82
SLV,2004,pv,-0.07
GNQ,2004,pv,-0.06
ERI,2004,pv,-0.64
EST,2004,pv,0.7
SWZ,2004,pv,0
ETH,2004,pv,-1.31
FJI,2004,pv,0.39
FIN,2004,pv,1.62
FRA,2004,pv,0.35
GUF,2004,pv,0.17
GAB,2004,pv,0.41
GMB,2004,pv,0.16
GEO,2004,pv,-0.86
DEU,2004,pv,0.64
GHA,2004,pv,0.04
GRC,2004,pv,0.49
GRD,2004,pv,0.88
GUM,2004,pv,0.63
GTM,2004,pv,-0.81
GIN,2004,pv,-1.03
GNB,2004,pv,-0.38
GUY,2004,pv,-0.55
HTI,2004,pv,-1.98
HND,2004,pv,-0.39
HKG,2004,pv,1.14
HUN,2004,pv,0.83
ISL,2004,pv,1.46
IND,2004,pv,-1.28
IDN,2004,pv,-1.91
IRN,2004,pv,-0.76
IRQ,2004,pv,-3.18
IRL,2004,pv,1.17
ISR,2004,pv,-1.32
ITA,2004,pv,0.27
JAM,2004,pv,-0.35
JPN,2004,pv,1.03
JOR,2004,pv,-0.23
KAZ,2004,pv,0.07
KEN,2004,pv,-1.09
KIR,2004,pv,1.16
PRK,2004,pv,0.23
KOR,2004,pv,0.43
KWT,2004,pv,0.35
KGZ,2004,pv,-1.18
LAO,2004,pv,-0.61
LVA,2004,pv,0.62
LBN,2004,pv,-0.71
LSO,2004,pv,0.36
LBR,2004,pv,-1.37
LBY,2004,pv,0.36
LIE,2004,pv,1.52
LTU,2004,pv,0.77
LUX,2004,pv,1.32
MAC,2004,pv,1.35
MDG,2004,pv,0.25
MWI,2004,pv,0.12
MYS,2004,pv,0.35
MDV,2004,pv,0.5
MLI,2004,pv,0.45
MLT,2004,pv,1.32
MHL,2004,pv,1.13
MTQ,2004,pv,1.25
MRT,2004,pv,-0.17
MUS,2004,pv,0.97
MEX,2004,pv,-0.21
FSM,2004,pv,1
MDA,2004,pv,-0.22
MCO,2004,pv,1.11
MNG,2004,pv,0.78
MAR,2004,pv,-0.31
MOZ,2004,pv,0
MMR,2004,pv,-0.98
NAM,2004,pv,0.66
NRU,2004,pv,1.13
NPL,2004,pv,-2.15
NLD,2004,pv,1.02
ANT,2004,pv,0.69
NZL,2004,pv,1.5
NIC,2004,pv,-0.34
NER,2004,pv,-0.51
NGA,2004,pv,-1.75
MKD,2004,pv,-0.85
NOR,2004,pv,1.2
OMN,2004,pv,1.12
PAK,2004,pv,-1.58
PLW,2004,pv,1.13
PAN,2004,pv,0.08
PNG,2004,pv,-0.55
PRY,2004,pv,-0.57
PER,2004,pv,-1.03
PHL,2004,pv,-1.71
POL,2004,pv,0.15
PRT,2004,pv,0.97
PRI,2004,pv,0.56
QAT,2004,pv,1.12
ROM,2004,pv,0.06
RUS,2004,pv,-1.51
RWA,2004,pv,-1.19
REU,2004,pv,0.43
WSM,2004,pv,1.16
SMR,2004,pv,1.13
SAU,2004,pv,-0.65
SEN,2004,pv,0.03
SRB,2004,pv,-0.51
SYC,2004,pv,0.66
SLE,2004,pv,-0.51
SGP,2004,pv,1.09
SVK,2004,pv,0.59
SVN,2004,pv,1.08
SLB,2004,pv,0.02
SOM,2004,pv,-2.88
ZAF,2004,pv,-0.13
ESP,2004,pv,-0.09
LKA,2004,pv,-1.01
KNA,2004,pv,1.36
LCA,2004,pv,1.22
VCT,2004,pv,1.03
SDN,2004,pv,-1.55
SUR,2004,pv,0.3
SWE,2004,pv,1.36
CHE,2004,pv,1.23
SYR,2004,pv,-0.29
STP,2004,pv,0.57
TWN,2004,pv,0.61
TJK,2004,pv,-1.31
TZA,2004,pv,-0.67
THA,2004,pv,-0.72
TMP,2004,pv,-0.16
TGO,2004,pv,-0.31
TON,2004,pv,0.82
TTO,2004,pv,-0.07
TUN,2004,pv,0.15
TKM,2004,pv,-0.12
TUV,2004,pv,1.27
TUR,2004,pv,-0.83
UGA,2004,pv,-1.3
UKR,2004,pv,-0.47
ARE,2004,pv,0.77
GBR,2004,pv,0.14
USA,2004,pv,-0.23
URY,2004,pv,0.59
UZB,2004,pv,-1.46
VUT,2004,pv,0.62
VEN,2004,pv,-1.39
VNM,2004,pv,0.15
VIR,2004,pv,0.84
WBG,2004,pv,-1.17
YEM,2004,pv,-1.55
ZMB,2004,pv,0.19
ZWE,2004,pv,-1.2
AFG,2004,rl,-1.69
ALB,2004,rl,-0.7
DZA,2004,rl,-0.62
ASM,2004,rl,0.84
ADO,2004,rl,1.19
AGO,2004,rl,-1.52
AIA,2004,rl,1.14
ATG,2004,rl,0.91
ARG,2004,rl,-0.77
ARM,2004,rl,-0.48
ABW,2004,rl,0.92
AUS,2004,rl,1.8
AUT,2004,rl,1.82
AZE,2004,rl,-0.9
BHS,2004,rl,1.38
BHR,2004,rl,0.7
BGD,2004,rl,-1.12
BRB,2004,rl,1.42
BLR,2004,rl,-1.19
BEL,2004,rl,1.31
BLZ,2004,rl,-0.05
BEN,2004,rl,-0.48
BMU,2004,rl,1.09
BTN,2004,rl,0.22
BOL,2004,rl,-0.63
BIH,2004,rl,-0.49
BWA,2004,rl,0.56
BRA,2004,rl,-0.4
BRN,2004,rl,0.37
BGR,2004,rl,-0.12
BFA,2004,rl,-0.54
BDI,2004,rl,-1.48
KHM,2004,rl,-1.21
CMR,2004,rl,-1.17
CAN,2004,rl,1.69
CPV,2004,rl,0.34
CYM,2004,rl,1.14
CAF,2004,rl,-1.56
TCD,2004,rl,-1.33
CHL,2004,rl,1.17
CHN,2004,rl,-0.59
COL,2004,rl,-0.7
COM,2004,rl,-1.02
ZAR,2004,rl,-1.72
COG,2004,rl,-1.19
CRI,2004,rl,0.5
HRV,2004,rl,0.04
CUB,2004,rl,-1.11
CYP,2004,rl,0.91
CZE,2004,rl,0.76
CIV,2004,rl,-1.42
DNK,2004,rl,1.93
DJI,2004,rl,-0.77
DMA,2004,rl,0.72
DOM,2004,rl,-0.68
ECU,2004,rl,-0.76
EGY,2004,rl,0.01
SLV,2004,rl,-0.49
GNQ,2004,rl,-1.2
ERI,2004,rl,-0.93
EST,2004,rl,0.88
SWZ,2004,rl,-0.8
ETH,2004,rl,-0.89
FJI,2004,rl,0.07
FIN,2004,rl,1.94
FRA,2004,rl,1.43
GUF,2004,rl,0.54
GAB,2004,rl,-0.48
GMB,2004,rl,-0.39
GEO,2004,rl,-0.75
DEU,2004,rl,1.62
GHA,2004,rl,-0.13
GRC,2004,rl,0.9
GRD,2004,rl,0.28
GUM,2004,rl,0.99
GTM,2004,rl,-1.06
GIN,2004,rl,-1.3
GNB,2004,rl,-1.2
GUY,2004,rl,-0.62
HTI,2004,rl,-1.73
HND,2004,rl,-0.85
HKG,2004,rl,1.57
HUN,2004,rl,0.85
ISL,2004,rl,1.91
IND,2004,rl,0.05
IDN,2004,rl,-0.73
IRN,2004,rl,-0.67
IRQ,2004,rl,-1.82
IRL,2004,rl,1.51
ISR,2004,rl,0.85
ITA,2004,rl,0.59
JAM,2004,rl,-0.41
JPN,2004,rl,1.25
JOR,2004,rl,0.3
KAZ,2004,rl,-1.13
KEN,2004,rl,-0.86
KIR,2004,rl,0.6
PRK,2004,rl,-1.28
KOR,2004,rl,0.91
KSV,2004,rl,-0.8
KWT,2004,rl,0.51
KGZ,2004,rl,-0.79
LAO,2004,rl,-1.26
LVA,2004,rl,0.54
LBN,2004,rl,-0.2
LSO,2004,rl,-0.13
LBR,2004,rl,-1.56
LBY,2004,rl,-0.91
LIE,2004,rl,1.08
LTU,2004,rl,0.56
LUX,2004,rl,1.84
MAC,2004,rl,1.37
MDG,2004,rl,-0.27
MWI,2004,rl,-0.13
MYS,2004,rl,0.46
MDV,2004,rl,-0.3
MLI,2004,rl,-0.19
MLT,2004,rl,1.31
MHL,2004,rl,0.83
MTQ,2004,rl,0.97
MRT,2004,rl,-0.76
MUS,2004,rl,0.9
MEX,2004,rl,-0.41
FSM,2004,rl,1.01
MDA,2004,rl,-0.37
MCO,2004,rl,0.83
MNG,2004,rl,0.18
MNE,2004,rl,-0.22
MAR,2004,rl,-0.05
MOZ,2004,rl,-0.68
MMR,2004,rl,-1.74
NAM,2004,rl,-0.02
NRU,2004,rl,0.83
NPL,2004,rl,-0.75
NLD,2004,rl,1.74
ANT,2004,rl,0.92
NZL,2004,rl,1.85
NIC,2004,rl,-0.79
NER,2004,rl,-0.65
NGA,2004,rl,-1.44
MKD,2004,rl,-0.19
NOR,2004,rl,1.96
OMN,2004,rl,0.51
PAK,2004,rl,-0.99
PLW,2004,rl,0.83
PAN,2004,rl,-0.11
PNG,2004,rl,-0.76
PRY,2004,rl,-0.98
PER,2004,rl,-0.55
PHL,2004,rl,-0.63
POL,2004,rl,0.42
PRT,2004,rl,1.23
PRI,2004,rl,0.79
QAT,2004,rl,0.34
ROM,2004,rl,-0.19
RUS,2004,rl,-0.92
RWA,2004,rl,-0.85
REU,2004,rl,1.07
WSM,2004,rl,0.99
SMR,2004,rl,0.83
SAU,2004,rl,0.01
SEN,2004,rl,0.02
SRB,2004,rl,-0.74
SYC,2004,rl,0.51
SLE,2004,rl,-1.15
SGP,2004,rl,1.64
SVK,2004,rl,0.46
SVN,2004,rl,0.91
SLB,2004,rl,-0.79
SOM,2004,rl,-2.29
ZAF,2004,rl,0
ESP,2004,rl,1.13
LKA,2004,rl,0.21
KNA,2004,rl,0.87
LCA,2004,rl,0.8
VCT,2004,rl,0.87
SDN,2004,rl,-1.53
SUR,2004,rl,-0.18
SWE,2004,rl,1.87
CHE,2004,rl,1.89
SYR,2004,rl,-0.48
STP,2004,rl,-0.23
TWN,2004,rl,0.98
TJK,2004,rl,-1.18
TZA,2004,rl,-0.39
THA,2004,rl,0.06
TMP,2004,rl,-0.59
TGO,2004,rl,-1.1
TON,2004,rl,0.01
TTO,2004,rl,0.04
TUN,2004,rl,0.05
TKM,2004,rl,-1.63
TUV,2004,rl,0.76
TUR,2004,rl,0.08
UGA,2004,rl,-0.69
UKR,2004,rl,-0.78
ARE,2004,rl,0.43
GBR,2004,rl,1.61
USA,2004,rl,1.42
URY,2004,rl,0.46
UZB,2004,rl,-1.34
VUT,2004,rl,0.46
VEN,2004,rl,-1.26
VNM,2004,rl,-0.6
VIR,2004,rl,1.19
WBG,2004,rl,-0.27
YEM,2004,rl,-1.23
ZMB,2004,rl,-0.48
ZWE,2004,rl,-1.69
AFG,2004,rq,-1.51
ALB,2004,rq,-0.19
DZA,2004,rq,-0.44
ASM,2004,rq,0.5
ADO,2004,rq,1.41
AGO,2004,rq,-1.23
AIA,2004,rq,0.91
ATG,2004,rq,0.58
ARG,2004,rq,-0.7
ARM,2004,rq,0.11
ABW,2004,rq,0.76
AUS,2004,rq,1.71
AUT,2004,rq,1.51
AZE,2004,rq,-0.62
BHS,2004,rq,1.12
BHR,2004,rq,0.7
BGD,2004,rq,-1.18
BRB,2004,rq,1.08
BLR,2004,rq,-1.19
BEL,2004,rq,1.35
BLZ,2004,rq,-0.12
BEN,2004,rq,-0.62
BMU,2004,rq,1.44
BTN,2004,rq,-0.92
BOL,2004,rq,-0.27
BIH,2004,rq,-0.23
BWA,2004,rq,0.76
BRA,2004,rq,0.04
BRN,2004,rq,1.2
BGR,2004,rq,0.71
BFA,2004,rq,-0.33
BDI,2004,rq,-1.19
KHM,2004,rq,-0.46
CMR,2004,rq,-0.72
CAN,2004,rq,1.62
CPV,2004,rq,-0.46
CYM,2004,rq,1.46
CAF,2004,rq,-1.2
TCD,2004,rq,-0.83
CHL,2004,rq,1.37
CHN,2004,rq,-0.35
COL,2004,rq,-0.09
COM,2004,rq,-1.41
ZAR,2004,rq,-1.67
COG,2004,rq,-1.01
CRI,2004,rq,0.55
HRV,2004,rq,0.53
CUB,2004,rq,-1.6
CYP,2004,rq,1.22
CZE,2004,rq,1
CIV,2004,rq,-1.03
DNK,2004,rq,1.75
DJI,2004,rq,-0.74
DMA,2004,rq,0.75
DOM,2004,rq,-0.45
ECU,2004,rq,-0.7
EGY,2004,rq,-0.57
SLV,2004,rq,0
GNQ,2004,rq,-1.56
ERI,2004,rq,-1.59
EST,2004,rq,1.23
SWZ,2004,rq,-0.53
ETH,2004,rq,-0.99
FJI,2004,rq,-0.73
FIN,2004,rq,1.78
FRA,2004,rq,1.22
GUF,2004,rq,0.52
GAB,2004,rq,-0.43
GMB,2004,rq,-0.52
GEO,2004,rq,-0.44
DEU,2004,rq,1.47
GHA,2004,rq,-0.38
GRC,2004,rq,0.84
GRD,2004,rq,0.29
GUM,2004,rq,0.71
GTM,2004,rq,-0.23
GIN,2004,rq,-1.01
GNB,2004,rq,-1.19
GUY,2004,rq,-0.39
HTI,2004,rq,-1.48
HND,2004,rq,-0.43
HKG,2004,rq,1.95
HUN,2004,rq,1.17
ISL,2004,rq,1.61
IND,2004,rq,-0.38
IDN,2004,rq,-0.74
IRN,2004,rq,-1.27
IRQ,2004,rq,-1.65
IRL,2004,rq,1.57
ISR,2004,rq,0.82
ITA,2004,rq,1.08
JAM,2004,rq,0.15
JPN,2004,rq,1.13
JOR,2004,rq,0.29
KAZ,2004,rq,-0.47
KEN,2004,rq,-0.27
KIR,2004,rq,-0.25
PRK,2004,rq,-2.27
KOR,2004,rq,0.79
KWT,2004,rq,0.56
KGZ,2004,rq,-0.39
LAO,2004,rq,-1.3
LVA,2004,rq,0.92
LBN,2004,rq,-0.1
LSO,2004,rq,-0.59
LBR,2004,rq,-1.86
LBY,2004,rq,-1.36
LIE,2004,rq,1.56
LTU,2004,rq,1.06
LUX,2004,rq,1.78
MAC,2004,rq,1.58
MDG,2004,rq,-0.38
MWI,2004,rq,-0.62
MYS,2004,rq,0.46
MDV,2004,rq,-0.02
MLI,2004,rq,-0.53
MLT,2004,rq,1.12
MTQ,2004,rq,0.81
MRT,2004,rq,-0.15
MUS,2004,rq,0.39
MEX,2004,rq,0.41
FSM,2004,rq,0.45
MDA,2004,rq,-0.43
MNG,2004,rq,-0.5
MAR,2004,rq,-0.24
MOZ,2004,rq,-0.49
MMR,2004,rq,-2.35
NAM,2004,rq,0.23
NPL,2004,rq,-0.52
NLD,2004,rq,1.77
ANT,2004,rq,0.64
NZL,2004,rq,1.75
NIC,2004,rq,-0.35
NER,2004,rq,-0.68
NGA,2004,rq,-1.29
MKD,2004,rq,0.02
NOR,2004,rq,1.44
OMN,2004,rq,0.65
PAK,2004,rq,-1.05
PAN,2004,rq,0.26
PNG,2004,rq,-0.8
PRY,2004,rq,-0.75
PER,2004,rq,0.2
PHL,2004,rq,-0.37
POL,2004,rq,0.76
PRT,2004,rq,1.19
PRI,2004,rq,0.86
QAT,2004,rq,0.16
ROM,2004,rq,0.18
RUS,2004,rq,-0.1
RWA,2004,rq,-0.68
REU,2004,rq,1.2
WSM,2004,rq,-0.01
SAU,2004,rq,0.04
SEN,2004,rq,-0.32
SRB,2004,rq,-0.47
SYC,2004,rq,-0.17
SLE,2004,rq,-1.09
SGP,2004,rq,1.76
SVK,2004,rq,1.08
SVN,2004,rq,0.84
SLB,2004,rq,-0.95
SOM,2004,rq,-2.3
ZAF,2004,rq,0.69
ESP,2004,rq,1.31
LKA,2004,rq,-0.08
KNA,2004,rq,0.11
LCA,2004,rq,0.15
VCT,2004,rq,0.14
SDN,2004,rq,-1.2
SUR,2004,rq,-0.65
SWE,2004,rq,1.67
CHE,2004,rq,1.64
SYR,2004,rq,-1.1
STP,2004,rq,-0.93
TWN,2004,rq,1.16
TJK,2004,rq,-1.12
TZA,2004,rq,-0.5
THA,2004,rq,0.22
TMP,2004,rq,-1.15
TGO,2004,rq,-0.86
TON,2004,rq,-0.52
TTO,2004,rq,0.63
TUN,2004,rq,-0.11
TKM,2004,rq,-1.84
TUV,2004,rq,-0.08
TUR,2004,rq,0.03
UGA,2004,rq,-0.11
UKR,2004,rq,-0.35
ARE,2004,rq,0.79
GBR,2004,rq,1.73
USA,2004,rq,1.56
URY,2004,rq,0.3
UZB,2004,rq,-1.58
VUT,2004,rq,0.06
VEN,2004,rq,-1.07
VNM,2004,rq,-0.56
VIR,2004,rq,1.27
WBG,2004,rq,-0.64
YEM,2004,rq,-0.88
ZMB,2004,rq,-0.63
ZWE,2004,rq,-1.97
AFG,2004,va,-1.2
ALB,2004,va,0.01
DZA,2004,va,-0.8
ASM,2004,va,0.5
ADO,2004,va,1.56
AGO,2004,va,-1.29
AIA,2004,va,0.85
ATG,2004,va,0.57
ARG,2004,va,0.36
ARM,2004,va,-0.57
ABW,2004,va,0.74
AUS,2004,va,1.5
AUT,2004,va,1.48
AZE,2004,va,-1.06
BHS,2004,va,0.98
BHR,2004,va,-0.56
BGD,2004,va,-0.67
BRB,2004,va,1.1
BLR,2004,va,-1.6
BEL,2004,va,1.44
BLZ,2004,va,0.74
BEN,2004,va,0.05
BMU,2004,va,1.13
BTN,2004,va,-0.97
BOL,2004,va,-0.17
BIH,2004,va,0.17
BWA,2004,va,0.74
BRA,2004,va,0.39
BRN,2004,va,-0.8
BGR,2004,va,0.57
BFA,2004,va,-0.43
BDI,2004,va,-1.28
KHM,2004,va,-0.87
CMR,2004,va,-0.97
CAN,2004,va,1.67
CPV,2004,va,0.65
CYM,2004,va,0.88
CAF,2004,va,-1.31
TCD,2004,va,-1.23
CHL,2004,va,1.23
CHN,2004,va,-1.46
COL,2004,va,-0.32
COM,2004,va,-0.52
ZAR,2004,va,-1.7
COG,2004,va,-0.96
CRI,2004,va,0.97
HRV,2004,va,0.66
CUB,2004,va,-1.79
CYP,2004,va,0.95
CZE,2004,va,0.95
CIV,2004,va,-1.22
DNK,2004,va,1.8
DJI,2004,va,-0.78
DMA,2004,va,0.99
DOM,2004,va,0.05
ECU,2004,va,-0.24
EGY,2004,va,-0.95
SLV,2004,va,0.02
GNQ,2004,va,-1.64
ERI,2004,va,-1.91
EST,2004,va,1.09
SWZ,2004,va,-1.46
ETH,2004,va,-1.18
FJI,2004,va,-0.04
FIN,2004,va,1.78
FRA,2004,va,1.46
GUF,2004,va,0.5
GAB,2004,va,-0.78
GMB,2004,va,-0.67
GEO,2004,va,-0.08
DEU,2004,va,1.5
GHA,2004,va,0.12
GRC,2004,va,1.19
GRD,2004,va,0.57
GUM,2004,va,0.6
GTM,2004,va,-0.32
GIN,2004,va,-1.27
GNB,2004,va,-0.84
GUY,2004,va,0.07
HTI,2004,va,-1.34
HND,2004,va,-0.34
HKG,2004,va,0.56
HUN,2004,va,1.15
ISL,2004,va,1.63
IND,2004,va,0.4
IDN,2004,va,-0.26
IRN,2004,va,-1.23
IRQ,2004,va,-1.64
IRL,2004,va,1.48
ISR,2004,va,0.66
ITA,2004,va,1.18
JAM,2004,va,0.4
JPN,2004,va,1.04
JOR,2004,va,-0.55
KAZ,2004,va,-1.13
KEN,2004,va,-0.21
KIR,2004,va,0.41
PRK,2004,va,-2.07
KOR,2004,va,0.73
KSV,2004,va,-0.36
KWT,2004,va,-0.3
KGZ,2004,va,-1.02
LAO,2004,va,-1.55
LVA,2004,va,0.7
LBN,2004,va,-0.41
LSO,2004,va,-0.15
LBR,2004,va,-1.29
LBY,2004,va,-1.8
LIE,2004,va,1.45
LTU,2004,va,0.88
LUX,2004,va,1.67
MAC,2004,va,0.13
MDG,2004,va,0.01
MWI,2004,va,-0.54
MYS,2004,va,-0.24
MDV,2004,va,-1.19
MLI,2004,va,0.25
MLT,2004,va,1.37
MHL,2004,va,1.2
MTQ,2004,va,0.78
MRT,2004,va,-1.13
MUS,2004,va,0.84
MEX,2004,va,0.32
FSM,2004,va,0.79
MDA,2004,va,-0.59
MCO,2004,va,0.93
MNG,2004,va,0.27
MNE,2004,va,0.11
MAR,2004,va,-0.51
MOZ,2004,va,-0.03
MMR,2004,va,-2.12
NAM,2004,va,0.27
NRU,2004,va,1.07
NPL,2004,va,-1.13
NLD,2004,va,1.7
ANT,2004,va,0.5
NZL,2004,va,1.65
NIC,2004,va,-0.02
NER,2004,va,-0.19
NGA,2004,va,-0.8
MKD,2004,va,-0.16
NOR,2004,va,1.7
OMN,2004,va,-0.66
PAK,2004,va,-1.14
PLW,2004,va,1.2
PAN,2004,va,0.52
PNG,2004,va,-0.42
PRY,2004,va,-0.47
PER,2004,va,-0.13
PHL,2004,va,0.03
POL,2004,va,1.02
PRT,2004,va,1.46
PRI,2004,va,0.87
QAT,2004,va,-0.43
ROM,2004,va,0.37
RUS,2004,va,-0.57
RWA,2004,va,-1.35
REU,2004,va,1.21
WSM,2004,va,0.68
SMR,2004,va,1.17
SAU,2004,va,-1.32
SEN,2004,va,0.17
SRB,2004,va,-0.18
SYC,2004,va,0.32
SLE,2004,va,-0.31
SGP,2004,va,0.08
SVK,2004,va,0.95
SVN,2004,va,1.11
SLB,2004,va,-0.35
SOM,2004,va,-1.81
ZAF,2004,va,0.72
ESP,2004,va,1.32
LKA,2004,va,-0.16
KNA,2004,va,0.4
LCA,2004,va,0.61
VCT,2004,va,0.68
SDN,2004,va,-1.67
SUR,2004,va,0.11
SWE,2004,va,1.74
CHE,2004,va,1.69
SYR,2004,va,-1.51
STP,2004,va,0.11
TWN,2004,va,0.94
TJK,2004,va,-1.22
TZA,2004,va,-0.53
THA,2004,va,0.13
TMP,2004,va,-0.09
TGO,2004,va,-1.23
TON,2004,va,-0.19
TTO,2004,va,0.57
TUN,2004,va,-0.87
TKM,2004,va,-1.98
TUV,2004,va,0.46
TUR,2004,va,0.01
UGA,2004,va,-0.72
UKR,2004,va,-0.67
ARE,2004,va,-0.69
GBR,2004,va,1.6
USA,2004,va,1.33
URY,2004,va,0.84
UZB,2004,va,-1.78
VUT,2004,va,0.28
VEN,2004,va,-0.6
VNM,2004,va,-1.34
VIR,2004,va,0.76
WBG,2004,va,-0.68
YEM,2004,va,-0.97
ZMB,2004,va,-0.44
ZWE,2004,va,-1.55
AFG,2005,cc,-1.45
ALB,2005,cc,-0.81
DZA,2005,cc,-0.47
ASM,2005,cc,0.79
ADO,2005,cc,1.27
AGO,2005,cc,-1.32
AIA,2005,cc,1.27
ATG,2005,cc,0.74
ARG,2005,cc,-0.38
ARM,2005,cc,-0.68
ABW,2005,cc,1.27
AUS,2005,cc,1.94
AUT,2005,cc,1.91
AZE,2005,cc,-1.05
BHS,2005,cc,1.33
BHR,2005,cc,0.38
BGD,2005,cc,-1.41
BRB,2005,cc,1.41
BLR,2005,cc,-0.72
BEL,2005,cc,1.38
BLZ,2005,cc,-0.2
BEN,2005,cc,-0.87
BMU,2005,cc,1.27
BTN,2005,cc,0.87
BOL,2005,cc,-0.74
BIH,2005,cc,-0.23
BWA,2005,cc,1.16
BRA,2005,cc,-0.15
BRN,2005,cc,0.24
BGR,2005,cc,0.02
BFA,2005,cc,-0.11
BDI,2005,cc,-0.96
KHM,2005,cc,-1.22
CMR,2005,cc,-1.2
CAN,2005,cc,1.87
CPV,2005,cc,0.59
CYM,2005,cc,1.27
CAF,2005,cc,-1.3
TCD,2005,cc,-1.53
CHL,2005,cc,1.42
CHN,2005,cc,-0.62
COL,2005,cc,-0.15
COM,2005,cc,-0.89
ZAR,2005,cc,-1.44
COG,2005,cc,-1.06
COK,2005,cc,0.56
CRI,2005,cc,0.37
HRV,2005,cc,0.14
CUB,2005,cc,0.27
CYP,2005,cc,0.9
CZE,2005,cc,0.48
CIV,2005,cc,-1.25
DNK,2005,cc,2.28
DJI,2005,cc,-0.71
DMA,2005,cc,0.74
DOM,2005,cc,-0.71
ECU,2005,cc,-0.74
EGY,2005,cc,-0.54
SLV,2005,cc,-0.51
GNQ,2005,cc,-1.43
ERI,2005,cc,-0.32
EST,2005,cc,0.99
SWZ,2005,cc,-0.28
ETH,2005,cc,-0.77
FJI,2005,cc,-0.22
FIN,2005,cc,2.31
FRA,2005,cc,1.36
GUF,2005,cc,0.79
GAB,2005,cc,-0.66
GMB,2005,cc,-0.69
GEO,2005,cc,-0.21
DEU,2005,cc,1.88
GHA,2005,cc,-0.37
GRC,2005,cc,0.35
GRD,2005,cc,0.74
GUM,2005,cc,0.79
GTM,2005,cc,-0.68
GIN,2005,cc,-1.07
GNB,2005,cc,-1.17
GUY,2005,cc,-0.56
HTI,2005,cc,-1.39
HND,2005,cc,-0.82
HKG,2005,cc,1.77
HUN,2005,cc,0.63
ISL,2005,cc,2.3
IND,2005,cc,-0.36
IDN,2005,cc,-0.91
IRN,2005,cc,-0.48
IRQ,2005,cc,-1.38
IRL,2005,cc,1.58
ISR,2005,cc,0.82
ITA,2005,cc,0.4
JAM,2005,cc,-0.34
JPN,2005,cc,1.21
JOR,2005,cc,0.28
KAZ,2005,cc,-1.01
KEN,2005,cc,-1.01
KIR,2005,cc,0.26
PRK,2005,cc,-1.28
KOR,2005,cc,0.59
KSV,2005,cc,-0.53
KWT,2005,cc,0.5
KGZ,2005,cc,-1.27
LAO,2005,cc,-1.32
LVA,2005,cc,0.37
LBN,2005,cc,-0.53
LSO,2005,cc,0.06
LBR,2005,cc,-1.2
LBY,2005,cc,-0.97
LIE,2005,cc,1.27
LTU,2005,cc,0.31
LUX,2005,cc,1.65
MAC,2005,cc,0.51
MDG,2005,cc,-0.06
MWI,2005,cc,-0.72
MYS,2005,cc,0.17
MDV,2005,cc,-0.43
MLI,2005,cc,-0.5
MLT,2005,cc,0.82
MHL,2005,cc,-0.32
MTQ,2005,cc,0.79
MRT,2005,cc,-0.54
MUS,2005,cc,0.22
MEX,2005,cc,-0.34
FSM,2005,cc,-0.12
MDA,2005,cc,-0.67
MNG,2005,cc,-0.6
MNE,2005,cc,-0.35
MAR,2005,cc,-0.43
MOZ,2005,cc,-0.53
MMR,2005,cc,-1.54
NAM,2005,cc,0.15
NPL,2005,cc,-0.74
NLD,2005,cc,1.96
ANT,2005,cc,1.27
NZL,2005,cc,2.19
NIC,2005,cc,-0.62
NER,2005,cc,-0.72
NGA,2005,cc,-1.18
MKD,2005,cc,-0.49
NOR,2005,cc,2
OMN,2005,cc,0.39
PAK,2005,cc,-1.06
PAN,2005,cc,-0.39
PNG,2005,cc,-1.15
PRY,2005,cc,-1.36
PER,2005,cc,-0.37
PHL,2005,cc,-0.66
POL,2005,cc,0.25
PRT,2005,cc,1.06
PRI,2005,cc,1.27
QAT,2005,cc,0.71
ROM,2005,cc,-0.26
RUS,2005,cc,-0.85
RWA,2005,cc,-0.63
REU,2005,cc,0.79
WSM,2005,cc,0.22
SAU,2005,cc,-0.1
SEN,2005,cc,-0.04
SRB,2005,cc,-0.41
SYC,2005,cc,0.37
SLE,2005,cc,-1.09
SGP,2005,cc,2.16
SVK,2005,cc,0.45
SVN,2005,cc,0.9
SLB,2005,cc,0.09
SOM,2005,cc,-1.68
ZAF,2005,cc,0.48
ESP,2005,cc,1.33
LKA,2005,cc,-0.34
KNA,2005,cc,1.18
LCA,2005,cc,1.22
VCT,2005,cc,1.08
SDN,2005,cc,-1.39
SUR,2005,cc,0.22
SWE,2005,cc,2.01
CHE,2005,cc,2.01
SYR,2005,cc,-0.85
STP,2005,cc,-0.54
TWN,2005,cc,0.74
TJK,2005,cc,-1.18
TZA,2005,cc,-0.61
THA,2005,cc,-0.21
TMP,2005,cc,-0.57
TGO,2005,cc,-0.87
TON,2005,cc,-1.35
TTO,2005,cc,0.02
TUN,2005,cc,-0.08
TKM,2005,cc,-1.35
TUV,2005,cc,-0.12
TUR,2005,cc,-0.04
UGA,2005,cc,-0.83
UKR,2005,cc,-0.74
ARE,2005,cc,0.99
GBR,2005,cc,1.89
USA,2005,cc,1.54
URY,2005,cc,1.08
UZB,2005,cc,-1.23
VUT,2005,cc,0.29
VEN,2005,cc,-1.03
VNM,2005,cc,-0.73
VIR,2005,cc,0.79
WBG,2005,cc,-0.5
YEM,2005,cc,-0.9
ZMB,2005,cc,-0.59
ZWE,2005,cc,-1.31
AFG,2005,ge,-1.23
ALB,2005,ge,-0.7
DZA,2005,ge,-0.45
ASM,2005,ge,0.22
ADO,2005,ge,1.29
AGO,2005,ge,-1.11
AIA,2005,ge,1.55
ATG,2005,ge,0.45
ARG,2005,ge,-0.1
ARM,2005,ge,-0.14
ABW,2005,ge,1.29
AUS,2005,ge,1.75
AUT,2005,ge,1.68
AZE,2005,ge,-0.74
BHS,2005,ge,1.21
BHR,2005,ge,0.38
BGD,2005,ge,-0.92
BRB,2005,ge,1.29
BLR,2005,ge,-1.14
BEL,2005,ge,1.71
BLZ,2005,ge,0.15
BEN,2005,ge,-0.65
BMU,2005,ge,1.02
BTN,2005,ge,0.36
BOL,2005,ge,-0.7
BIH,2005,ge,-0.76
BWA,2005,ge,0.58
BRA,2005,ge,-0.16
BRN,2005,ge,0.59
BGR,2005,ge,0.13
BFA,2005,ge,-0.6
BDI,2005,ge,-1.24
KHM,2005,ge,-1
CMR,2005,ge,-0.93
CAN,2005,ge,1.88
CPV,2005,ge,-0.24
CYM,2005,ge,1.29
CAF,2005,ge,-1.58
TCD,2005,ge,-1.4
CHL,2005,ge,1.16
CHN,2005,ge,-0.14
COL,2005,ge,-0.2
COM,2005,ge,-1.61
ZAR,2005,ge,-1.57
COG,2005,ge,-1.28
COK,2005,ge,0.92
CRI,2005,ge,0.15
HRV,2005,ge,0.46
CUB,2005,ge,-0.54
CYP,2005,ge,1.15
CZE,2005,ge,0.91
CIV,2005,ge,-1.35
DNK,2005,ge,2.11
DJI,2005,ge,-0.82
DMA,2005,ge,0.57
DOM,2005,ge,-0.52
ECU,2005,ge,-0.97
EGY,2005,ge,-0.4
SLV,2005,ge,-0.45
GNQ,2005,ge,-1.19
ERI,2005,ge,-0.98
EST,2005,ge,0.94
SWZ,2005,ge,-0.95
ETH,2005,ge,-0.92
FJI,2005,ge,-0.04
FIN,2005,ge,2.12
FRA,2005,ge,1.67
GUF,2005,ge,0.76
GAB,2005,ge,-0.84
GMB,2005,ge,-0.72
GEO,2005,ge,-0.43
DEU,2005,ge,1.5
GHA,2005,ge,-0.21
GRC,2005,ge,0.71
GRD,2005,ge,0.39
GUM,2005,ge,0.22
GTM,2005,ge,-0.8
GIN,2005,ge,-1.07
GNB,2005,ge,-1.37
GUY,2005,ge,-0.5
HTI,2005,ge,-1.34
HND,2005,ge,-0.68
HKG,2005,ge,1.61
HUN,2005,ge,0.75
ISL,2005,ge,1.97
IND,2005,ge,-0.1
IDN,2005,ge,-0.5
IRN,2005,ge,-0.66
IRQ,2005,ge,-1.64
IRL,2005,ge,1.73
ISR,2005,ge,1.04
ITA,2005,ge,0.56
JAM,2005,ge,-0.17
JPN,2005,ge,1.29
JOR,2005,ge,-0.01
KAZ,2005,ge,-0.67
KEN,2005,ge,-0.71
KIR,2005,ge,-0.46
PRK,2005,ge,-1.73
KOR,2005,ge,0.92
KWT,2005,ge,0.16
KGZ,2005,ge,-0.88
LAO,2005,ge,-1.21
LVA,2005,ge,0.53
LBN,2005,ge,-0.12
LSO,2005,ge,-0.17
LBR,2005,ge,-1.42
LBY,2005,ge,-1.05
LIE,2005,ge,1.55
LTU,2005,ge,0.76
LUX,2005,ge,1.77
MAC,2005,ge,1.29
MDG,2005,ge,-0.38
MWI,2005,ge,-0.83
MYS,2005,ge,1.04
MDV,2005,ge,0.24
MLI,2005,ge,-0.72
MLT,2005,ge,0.82
MHL,2005,ge,-0.68
MTQ,2005,ge,0.76
MRT,2005,ge,-0.32
MUS,2005,ge,0.62
MEX,2005,ge,0.03
FSM,2005,ge,0.11
MDA,2005,ge,-0.75
MNG,2005,ge,-0.37
MNE,2005,ge,0.33
MAR,2005,ge,-0.4
MOZ,2005,ge,-0.54
MMR,2005,ge,-1.54
NAM,2005,ge,0.07
NPL,2005,ge,-0.86
NLD,2005,ge,1.94
ANT,2005,ge,1.02
NZL,2005,ge,1.74
NIC,2005,ge,-0.83
NER,2005,ge,-0.79
NGA,2005,ge,-0.9
MKD,2005,ge,-0.33
NOR,2005,ge,1.86
OMN,2005,ge,0.31
PAK,2005,ge,-0.46
PAN,2005,ge,0.07
PNG,2005,ge,-0.89
PRY,2005,ge,-0.78
PER,2005,ge,-0.7
PHL,2005,ge,-0.02
POL,2005,ge,0.45
PRT,2005,ge,1.05
PRI,2005,ge,1.02
QAT,2005,ge,0.4
ROM,2005,ge,-0.29
RUS,2005,ge,-0.53
RWA,2005,ge,-0.9
REU,2005,ge,1.02
WSM,2005,ge,0.5
SAU,2005,ge,-0.39
SEN,2005,ge,-0.25
SRB,2005,ge,-0.36
SYC,2005,ge,0.46
SLE,2005,ge,-1.34
SGP,2005,ge,2
SVK,2005,ge,0.88
SVN,2005,ge,0.89
SLB,2005,ge,-0.64
SOM,2005,ge,-2.13
ZAF,2005,ge,0.57
ESP,2005,ge,1.5
LKA,2005,ge,-0.31
KNA,2005,ge,1.19
LCA,2005,ge,1.09
VCT,2005,ge,1.05
SDN,2005,ge,-1.41
SUR,2005,ge,-0.06
SWE,2005,ge,1.89
CHE,2005,ge,1.85
SYR,2005,ge,-1.15
STP,2005,ge,-0.72
TWN,2005,ge,0.94
TJK,2005,ge,-1.16
TZA,2005,ge,-0.44
THA,2005,ge,0.34
TMP,2005,ge,-1
TGO,2005,ge,-1.46
TON,2005,ge,-0.52
TTO,2005,ge,0.19
TUN,2005,ge,0.34
TKM,2005,ge,-1.57
TUV,2005,ge,0.02
TUR,2005,ge,0.14
UGA,2005,ge,-0.57
UKR,2005,ge,-0.67
ARE,2005,ge,0.72
GBR,2005,ge,1.76
USA,2005,ge,1.53
URY,2005,ge,0.49
UZB,2005,ge,-1.22
VUT,2005,ge,-0.26
VEN,2005,ge,-0.92
VNM,2005,ge,-0.23
VIR,2005,ge,1.29
WBG,2005,ge,-1.06
YEM,2005,ge,-0.92
ZMB,2005,ge,-0.94
ZWE,2005,ge,-1.36
AFG,2005,pv,-2.07
ALB,2005,pv,-0.51
DZA,2005,pv,-0.91
ASM,2005,pv,0.75
ADO,2005,pv,1.38
AGO,2005,pv,-0.89
AIA,2005,pv,1.19
ATG,2005,pv,0.83
ARG,2005,pv,-0.04
ARM,2005,pv,-0.07
ABW,2005,pv,1.38
AUS,2005,pv,0.89
AUT,2005,pv,1.1
AZE,2005,pv,-1.12
BHS,2005,pv,0.94
BHR,2005,pv,0.01
BGD,2005,pv,-1.86
BRB,2005,pv,1.11
BLR,2005,pv,0.36
BEL,2005,pv,0.79
BLZ,2005,pv,0.1
BEN,2005,pv,0.45
BMU,2005,pv,0.82
BTN,2005,pv,1.28
BOL,2005,pv,-0.97
BIH,2005,pv,-0.5
BWA,2005,pv,1.06
BRA,2005,pv,-0.26
BRN,2005,pv,1.21
BGR,2005,pv,0.15
BFA,2005,pv,-0.06
BDI,2005,pv,-1.52
KHM,2005,pv,-0.39
CMR,2005,pv,-0.18
CAN,2005,pv,0.83
CPV,2005,pv,0.75
CYM,2005,pv,1.19
CAF,2005,pv,-1.43
TCD,2005,pv,-1.44
CHL,2005,pv,0.84
CHN,2005,pv,-0.5
COL,2005,pv,-2.06
COM,2005,pv,-0.44
ZAR,2005,pv,-2.13
COG,2005,pv,-1.17
CRI,2005,pv,0.71
HRV,2005,pv,0.43
CUB,2005,pv,0.42
CYP,2005,pv,0.52
CZE,2005,pv,0.94
CIV,2005,pv,-2.26
DNK,2005,pv,1.07
DJI,2005,pv,-0.81
DMA,2005,pv,0.83
DOM,2005,pv,-0.26
ECU,2005,pv,-0.79
EGY,2005,pv,-0.63
SLV,2005,pv,-0.03
GNQ,2005,pv,-0.39
ERI,2005,pv,-0.8
EST,2005,pv,0.61
SWZ,2005,pv,-0.39
ETH,2005,pv,-1.69
FJI,2005,pv,0.39
FIN,2005,pv,1.59
FRA,2005,pv,0.4
GUF,2005,pv,0.21
GAB,2005,pv,0.33
GMB,2005,pv,0.2
GEO,2005,pv,-0.76
DEU,2005,pv,0.89
GHA,2005,pv,0.17
GRC,2005,pv,0.51
GRD,2005,pv,0.42
GUM,2005,pv,0.75
GTM,2005,pv,-0.84
GIN,2005,pv,-1.15
GNB,2005,pv,-0.56
GUY,2005,pv,-0.45
HTI,2005,pv,-1.8
HND,2005,pv,-0.62
HKG,2005,pv,1.34
HUN,2005,pv,1
ISL,2005,pv,1.44
IND,2005,pv,-1.01
IDN,2005,pv,-1.52
IRN,2005,pv,-0.78
IRQ,2005,pv,-2.69
IRL,2005,pv,1.3
ISR,2005,pv,-1.25
ITA,2005,pv,0.49
JAM,2005,pv,-0.3
JPN,2005,pv,1.04
JOR,2005,pv,-0.13
KAZ,2005,pv,0.19
KEN,2005,pv,-1.25
KIR,2005,pv,1.38
PRK,2005,pv,0.02
KOR,2005,pv,0.49
KWT,2005,pv,0.25
KGZ,2005,pv,-1.17
LAO,2005,pv,-0.49
LVA,2005,pv,0.81
LBN,2005,pv,-1
LSO,2005,pv,0
LBR,2005,pv,-1.36
LBY,2005,pv,0.45
LIE,2005,pv,1.38
LTU,2005,pv,0.78
LUX,2005,pv,1.33
MAC,2005,pv,1.29
MDG,2005,pv,-0.02
MWI,2005,pv,0.11
MYS,2005,pv,0.57
MDV,2005,pv,0.81
MLI,2005,pv,0.17
MLT,2005,pv,1.38
MHL,2005,pv,1.07
MTQ,2005,pv,1.19
MRT,2005,pv,-0.22
MUS,2005,pv,1.03
MEX,2005,pv,-0.45
FSM,2005,pv,1.13
MDA,2005,pv,-0.4
MCO,2005,pv,1.03
MNG,2005,pv,0.88
MAR,2005,pv,-0.56
MOZ,2005,pv,0.13
MMR,2005,pv,-0.9
NAM,2005,pv,0.63
NRU,2005,pv,1.07
NPL,2005,pv,-2.1
NLD,2005,pv,0.99
ANT,2005,pv,0.82
NZL,2005,pv,1.25
NIC,2005,pv,-0.34
NER,2005,pv,-0.49
NGA,2005,pv,-1.67
MKD,2005,pv,-1.16
NOR,2005,pv,1.3
OMN,2005,pv,0.95
PAK,2005,pv,-1.75
PLW,2005,pv,1.07
PAN,2005,pv,-0.16
PNG,2005,pv,-0.92
PRY,2005,pv,-0.65
PER,2005,pv,-0.98
PHL,2005,pv,-1.18
POL,2005,pv,0.36
PRT,2005,pv,1.02
PRI,2005,pv,0.45
QAT,2005,pv,1.03
ROM,2005,pv,0.09
RUS,2005,pv,-1.27
RWA,2005,pv,-1
REU,2005,pv,0.48
WSM,2005,pv,1.13
SMR,2005,pv,1.07
SAU,2005,pv,-0.24
SEN,2005,pv,-0.2
SRB,2005,pv,-0.76
SYC,2005,pv,0.93
SLE,2005,pv,-0.48
SGP,2005,pv,1.15
SVK,2005,pv,0.9
SVN,2005,pv,1.09
SLB,2005,pv,-0.02
SOM,2005,pv,-2.71
ZAF,2005,pv,-0.16
ESP,2005,pv,0.19
LKA,2005,pv,-1.15
KNA,2005,pv,1.28
LCA,2005,pv,1
VCT,2005,pv,1.15
SDN,2005,pv,-1.97
SUR,2005,pv,0.23
SWE,2005,pv,1.3
CHE,2005,pv,1.2
SYR,2005,pv,-0.46
STP,2005,pv,0.58
TWN,2005,pv,0.67
TJK,2005,pv,-1.39
TZA,2005,pv,-0.58
THA,2005,pv,-0.87
TMP,2005,pv,-0.71
TGO,2005,pv,-1.44
TON,2005,pv,0.68
TTO,2005,pv,-0.12
TUN,2005,pv,0.02
TKM,2005,pv,0.07
TUV,2005,pv,1.38
TUR,2005,pv,-0.6
UGA,2005,pv,-1.42
UKR,2005,pv,-0.29
ARE,2005,pv,0.88
GBR,2005,pv,0.12
USA,2005,pv,-0.06
URY,2005,pv,0.78
UZB,2005,pv,-1.96
VUT,2005,pv,1.38
VEN,2005,pv,-1.24
VNM,2005,pv,0.48
VIR,2005,pv,0.44
WBG,2005,pv,-1.54
YEM,2005,pv,-1.44
ZMB,2005,pv,0.11
ZWE,2005,pv,-1.27
AFG,2005,rl,-1.66
ALB,2005,rl,-0.76
DZA,2005,rl,-0.77
ASM,2005,rl,1.11
ADO,2005,rl,0.97
AGO,2005,rl,-1.46
AIA,2005,rl,1.63
ATG,2005,rl,0.66
ARG,2005,rl,-0.56
ARM,2005,rl,-0.39
ABW,2005,rl,0.85
AUS,2005,rl,1.71
AUT,2005,rl,1.85
AZE,2005,rl,-0.79
BHS,2005,rl,1.37
BHR,2005,rl,0.6
BGD,2005,rl,-0.98
BRB,2005,rl,1.33
BLR,2005,rl,-1.16
BEL,2005,rl,1.26
BLZ,2005,rl,-0.05
BEN,2005,rl,-0.53
BMU,2005,rl,0.85
BTN,2005,rl,0.33
BOL,2005,rl,-0.77
BIH,2005,rl,-0.52
BWA,2005,rl,0.54
BRA,2005,rl,-0.48
BRN,2005,rl,0.23
BGR,2005,rl,-0.11
BFA,2005,rl,-0.5
BDI,2005,rl,-1.13
KHM,2005,rl,-1.24
CMR,2005,rl,-1.19
CAN,2005,rl,1.65
CPV,2005,rl,0.37
CYM,2005,rl,0.85
CAF,2005,rl,-1.45
TCD,2005,rl,-1.5
CHL,2005,rl,1.21
CHN,2005,rl,-0.65
COL,2005,rl,-0.63
COM,2005,rl,-1.04
ZAR,2005,rl,-1.54
COG,2005,rl,-1.47
COK,2005,rl,1.12
CRI,2005,rl,0.5
HRV,2005,rl,0.08
CUB,2005,rl,-1.09
CYP,2005,rl,0.88
CZE,2005,rl,0.86
CIV,2005,rl,-1.54
DNK,2005,rl,1.94
DJI,2005,rl,-0.95
DMA,2005,rl,0.68
DOM,2005,rl,-0.69
ECU,2005,rl,-0.82
EGY,2005,rl,0
SLV,2005,rl,-0.51
GNQ,2005,rl,-1.24
ERI,2005,rl,-0.98
EST,2005,rl,0.9
SWZ,2005,rl,-0.88
ETH,2005,rl,-0.94
FJI,2005,rl,0.1
FIN,2005,rl,1.95
FRA,2005,rl,1.41
GUF,2005,rl,0.85
GAB,2005,rl,-0.4
GMB,2005,rl,-0.46
GEO,2005,rl,-0.7
DEU,2005,rl,1.65
GHA,2005,rl,-0.13
GRC,2005,rl,0.78
GRD,2005,rl,0.38
GUM,2005,rl,1.11
GTM,2005,rl,-1.05
GIN,2005,rl,-1.42
GNB,2005,rl,-1.26
GUY,2005,rl,-0.66
HTI,2005,rl,-1.66
HND,2005,rl,-0.77
HKG,2005,rl,1.6
HUN,2005,rl,0.84
ISL,2005,rl,1.94
IND,2005,rl,0.13
IDN,2005,rl,-0.8
IRN,2005,rl,-0.87
IRQ,2005,rl,-1.72
IRL,2005,rl,1.58
ISR,2005,rl,0.81
ITA,2005,rl,0.51
JAM,2005,rl,-0.41
JPN,2005,rl,1.22
JOR,2005,rl,0.3
KAZ,2005,rl,-0.95
KEN,2005,rl,-0.88
KIR,2005,rl,0.75
PRK,2005,rl,-1.14
KOR,2005,rl,0.97
KSV,2005,rl,-0.82
KWT,2005,rl,0.53
KGZ,2005,rl,-1.12
LAO,2005,rl,-1.17
LVA,2005,rl,0.57
LBN,2005,rl,-0.23
LSO,2005,rl,-0.19
LBR,2005,rl,-1.32
LBY,2005,rl,-0.98
LIE,2005,rl,0.97
LTU,2005,rl,0.58
LUX,2005,rl,1.82
MAC,2005,rl,0.72
MDG,2005,rl,-0.35
MWI,2005,rl,-0.12
MYS,2005,rl,0.43
MDV,2005,rl,0.09
MLI,2005,rl,-0.14
MLT,2005,rl,1.42
MHL,2005,rl,0.5
MTQ,2005,rl,0.85
MRT,2005,rl,-0.73
MUS,2005,rl,0.94
MEX,2005,rl,-0.38
FSM,2005,rl,1.13
MDA,2005,rl,-0.35
MCO,2005,rl,0.78
MNG,2005,rl,-0.22
MNE,2005,rl,-0.14
MAR,2005,rl,-0.27
MOZ,2005,rl,-0.63
MMR,2005,rl,-1.74
NAM,2005,rl,-0.07
NRU,2005,rl,0.78
NPL,2005,rl,-0.83
NLD,2005,rl,1.75
ANT,2005,rl,0.85
NZL,2005,rl,1.85
NIC,2005,rl,-0.61
NER,2005,rl,-0.72
NGA,2005,rl,-1.35
MKD,2005,rl,-0.3
NOR,2005,rl,1.91
OMN,2005,rl,0.31
PAK,2005,rl,-0.89
PLW,2005,rl,0.78
PAN,2005,rl,-0.1
PNG,2005,rl,-1.01
PRY,2005,rl,-0.96
PER,2005,rl,-0.7
PHL,2005,rl,-0.33
POL,2005,rl,0.47
PRT,2005,rl,1.22
PRI,2005,rl,0.59
QAT,2005,rl,0.58
ROM,2005,rl,-0.15
RUS,2005,rl,-0.96
RWA,2005,rl,-0.86
REU,2005,rl,1.11
WSM,2005,rl,1.11
SMR,2005,rl,0.78
SAU,2005,rl,-0.02
SEN,2005,rl,0.01
SRB,2005,rl,-0.95
SYC,2005,rl,0.4
SLE,2005,rl,-1.15
SGP,2005,rl,1.7
SVK,2005,rl,0.49
SVN,2005,rl,0.88
SLB,2005,rl,-0.81
SOM,2005,rl,-2.22
ZAF,2005,rl,-0.01
ESP,2005,rl,1.12
LKA,2005,rl,0.16
KNA,2005,rl,0.87
LCA,2005,rl,0.83
VCT,2005,rl,0.83
SDN,2005,rl,-1.65
SUR,2005,rl,-0.14
SWE,2005,rl,1.8
CHE,2005,rl,1.9
SYR,2005,rl,-0.59
STP,2005,rl,-0.53
TWN,2005,rl,1.02
TJK,2005,rl,-1.1
TZA,2005,rl,-0.29
THA,2005,rl,-0.01
TMP,2005,rl,-0.51
TGO,2005,rl,-1.06
TON,2005,rl,0.56
TTO,2005,rl,-0.01
TUN,2005,rl,-0.04
TKM,2005,rl,-1.61
TUV,2005,rl,1.26
TUR,2005,rl,0.12
UGA,2005,rl,-0.54
UKR,2005,rl,-0.8
ARE,2005,rl,0.39
GBR,2005,rl,1.56
USA,2005,rl,1.53
URY,2005,rl,0.46
UZB,2005,rl,-1.48
VUT,2005,rl,0.52
VEN,2005,rl,-1.26
VNM,2005,rl,-0.32
VIR,2005,rl,1.11
WBG,2005,rl,-0.34
YEM,2005,rl,-1.27
ZMB,2005,rl,-0.52
ZWE,2005,rl,-1.83
AFG,2005,rq,-1.64
ALB,2005,rq,-0.4
DZA,2005,rq,-0.34
ASM,2005,rq,0.37
ADO,2005,rq,1.36
AGO,2005,rq,-1.24
AIA,2005,rq,1.11
ATG,2005,rq,0.58
ARG,2005,rq,-0.53
ARM,2005,rq,0.09
ABW,2005,rq,0.86
AUS,2005,rq,1.6
AUT,2005,rq,1.6
AZE,2005,rq,-0.58
BHS,2005,rq,1.1
BHR,2005,rq,0.66
BGD,2005,rq,-1.08
BRB,2005,rq,1.15
BLR,2005,rq,-1.44
BEL,2005,rq,1.27
BLZ,2005,rq,0.07
BEN,2005,rq,-0.64
BMU,2005,rq,1.36
BTN,2005,rq,-0.29
BOL,2005,rq,-0.69
BIH,2005,rq,-0.58
BWA,2005,rq,0.72
BRA,2005,rq,0.04
BRN,2005,rq,0.91
BGR,2005,rq,0.66
BFA,2005,rq,-0.46
BDI,2005,rq,-1.34
KHM,2005,rq,-0.53
CMR,2005,rq,-0.91
CAN,2005,rq,1.57
CPV,2005,rq,-0.37
CYM,2005,rq,1.36
CAF,2005,rq,-1.32
TCD,2005,rq,-1.2
CHL,2005,rq,1.31
CHN,2005,rq,-0.18
COL,2005,rq,-0.02
COM,2005,rq,-1.55
ZAR,2005,rq,-1.61
COG,2005,rq,-1.3
COK,2005,rq,0.56
CRI,2005,rq,0.59
HRV,2005,rq,0.48
CUB,2005,rq,-1.32
CYP,2005,rq,1.22
CZE,2005,rq,1.11
CIV,2005,rq,-0.96
DNK,2005,rq,1.65
DJI,2005,rq,-0.85
DMA,2005,rq,0.8
DOM,2005,rq,-0.39
ECU,2005,rq,-0.78
EGY,2005,rq,-0.45
SLV,2005,rq,-0.26
GNQ,2005,rq,-1.47
ERI,2005,rq,-1.71
EST,2005,rq,1.25
SWZ,2005,rq,-0.43
ETH,2005,rq,-1.12
FJI,2005,rq,-0.4
FIN,2005,rq,1.66
FRA,2005,rq,1.24
GUF,2005,rq,0.86
GAB,2005,rq,-0.06
GMB,2005,rq,-0.61
GEO,2005,rq,-0.6
DEU,2005,rq,1.52
GHA,2005,rq,-0.18
GRC,2005,rq,0.96
GRD,2005,rq,0.36
GUM,2005,rq,0.62
GTM,2005,rq,-0.5
GIN,2005,rq,-1.04
GNB,2005,rq,-1.12
GUY,2005,rq,-0.5
HTI,2005,rq,-1.22
HND,2005,rq,-0.63
HKG,2005,rq,1.79
HUN,2005,rq,1.05
ISL,2005,rq,1.6
IND,2005,rq,-0.29
IDN,2005,rq,-0.65
IRN,2005,rq,-1.17
IRQ,2005,rq,-1.54
IRL,2005,rq,1.49
ISR,2005,rq,0.86
ITA,2005,rq,1
JAM,2005,rq,0.17
JPN,2005,rq,1.26
JOR,2005,rq,0.08
KAZ,2005,rq,-0.28
KEN,2005,rq,-0.29
KIR,2005,rq,-0.94
PRK,2005,rq,-2.28
KOR,2005,rq,0.81
KWT,2005,rq,0.47
KGZ,2005,rq,-1.01
LAO,2005,rq,-1.34
LVA,2005,rq,0.87
LBN,2005,rq,-0.18
LSO,2005,rq,-0.63
LBR,2005,rq,-1.59
LBY,2005,rq,-1.49
LIE,2005,rq,1.61
LTU,2005,rq,0.94
LUX,2005,rq,1.64
MAC,2005,rq,1.11
MDG,2005,rq,-0.29
MWI,2005,rq,-0.51
MYS,2005,rq,0.63
MDV,2005,rq,0.52
MLI,2005,rq,-0.56
MLT,2005,rq,1.06
MHL,2005,rq,-0.3
MTQ,2005,rq,0.86
MRT,2005,rq,-0.38
MUS,2005,rq,0.41
MEX,2005,rq,0.16
FSM,2005,rq,0.38
MDA,2005,rq,-0.46
MNG,2005,rq,-0.49
MNE,2005,rq,-0.13
MAR,2005,rq,-0.44
MOZ,2005,rq,-0.74
MMR,2005,rq,-2.13
NAM,2005,rq,0.14
NPL,2005,rq,-0.53
NLD,2005,rq,1.65
ANT,2005,rq,0.86
NZL,2005,rq,1.63
NIC,2005,rq,-0.45
NER,2005,rq,-0.41
NGA,2005,rq,-0.79
MKD,2005,rq,-0.23
NOR,2005,rq,1.48
OMN,2005,rq,0.55
PAK,2005,rq,-0.64
PAN,2005,rq,0.16
PNG,2005,rq,-0.99
PRY,2005,rq,-0.86
PER,2005,rq,0.01
PHL,2005,rq,-0.22
POL,2005,rq,0.81
PRT,2005,rq,1.28
PRI,2005,rq,1.11
QAT,2005,rq,0.26
ROM,2005,rq,0.24
RUS,2005,rq,-0.12
RWA,2005,rq,-1
REU,2005,rq,1.11
WSM,2005,rq,-0.05
SAU,2005,rq,0.11
SEN,2005,rq,-0.26
SRB,2005,rq,-0.62
SYC,2005,rq,0.45
SLE,2005,rq,-1.1
SGP,2005,rq,1.75
SVK,2005,rq,1.13
SVN,2005,rq,0.88
SLB,2005,rq,-0.98
SOM,2005,rq,-2.21
ZAF,2005,rq,0.72
ESP,2005,rq,1.3
LKA,2005,rq,-0.42
KNA,2005,rq,1.32
LCA,2005,rq,1.26
VCT,2005,rq,1.24
SDN,2005,rq,-1.38
SUR,2005,rq,-0.52
SWE,2005,rq,1.53
CHE,2005,rq,1.55
SYR,2005,rq,-0.99
STP,2005,rq,-0.92
TWN,2005,rq,0.93
TJK,2005,rq,-1.13
TZA,2005,rq,-0.49
THA,2005,rq,0.45
TMP,2005,rq,-1.15
TGO,2005,rq,-0.84
TON,2005,rq,-0.52
TTO,2005,rq,0.6
TUN,2005,rq,-0.04
TKM,2005,rq,-1.79
TUV,2005,rq,-0.41
TUR,2005,rq,0.27
UGA,2005,rq,-0.27
UKR,2005,rq,-0.51
ARE,2005,rq,0.65
GBR,2005,rq,1.61
USA,2005,rq,1.61
URY,2005,rq,0.42
UZB,2005,rq,-1.51
VUT,2005,rq,0.25
VEN,2005,rq,-1.1
VNM,2005,rq,-0.6
VIR,2005,rq,1.11
WBG,2005,rq,-1.06
YEM,2005,rq,-0.84
ZMB,2005,rq,-0.74
ZWE,2005,rq,-2.2
AFG,2005,va,-1.13
ALB,2005,va,0
DZA,2005,va,-0.72
ASM,2005,va,0.65
ADO,2005,va,1.53
AGO,2005,va,-1.23
AIA,2005,va,0.9
ATG,2005,va,0.53
ARG,2005,va,0.27
ARM,2005,va,-0.59
ABW,2005,va,1.15
AUS,2005,va,1.51
AUT,2005,va,1.38
AZE,2005,va,-1.12
BHS,2005,va,0.94
BHR,2005,va,-0.74
BGD,2005,va,-0.57
BRB,2005,va,0.95
BLR,2005,va,-1.77
BEL,2005,va,1.42
BLZ,2005,va,0.69
BEN,2005,va,-0.03
BMU,2005,va,1.15
BTN,2005,va,-1.07
BOL,2005,va,-0.16
BIH,2005,va,0.21
BWA,2005,va,0.59
BRA,2005,va,0.46
BRN,2005,va,-0.78
BGR,2005,va,0.59
BFA,2005,va,-0.45
BDI,2005,va,-0.63
KHM,2005,va,-1.02
CMR,2005,va,-1.03
CAN,2005,va,1.51
CPV,2005,va,0.44
CYM,2005,va,0.9
CAF,2005,va,-0.99
TCD,2005,va,-1.31
CHL,2005,va,1.29
CHN,2005,va,-1.5
COL,2005,va,-0.32
COM,2005,va,-0.63
ZAR,2005,va,-1.52
COG,2005,va,-1.08
CRI,2005,va,0.82
HRV,2005,va,0.45
CUB,2005,va,-1.81
CYP,2005,va,0.96
CZE,2005,va,0.91
CIV,2005,va,-1.29
DNK,2005,va,1.74
DJI,2005,va,-1.11
DMA,2005,va,0.93
DOM,2005,va,-0.07
ECU,2005,va,-0.36
EGY,2005,va,-0.96
SLV,2005,va,-0.08
GNQ,2005,va,-1.68
ERI,2005,va,-2.18
EST,2005,va,0.99
SWZ,2005,va,-1.49
ETH,2005,va,-1.24
FJI,2005,va,0.05
FIN,2005,va,1.69
FRA,2005,va,1.48
GUF,2005,va,0.4
GAB,2005,va,-0.83
GMB,2005,va,-1.02
GEO,2005,va,-0.09
DEU,2005,va,1.49
GHA,2005,va,0.2
GRC,2005,va,1.1
GRD,2005,va,0.53
GUM,2005,va,0.65
GTM,2005,va,-0.36
GIN,2005,va,-1.17
GNB,2005,va,-0.48
GUY,2005,va,-0.23
HTI,2005,va,-1.23
HND,2005,va,-0.35
HKG,2005,va,0.62
HUN,2005,va,1.18
ISL,2005,va,1.57
IND,2005,va,0.41
IDN,2005,va,-0.12
IRN,2005,va,-1.28
IRQ,2005,va,-1.3
IRL,2005,va,1.62
ISR,2005,va,0.65
ITA,2005,va,1.06
JAM,2005,va,0.42
JPN,2005,va,1.01
JOR,2005,va,-0.51
KAZ,2005,va,-1.03
KEN,2005,va,-0.24
KIR,2005,va,0.02
PRK,2005,va,-2.16
KOR,2005,va,0.75
KSV,2005,va,-0.37
KWT,2005,va,-0.48
KGZ,2005,va,-0.89
LAO,2005,va,-1.66
LVA,2005,va,0.78
LBN,2005,va,-0.28
LSO,2005,va,-0.21
LBR,2005,va,-0.42
LBY,2005,va,-1.86
LIE,2005,va,1.53
LTU,2005,va,0.9
LUX,2005,va,1.58
MAC,2005,va,0.4
MDG,2005,va,-0.12
MWI,2005,va,-0.53
MYS,2005,va,-0.15
MDV,2005,va,-0.98
MLI,2005,va,0.25
MLT,2005,va,1.23
MHL,2005,va,1.19
MTQ,2005,va,0.65
MRT,2005,va,-0.91
MUS,2005,va,0.83
MEX,2005,va,0.2
FSM,2005,va,0.95
MDA,2005,va,-0.55
MCO,2005,va,0.92
MNG,2005,va,0.07
MNE,2005,va,0.13
MAR,2005,va,-0.69
MOZ,2005,va,0.01
MMR,2005,va,-2.17
NAM,2005,va,0.33
NRU,2005,va,1.07
NPL,2005,va,-1.15
NLD,2005,va,1.67
ANT,2005,va,0.65
NZL,2005,va,1.63
NIC,2005,va,-0.25
NER,2005,va,-0.28
NGA,2005,va,-0.87
MKD,2005,va,-0.1
NOR,2005,va,1.64
OMN,2005,va,-0.92
PAK,2005,va,-0.98
PLW,2005,va,1.19
PAN,2005,va,0.44
PNG,2005,va,-0.31
PRY,2005,va,-0.4
PER,2005,va,-0.01
PHL,2005,va,-0.01
POL,2005,va,0.94
PRT,2005,va,1.43
PRI,2005,va,0.98
QAT,2005,va,-0.51
ROM,2005,va,0.41
RUS,2005,va,-0.65
RWA,2005,va,-1.19
REU,2005,va,1.4
WSM,2005,va,0.64
SMR,2005,va,1.17
SAU,2005,va,-1.54
SEN,2005,va,0.06
SRB,2005,va,-0.21
SYC,2005,va,0.17
SLE,2005,va,-0.53
SGP,2005,va,0.13
SVK,2005,va,0.9
SVN,2005,va,1.09
SLB,2005,va,-0.1
SOM,2005,va,-1.76
ZAF,2005,va,0.65
ESP,2005,va,1.13
LKA,2005,va,-0.21
KNA,2005,va,1.19
LCA,2005,va,1.2
VCT,2005,va,1.09
SDN,2005,va,-1.72
SUR,2005,va,0.13
SWE,2005,va,1.58
CHE,2005,va,1.59
SYR,2005,va,-1.51
STP,2005,va,0.06
TWN,2005,va,0.93
TJK,2005,va,-1.27
TZA,2005,va,-0.36
THA,2005,va,-0.1
TMP,2005,va,-0.21
TGO,2005,va,-1.22
TON,2005,va,-0.05
TTO,2005,va,0.61
TUN,2005,va,-0.95
TKM,2005,va,-2
TUV,2005,va,0.59
TUR,2005,va,0
UGA,2005,va,-0.6
UKR,2005,va,-0.29
ARE,2005,va,-0.71
GBR,2005,va,1.44
USA,2005,va,1.29
URY,2005,va,0.89
UZB,2005,va,-1.93
VUT,2005,va,0.2
VEN,2005,va,-0.64
VNM,2005,va,-1.4
VIR,2005,va,1.15
WBG,2005,va,-0.65
YEM,2005,va,-1.05
ZMB,2005,va,-0.43
ZWE,2005,va,-1.67
AFG,2006,cc,-1.45
ALB,2006,cc,-0.79
DZA,2006,cc,-0.56
ASM,2006,cc,0.3
ADO,2006,cc,1.25
AGO,2006,cc,-1.24
AIA,2006,cc,1.25
ATG,2006,cc,1.12
ARG,2006,cc,-0.33
ARM,2006,cc,-0.67
ABW,2006,cc,1.25
AUS,2006,cc,1.95
AUT,2006,cc,1.9
AZE,2006,cc,-1.1
BHS,2006,cc,1.34
BHR,2006,cc,0.19
BGD,2006,cc,-1.44
BRB,2006,cc,1.33
BLR,2006,cc,-0.53
BEL,2006,cc,1.3
BLZ,2006,cc,-0.31
BEN,2006,cc,-0.59
BMU,2006,cc,1.25
BTN,2006,cc,0.85
BOL,2006,cc,-0.43
BIH,2006,cc,-0.3
BWA,2006,cc,0.94
BRA,2006,cc,-0.12
BRN,2006,cc,0.2
BGR,2006,cc,-0.11
BFA,2006,cc,-0.31
BDI,2006,cc,-1.1
KHM,2006,cc,-1.26
CMR,2006,cc,-1.09
CAN,2006,cc,1.95
CPV,2006,cc,0.84
CYM,2006,cc,1.25
CAF,2006,cc,-1.22
TCD,2006,cc,-1.36
CHL,2006,cc,1.41
CHN,2006,cc,-0.52
COL,2006,cc,-0.18
COM,2006,cc,-0.7
ZAR,2006,cc,-1.54
COG,2006,cc,-1.11
COK,2006,cc,0.6
CRI,2006,cc,0.38
HRV,2006,cc,0.04
CUB,2006,cc,0.25
CYP,2006,cc,1.09
CZE,2006,cc,0.35
CIV,2006,cc,-1.21
DNK,2006,cc,2.46
DJI,2006,cc,-0.67
DMA,2006,cc,0.69
DOM,2006,cc,-0.72
ECU,2006,cc,-0.78
EGY,2006,cc,-0.74
SLV,2006,cc,-0.34
GNQ,2006,cc,-1.36
ERI,2006,cc,-0.35
EST,2006,cc,1.01
SWZ,2006,cc,-0.04
ETH,2006,cc,-0.65
FJI,2006,cc,0.18
FIN,2006,cc,2.45
FRA,2006,cc,1.46
GUF,2006,cc,0.78
GAB,2006,cc,-1.08
GMB,2006,cc,-0.73
GEO,2006,cc,0.05
DEU,2006,cc,1.79
GHA,2006,cc,-0.01
GRC,2006,cc,0.36
GRD,2006,cc,0.71
GUM,2006,cc,0.78
GTM,2006,cc,-0.84
GIN,2006,cc,-1.12
GNB,2006,cc,-1.1
GUY,2006,cc,-0.58
HTI,2006,cc,-1.33
HND,2006,cc,-0.83
HKG,2006,cc,1.86
HUN,2006,cc,0.63
ISL,2006,cc,2.17
IND,2006,cc,-0.27
IDN,2006,cc,-0.86
IRN,2006,cc,-0.48
IRQ,2006,cc,-1.45
IRL,2006,cc,1.7
ISR,2006,cc,1
ITA,2006,cc,0.48
JAM,2006,cc,-0.29
JPN,2006,cc,1.32
JOR,2006,cc,0.28
KAZ,2006,cc,-1
KEN,2006,cc,-0.94
KIR,2006,cc,0.09
PRK,2006,cc,-1.44
KOR,2006,cc,0.3
KSV,2006,cc,-0.51
KWT,2006,cc,0.43
KGZ,2006,cc,-1.33
LAO,2006,cc,-1.33
LVA,2006,cc,0.36
LBN,2006,cc,-1
LSO,2006,cc,0.01
LBR,2006,cc,-0.72
LBY,2006,cc,-1.09
LIE,2006,cc,1.25
LTU,2006,cc,0.16
LUX,2006,cc,1.87
MAC,2006,cc,0.35
MDG,2006,cc,-0.18
MWI,2006,cc,-0.55
MYS,2006,cc,0.21
MDV,2006,cc,-0.6
MLI,2006,cc,-0.48
MLT,2006,cc,1
MHL,2006,cc,-0.65
MTQ,2006,cc,0.78
MRT,2006,cc,-0.75
MUS,2006,cc,0.27
MEX,2006,cc,-0.33
FSM,2006,cc,-0.1
MDA,2006,cc,-0.64
MNG,2006,cc,-0.59
MNE,2006,cc,-0.38
MAR,2006,cc,-0.48
MOZ,2006,cc,-0.62
MMR,2006,cc,-1.66
NAM,2006,cc,0.2
NPL,2006,cc,-0.69
NLD,2006,cc,2.04
ANT,2006,cc,1.25
NZL,2006,cc,2.32
NIC,2006,cc,-0.67
NER,2006,cc,-0.85
NGA,2006,cc,-1.13
MKD,2006,cc,-0.4
NOR,2006,cc,2.12
OMN,2006,cc,0.35
PAK,2006,cc,-0.82
PAN,2006,cc,-0.36
PNG,2006,cc,-1.14
PRY,2006,cc,-1.16
PER,2006,cc,-0.22
PHL,2006,cc,-0.89
POL,2006,cc,0.26
PRT,2006,cc,1.01
PRI,2006,cc,0.51
QAT,2006,cc,0.92
ROM,2006,cc,-0.21
RUS,2006,cc,-0.94
RWA,2006,cc,-0.21
REU,2006,cc,0.78
WSM,2006,cc,0.3
SAU,2006,cc,-0.2
SEN,2006,cc,-0.37
SRB,2006,cc,-0.28
SYC,2006,cc,0.33
SLE,2006,cc,-1.03
SGP,2006,cc,2.17
SVK,2006,cc,0.38
SVN,2006,cc,1.03
SLB,2006,cc,-0.2
SOM,2006,cc,-1.72
ZAF,2006,cc,0.38
ESP,2006,cc,1.18
LKA,2006,cc,-0.19
KNA,2006,cc,1.12
LCA,2006,cc,1.15
VCT,2006,cc,0.96
SDN,2006,cc,-1.19
SUR,2006,cc,-0.1
SWE,2006,cc,2.19
CHE,2006,cc,2.08
SYR,2006,cc,-0.95
STP,2006,cc,-0.27
TWN,2006,cc,0.53
TJK,2006,cc,-1.04
TZA,2006,cc,-0.23
THA,2006,cc,-0.41
TMP,2006,cc,-0.6
TGO,2006,cc,-1.05
TON,2006,cc,-1.38
TTO,2006,cc,-0.13
TUN,2006,cc,-0.01
TKM,2006,cc,-1.4
TUV,2006,cc,-0.1
TUR,2006,cc,0.03
UGA,2006,cc,-0.79
UKR,2006,cc,-0.77
ARE,2006,cc,0.89
GBR,2006,cc,1.78
USA,2006,cc,1.34
URY,2006,cc,1.13
UZB,2006,cc,-1.02
VUT,2006,cc,0.19
VEN,2006,cc,-1.05
VNM,2006,cc,-0.75
VIR,2006,cc,0.78
WBG,2006,cc,-0.3
YEM,2006,cc,-0.79
ZMB,2006,cc,-0.55
ZWE,2006,cc,-1.37
AFG,2006,ge,-1.47
ALB,2006,ge,-0.58
DZA,2006,ge,-0.44
ASM,2006,ge,0.25
ADO,2006,ge,1.54
AGO,2006,ge,-1.38
AIA,2006,ge,1.54
ATG,2006,ge,0.41
ARG,2006,ge,-0.03
ARM,2006,ge,-0.26
ABW,2006,ge,1.28
AUS,2006,ge,1.71
AUT,2006,ge,1.83
AZE,2006,ge,-0.67
BHS,2006,ge,1.16
BHR,2006,ge,0.37
BGD,2006,ge,-0.84
BRB,2006,ge,1.44
BLR,2006,ge,-1.2
BEL,2006,ge,1.74
BLZ,2006,ge,-0.11
BEN,2006,ge,-0.65
BMU,2006,ge,1.02
BTN,2006,ge,0.28
BOL,2006,ge,-0.73
BIH,2006,ge,-0.63
BWA,2006,ge,0.42
BRA,2006,ge,-0.39
BRN,2006,ge,0.87
BGR,2006,ge,-0.13
BFA,2006,ge,-0.8
BDI,2006,ge,-1.11
KHM,2006,ge,-0.98
CMR,2006,ge,-0.97
CAN,2006,ge,1.89
CPV,2006,ge,-0.03
CYM,2006,ge,1.28
CAF,2006,ge,-1.47
TCD,2006,ge,-1.46
CHL,2006,ge,0.94
CHN,2006,ge,0.04
COL,2006,ge,-0.19
COM,2006,ge,-1.6
ZAR,2006,ge,-1.56
COG,2006,ge,-1.24
COK,2006,ge,0.6
CRI,2006,ge,0.03
HRV,2006,ge,0.56
CUB,2006,ge,-0.24
CYP,2006,ge,1.26
CZE,2006,ge,1.08
CIV,2006,ge,-1.16
DNK,2006,ge,2.22
DJI,2006,ge,-0.92
DMA,2006,ge,0.57
DOM,2006,ge,-0.56
ECU,2006,ge,-1.04
EGY,2006,ge,-0.5
SLV,2006,ge,-0.22
GNQ,2006,ge,-1.27
ERI,2006,ge,-1.33
EST,2006,ge,1.15
SWZ,2006,ge,-0.55
ETH,2006,ge,-0.69
FJI,2006,ge,-0.01
FIN,2006,ge,2.17
FRA,2006,ge,1.63
GUF,2006,ge,0.76
GAB,2006,ge,-0.84
GMB,2006,ge,-0.73
GEO,2006,ge,-0.24
DEU,2006,ge,1.65
GHA,2006,ge,0.03
GRC,2006,ge,0.63
GRD,2006,ge,0.39
GUM,2006,ge,0.25
GTM,2006,ge,-0.69
GIN,2006,ge,-1.27
GNB,2006,ge,-1.13
GUY,2006,ge,-0.29
HTI,2006,ge,-1.3
HND,2006,ge,-0.66
HKG,2006,ge,1.91
HUN,2006,ge,0.84
ISL,2006,ge,1.89
IND,2006,ge,-0.1
IDN,2006,ge,-0.35
IRN,2006,ge,-0.56
IRQ,2006,ge,-1.73
IRL,2006,ge,1.53
ISR,2006,ge,1.25
ITA,2006,ge,0.36
JAM,2006,ge,0.19
JPN,2006,ge,1.58
JOR,2006,ge,0.17
KAZ,2006,ge,-0.48
KEN,2006,ge,-0.66
KIR,2006,ge,-0.47
PRK,2006,ge,-1.77
KOR,2006,ge,0.98
KSV,2006,ge,-0.34
KWT,2006,ge,0.27
KGZ,2006,ge,-0.82
LAO,2006,ge,-0.99
LVA,2006,ge,0.65
LBN,2006,ge,-0.16
LSO,2006,ge,-0.53
LBR,2006,ge,-1.21
LBY,2006,ge,-1.08
LIE,2006,ge,1.8
LTU,2006,ge,0.72
LUX,2006,ge,1.57
MAC,2006,ge,1.02
MDG,2006,ge,-0.66
MWI,2006,ge,-0.89
MYS,2006,ge,1.24
MDV,2006,ge,0.17
MLI,2006,ge,-0.76
MLT,2006,ge,1.02
MHL,2006,ge,-1
MTQ,2006,ge,0.76
MRT,2006,ge,-0.9
MUS,2006,ge,0.7
MEX,2006,ge,0.05
FSM,2006,ge,-0.03
MDA,2006,ge,-0.8
MNG,2006,ge,-0.49
MNE,2006,ge,0.16
MAR,2006,ge,-0.27
MOZ,2006,ge,-0.67
MMR,2006,ge,-1.47
NAM,2006,ge,0.16
NPL,2006,ge,-0.92
NLD,2006,ge,1.78
ANT,2006,ge,0.76
NZL,2006,ge,1.58
NIC,2006,ge,-0.9
NER,2006,ge,-0.83
NGA,2006,ge,-0.97
MKD,2006,ge,-0.13
NOR,2006,ge,1.88
OMN,2006,ge,0.28
PAK,2006,ge,-0.38
PAN,2006,ge,0.07
PNG,2006,ge,-0.76
PRY,2006,ge,-0.96
PER,2006,ge,-0.76
PHL,2006,ge,-0.13
POL,2006,ge,0.33
PRT,2006,ge,0.87
PRI,2006,ge,0.58
QAT,2006,ge,0.57
ROM,2006,ge,-0.19
RUS,2006,ge,-0.47
RWA,2006,ge,-0.38
REU,2006,ge,1.02
WSM,2006,ge,0.38
SAU,2006,ge,-0.2
SEN,2006,ge,-0.37
SRB,2006,ge,-0.24
SYC,2006,ge,0.47
SLE,2006,ge,-1.1
SGP,2006,ge,2.25
SVK,2006,ge,0.83
SVN,2006,ge,0.95
SLB,2006,ge,-1
SOM,2006,ge,-2.07
ZAF,2006,ge,0.33
ESP,2006,ge,0.83
LKA,2006,ge,-0.16
KNA,2006,ge,1.08
LCA,2006,ge,0.81
VCT,2006,ge,0.81
SDN,2006,ge,-1.16
SUR,2006,ge,-0.33
SWE,2006,ge,1.8
CHE,2006,ge,2.08
SYR,2006,ge,-0.82
STP,2006,ge,-0.84
TWN,2006,ge,1.18
TJK,2006,ge,-1.07
TZA,2006,ge,-0.45
THA,2006,ge,0.42
TMP,2006,ge,-1.22
TGO,2006,ge,-1.49
TON,2006,ge,-0.64
TTO,2006,ge,0.12
TUN,2006,ge,0.68
TKM,2006,ge,-1.52
TUV,2006,ge,-0.35
TUR,2006,ge,0.11
UGA,2006,ge,-0.58
UKR,2006,ge,-0.52
ARE,2006,ge,0.95
GBR,2006,ge,1.67
USA,2006,ge,1.58
URY,2006,ge,0.38
UZB,2006,ge,-1.19
VUT,2006,ge,-0.41
VEN,2006,ge,-1.07
VNM,2006,ge,-0.25
VIR,2006,ge,1.28
WBG,2006,ge,-0.98
YEM,2006,ge,-0.92
ZMB,2006,ge,-0.88
ZWE,2006,ge,-1.26
AFG,2006,pv,-2.22
ALB,2006,pv,-0.51
DZA,2006,pv,-1.13
ASM,2006,pv,0.7
ADO,2006,pv,1.35
AGO,2006,pv,-0.54
AIA,2006,pv,1.1
ATG,2006,pv,0.8
ARG,2006,pv,0
ARM,2006,pv,-0.26
ABW,2006,pv,1.3
AUS,2006,pv,0.93
AUT,2006,pv,1.07
AZE,2006,pv,-1.09
BHS,2006,pv,0.81
BHR,2006,pv,-0.37
BGD,2006,pv,-1.51
BRB,2006,pv,0.91
BLR,2006,pv,0.15
BEL,2006,pv,0.86
BLZ,2006,pv,0.08
BEN,2006,pv,0.55
BMU,2006,pv,0.77
BTN,2006,pv,1.26
BOL,2006,pv,-0.8
BIH,2006,pv,-0.44
BWA,2006,pv,1.02
BRA,2006,pv,-0.29
BRN,2006,pv,1.12
BGR,2006,pv,0.39
BFA,2006,pv,0.16
BDI,2006,pv,-1.43
KHM,2006,pv,-0.35
CMR,2006,pv,-0.24
CAN,2006,pv,1.03
CPV,2006,pv,0.96
CYM,2006,pv,1.1
CAF,2006,pv,-1.85
TCD,2006,pv,-1.83
CHL,2006,pv,0.61
CHN,2006,pv,-0.54
COL,2006,pv,-1.9
COM,2006,pv,-0.36
ZAR,2006,pv,-2.25
COG,2006,pv,-0.92
CRI,2006,pv,0.74
HRV,2006,pv,0.56
CUB,2006,pv,0.47
CYP,2006,pv,0.54
CZE,2006,pv,1.05
CIV,2006,pv,-1.86
DNK,2006,pv,1.05
DJI,2006,pv,-0.26
DMA,2006,pv,0.91
DOM,2006,pv,-0.11
ECU,2006,pv,-0.85
EGY,2006,pv,-0.84
SLV,2006,pv,-0.17
GNQ,2006,pv,0.17
ERI,2006,pv,-0.9
EST,2006,pv,0.74
SWZ,2006,pv,-0.27
ETH,2006,pv,-1.74
FJI,2006,pv,-0.03
FIN,2006,pv,1.5
FRA,2006,pv,0.6
GUF,2006,pv,0.05
GAB,2006,pv,0.22
GMB,2006,pv,-0.03
GEO,2006,pv,-0.97
DEU,2006,pv,1.03
GHA,2006,pv,0.01
GRC,2006,pv,0.63
GRD,2006,pv,0.39
GUM,2006,pv,0.7
GTM,2006,pv,-0.74
GIN,2006,pv,-1.91
GNB,2006,pv,-0.49
GUY,2006,pv,-0.73
HTI,2006,pv,-1.39
HND,2006,pv,-0.67
HKG,2006,pv,1.19
HUN,2006,pv,0.99
ISL,2006,pv,1.45
IND,2006,pv,-1.07
IDN,2006,pv,-1.42
IRN,2006,pv,-1.04
IRQ,2006,pv,-2.83
IRL,2006,pv,1.19
ISR,2006,pv,-1.26
ITA,2006,pv,0.53
JAM,2006,pv,-0.32
JPN,2006,pv,1.14
JOR,2006,pv,-0.76
KAZ,2006,pv,0.21
KEN,2006,pv,-1.13
KIR,2006,pv,1.35
PRK,2006,pv,-0.02
KOR,2006,pv,0.42
KWT,2006,pv,0.41
KGZ,2006,pv,-1.39
LAO,2006,pv,-0.09
LVA,2006,pv,0.84
LBN,2006,pv,-1.8
LSO,2006,pv,-0.12
LBR,2006,pv,-1.33
LBY,2006,pv,0.36
LIE,2006,pv,1.35
LTU,2006,pv,0.87
LUX,2006,pv,1.4
MAC,2006,pv,0.97
MDG,2006,pv,0.19
MWI,2006,pv,0.12
MYS,2006,pv,0.29
MDV,2006,pv,0.76
MLI,2006,pv,0.41
MLT,2006,pv,1.23
MHL,2006,pv,1.04
MTQ,2006,pv,1.1
MRT,2006,pv,0.24
MUS,2006,pv,0.78
MEX,2006,pv,-0.64
FSM,2006,pv,1.13
MDA,2006,pv,-0.37
MCO,2006,pv,1.01
MNG,2006,pv,0.65
MNE,2006,pv,0.05
MAR,2006,pv,-0.46
MOZ,2006,pv,0.52
MMR,2006,pv,-0.85
NAM,2006,pv,0.78
NRU,2006,pv,1.04
NPL,2006,pv,-1.89
NLD,2006,pv,0.9
ANT,2006,pv,1.1
NZL,2006,pv,1.25
NIC,2006,pv,-0.27
NER,2006,pv,-0.23
NGA,2006,pv,-2.03
MKD,2006,pv,-0.74
NOR,2006,pv,1.25
OMN,2006,pv,0.84
PAK,2006,pv,-2.02
PLW,2006,pv,1.04
PAN,2006,pv,-0.07
PNG,2006,pv,-0.87
PRY,2006,pv,-0.78
PER,2006,pv,-0.84
PHL,2006,pv,-1.64
POL,2006,pv,0.35
PRT,2006,pv,0.95
PRI,2006,pv,0.38
QAT,2006,pv,0.93
ROM,2006,pv,0.15
RUS,2006,pv,-0.91
RWA,2006,pv,-0.68
REU,2006,pv,0.7
WSM,2006,pv,1.1
SMR,2006,pv,1.04
SAU,2006,pv,-0.52
SEN,2006,pv,-0.26
SRB,2006,pv,-0.54
SYC,2006,pv,0.91
SLE,2006,pv,-0.3
SGP,2006,pv,1.25
SVK,2006,pv,0.78
SVN,2006,pv,1.09
SLB,2006,pv,0.07
SOM,2006,pv,-2.75
ZAF,2006,pv,0.05
ESP,2006,pv,-0.15
LKA,2006,pv,-1.42
KNA,2006,pv,1.21
LCA,2006,pv,0.86
VCT,2006,pv,1.06
SDN,2006,pv,-2.14
SUR,2006,pv,-0.01
SWE,2006,pv,1.29
CHE,2006,pv,1.27
SYR,2006,pv,-0.28
STP,2006,pv,0.35
TWN,2006,pv,0.68
TJK,2006,pv,-1.39
TZA,2006,pv,-0.36
THA,2006,pv,-1.13
TMP,2006,pv,-1.16
TGO,2006,pv,-0.53
TON,2006,pv,0.47
TTO,2006,pv,-0.24
TUN,2006,pv,0.21
TKM,2006,pv,-0.24
TUV,2006,pv,1.35
TUR,2006,pv,-0.59
UGA,2006,pv,-1.14
UKR,2006,pv,-0.04
ARE,2006,pv,0.92
GBR,2006,pv,0.67
USA,2006,pv,0.49
URY,2006,pv,0.9
UZB,2006,pv,-1.78
VUT,2006,pv,1.35
VEN,2006,pv,-1.25
VNM,2006,pv,0.41
VIR,2006,pv,0.51
WBG,2006,pv,-1.77
YEM,2006,pv,-1.35
ZMB,2006,pv,0.36
ZWE,2006,pv,-0.93
AFG,2006,rl,-1.88
ALB,2006,rl,-0.7
DZA,2006,rl,-0.78
ASM,2006,rl,1.07
ADO,2006,rl,0.86
AGO,2006,rl,-1.31
AIA,2006,rl,1.59
ATG,2006,rl,0.92
ARG,2006,rl,-0.58
ARM,2006,rl,-0.54
ABW,2006,rl,0.81
AUS,2006,rl,1.76
AUT,2006,rl,1.9
AZE,2006,rl,-0.89
BHS,2006,rl,1.08
BHR,2006,rl,0.37
BGD,2006,rl,-0.91
BRB,2006,rl,1.23
BLR,2006,rl,-1.3
BEL,2006,rl,1.22
BLZ,2006,rl,0.02
BEN,2006,rl,-0.53
BMU,2006,rl,0.81
BTN,2006,rl,0.21
BOL,2006,rl,-0.85
BIH,2006,rl,-0.5
BWA,2006,rl,0.51
BRA,2006,rl,-0.4
BRN,2006,rl,0.12
BGR,2006,rl,-0.11
BFA,2006,rl,-0.43
BDI,2006,rl,-0.98
KHM,2006,rl,-1.24
CMR,2006,rl,-1.16
CAN,2006,rl,1.8
CPV,2006,rl,0.64
CYM,2006,rl,1.07
CAF,2006,rl,-1.54
TCD,2006,rl,-1.55
CHL,2006,rl,1.18
CHN,2006,rl,-0.7
COL,2006,rl,-0.51
COM,2006,rl,-0.98
ZAR,2006,rl,-1.62
COG,2006,rl,-1.27
COK,2006,rl,0.94
CRI,2006,rl,0.39
HRV,2006,rl,-0.05
CUB,2006,rl,-0.76
CYP,2006,rl,1.09
CZE,2006,rl,0.86
CIV,2006,rl,-1.46
DNK,2006,rl,1.98
DJI,2006,rl,-0.89
DMA,2006,rl,0.74
DOM,2006,rl,-0.58
ECU,2006,rl,-1.03
EGY,2006,rl,-0.28
SLV,2006,rl,-0.69
GNQ,2006,rl,-1.09
ERI,2006,rl,-1.18
EST,2006,rl,1.13
SWZ,2006,rl,-0.6
ETH,2006,rl,-0.67
FJI,2006,rl,0.05
FIN,2006,rl,1.96
FRA,2006,rl,1.46
GUF,2006,rl,0.81
GAB,2006,rl,-0.75
GMB,2006,rl,-0.37
GEO,2006,rl,-0.46
DEU,2006,rl,1.77
GHA,2006,rl,0.06
GRC,2006,rl,0.86
GRD,2006,rl,0.26
GUM,2006,rl,1.07
GTM,2006,rl,-1.1
GIN,2006,rl,-1.42
GNB,2006,rl,-1.26
GUY,2006,rl,-0.56
HTI,2006,rl,-1.41
HND,2006,rl,-0.99
HKG,2006,rl,1.54
HUN,2006,rl,0.98
ISL,2006,rl,1.88
IND,2006,rl,0.18
IDN,2006,rl,-0.69
IRN,2006,rl,-0.99
IRQ,2006,rl,-1.68
IRL,2006,rl,1.71
ISR,2006,rl,0.89
ITA,2006,rl,0.38
JAM,2006,rl,-0.4
JPN,2006,rl,1.35
JOR,2006,rl,0.3
KAZ,2006,rl,-1.1
KEN,2006,rl,-0.88
KIR,2006,rl,0.89
PRK,2006,rl,-1.39
KOR,2006,rl,0.84
KSV,2006,rl,-0.86
KWT,2006,rl,0.53
KGZ,2006,rl,-1.32
LAO,2006,rl,-1.01
LVA,2006,rl,0.62
LBN,2006,rl,-0.6
LSO,2006,rl,-0.24
LBR,2006,rl,-0.88
LBY,2006,rl,-1.08
LIE,2006,rl,1.06
LTU,2006,rl,0.71
LUX,2006,rl,1.69
MAC,2006,rl,0.43
MDG,2006,rl,-0.45
MWI,2006,rl,-0.22
MYS,2006,rl,0.45
MDV,2006,rl,-0.03
MLI,2006,rl,-0.29
MLT,2006,rl,1.56
MHL,2006,rl,0.63
MTQ,2006,rl,0.81
MRT,2006,rl,-0.79
MUS,2006,rl,0.83
MEX,2006,rl,-0.47
FSM,2006,rl,1.18
MDA,2006,rl,-0.52
MCO,2006,rl,0.98
MNG,2006,rl,-0.32
MNE,2006,rl,-0.21
MAR,2006,rl,-0.32
MOZ,2006,rl,-0.62
MMR,2006,rl,-1.54
NAM,2006,rl,0.2
NRU,2006,rl,0.98
NPL,2006,rl,-0.62
NLD,2006,rl,1.77
ANT,2006,rl,0.81
NZL,2006,rl,1.79
NIC,2006,rl,-0.75
NER,2006,rl,-0.6
NGA,2006,rl,-1.08
MKD,2006,rl,-0.54
NOR,2006,rl,1.97
OMN,2006,rl,0.29
PAK,2006,rl,-0.86
PLW,2006,rl,0.98
PAN,2006,rl,-0.16
PNG,2006,rl,-0.83
PRY,2006,rl,-0.97
PER,2006,rl,-0.7
PHL,2006,rl,-0.41
POL,2006,rl,0.38
PRT,2006,rl,0.98
PRI,2006,rl,0.52
QAT,2006,rl,0.62
ROM,2006,rl,-0.13
RUS,2006,rl,-0.99
RWA,2006,rl,-0.68
REU,2006,rl,1.07
WSM,2006,rl,0.99
SMR,2006,rl,0.98
SAU,2006,rl,0.01
SEN,2006,rl,-0.22
SRB,2006,rl,-0.54
SYC,2006,rl,0.17
SLE,2006,rl,-0.99
SGP,2006,rl,1.57
SVK,2006,rl,0.49
SVN,2006,rl,0.9
SLB,2006,rl,-0.6
SOM,2006,rl,-2.35
ZAF,2006,rl,0.18
ESP,2006,rl,1.12
LKA,2006,rl,0.18
KNA,2006,rl,0.92
LCA,2006,rl,0.87
VCT,2006,rl,0.87
SDN,2006,rl,-1.38
SUR,2006,rl,-0.23
SWE,2006,rl,1.85
CHE,2006,rl,1.8
SYR,2006,rl,-0.93
STP,2006,rl,-0.51
TWN,2006,rl,0.77
TJK,2006,rl,-1.18
TZA,2006,rl,-0.44
THA,2006,rl,-0.07
TMP,2006,rl,-1.11
TGO,2006,rl,-0.95
TON,2006,rl,0.62
TTO,2006,rl,-0.23
TUN,2006,rl,0.11
TKM,2006,rl,-1.64
TUV,2006,rl,1.08
TUR,2006,rl,0
UGA,2006,rl,-0.33
UKR,2006,rl,-0.82
ARE,2006,rl,0.31
GBR,2006,rl,1.77
USA,2006,rl,1.59
URY,2006,rl,0.55
UZB,2006,rl,-1.45
VUT,2006,rl,0.57
VEN,2006,rl,-1.41
VNM,2006,rl,-0.52
VIR,2006,rl,1.07
WBG,2006,rl,-0.39
YEM,2006,rl,-1.04
ZMB,2006,rl,-0.55
ZWE,2006,rl,-1.75
AFG,2006,rq,-1.69
ALB,2006,rq,-0.15
DZA,2006,rq,-0.5
ASM,2006,rq,0.36
ADO,2006,rq,1.35
AGO,2006,rq,-1.16
AIA,2006,rq,1.35
ATG,2006,rq,0.55
ARG,2006,rq,-0.61
ARM,2006,rq,0.29
ABW,2006,rq,0.86
AUS,2006,rq,1.62
AUT,2006,rq,1.64
AZE,2006,rq,-0.52
BHS,2006,rq,1.05
BHR,2006,rq,0.68
BGD,2006,rq,-1.01
BRB,2006,rq,1
BLR,2006,rq,-1.6
BEL,2006,rq,1.33
BLZ,2006,rq,-0.3
BEN,2006,rq,-0.46
BMU,2006,rq,1.35
BTN,2006,rq,-0.58
BOL,2006,rq,-0.89
BIH,2006,rq,-0.47
BWA,2006,rq,0.61
BRA,2006,rq,-0.04
BRN,2006,rq,0.94
BGR,2006,rq,0.62
BFA,2006,rq,-0.4
BDI,2006,rq,-1.19
KHM,2006,rq,-0.62
CMR,2006,rq,-0.84
CAN,2006,rq,1.56
CPV,2006,rq,-0.29
CYM,2006,rq,1.35
CAF,2006,rq,-1.27
TCD,2006,rq,-1.08
CHL,2006,rq,1.42
CHN,2006,rq,-0.26
COL,2006,rq,0.11
COM,2006,rq,-1.48
ZAR,2006,rq,-1.27
COG,2006,rq,-1.17
COK,2006,rq,0.59
CRI,2006,rq,0.38
HRV,2006,rq,0.37
CUB,2006,rq,-1.43
CYP,2006,rq,1.28
CZE,2006,rq,1.11
CIV,2006,rq,-0.93
DNK,2006,rq,1.8
DJI,2006,rq,-0.84
DMA,2006,rq,0.91
DOM,2006,rq,-0.23
ECU,2006,rq,-1.1
EGY,2006,rq,-0.41
SLV,2006,rq,-0.07
GNQ,2006,rq,-1.5
ERI,2006,rq,-2.02
EST,2006,rq,1.29
SWZ,2006,rq,-0.36
ETH,2006,rq,-1.03
FJI,2006,rq,-0.38
FIN,2006,rq,1.6
FRA,2006,rq,1.24
GUF,2006,rq,0.86
GAB,2006,rq,-0.3
GMB,2006,rq,-0.48
GEO,2006,rq,-0.13
DEU,2006,rq,1.57
GHA,2006,rq,-0.11
GRC,2006,rq,0.86
GRD,2006,rq,0.53
GUM,2006,rq,0.61
GTM,2006,rq,-0.32
GIN,2006,rq,-1.14
GNB,2006,rq,-0.98
GUY,2006,rq,-0.61
HTI,2006,rq,-0.86
HND,2006,rq,-0.46
HKG,2006,rq,1.94
HUN,2006,rq,1.2
ISL,2006,rq,1.53
IND,2006,rq,-0.28
IDN,2006,rq,-0.4
IRN,2006,rq,-1.42
IRQ,2006,rq,-1.4
IRL,2006,rq,1.84
ISR,2006,rq,1
ITA,2006,rq,0.98
JAM,2006,rq,0.22
JPN,2006,rq,1.26
JOR,2006,rq,0.33
KAZ,2006,rq,-0.34
KEN,2006,rq,-0.24
KIR,2006,rq,-1.01
PRK,2006,rq,-2.28
KOR,2006,rq,0.72
KWT,2006,rq,0.29
KGZ,2006,rq,-0.66
LAO,2006,rq,-1.28
LVA,2006,rq,0.93
LBN,2006,rq,-0.27
LSO,2006,rq,-0.67
LBR,2006,rq,-1.35
LBY,2006,rq,-1.46
LIE,2006,rq,1.35
LTU,2006,rq,0.97
LUX,2006,rq,1.67
MAC,2006,rq,1.1
MDG,2006,rq,-0.25
MWI,2006,rq,-0.58
MYS,2006,rq,0.54
MDV,2006,rq,0.41
MLI,2006,rq,-0.46
MLT,2006,rq,1.11
MHL,2006,rq,-0.95
MTQ,2006,rq,0.86
MRT,2006,rq,-0.47
MUS,2006,rq,0.47
MEX,2006,rq,0.35
FSM,2006,rq,0.38
MDA,2006,rq,-0.35
MNG,2006,rq,-0.32
MNE,2006,rq,-0.55
MAR,2006,rq,-0.21
MOZ,2006,rq,-0.63
MMR,2006,rq,-2.19
NAM,2006,rq,0.17
NPL,2006,rq,-0.52
NLD,2006,rq,1.68
ANT,2006,rq,0.86
NZL,2006,rq,1.7
NIC,2006,rq,-0.43
NER,2006,rq,-0.55
NGA,2006,rq,-0.95
MKD,2006,rq,-0.09
NOR,2006,rq,1.22
OMN,2006,rq,0.6
PAK,2006,rq,-0.48
PAN,2006,rq,0.31
PNG,2006,rq,-0.77
PRY,2006,rq,-0.7
PER,2006,rq,0.07
PHL,2006,rq,-0.19
POL,2006,rq,0.7
PRT,2006,rq,1.06
PRI,2006,rq,1.1
QAT,2006,rq,0.31
ROM,2006,rq,0.44
RUS,2006,rq,-0.39
RWA,2006,rq,-0.69
REU,2006,rq,1.1
WSM,2006,rq,-0.04
SAU,2006,rq,-0.05
SEN,2006,rq,-0.37
SRB,2006,rq,-0.53
SYC,2006,rq,0.19
SLE,2006,rq,-1.14
SGP,2006,rq,1.75
SVK,2006,rq,1.08
SVN,2006,rq,0.79
SLB,2006,rq,-1.11
SOM,2006,rq,-2.49
ZAF,2006,rq,0.75
ESP,2006,rq,1.18
LKA,2006,rq,-0.27
KNA,2006,rq,1.29
LCA,2006,rq,1.13
VCT,2006,rq,0.91
SDN,2006,rq,-1.2
SUR,2006,rq,-0.53
SWE,2006,rq,1.44
CHE,2006,rq,1.5
SYR,2006,rq,-1.34
STP,2006,rq,-0.68
TWN,2006,rq,0.84
TJK,2006,rq,-1.11
TZA,2006,rq,-0.41
THA,2006,rq,0.23
TMP,2006,rq,-1.55
TGO,2006,rq,-0.92
TON,2006,rq,-0.69
TTO,2006,rq,0.67
TUN,2006,rq,0.19
TKM,2006,rq,-2.09
TUV,2006,rq,-0.73
TUR,2006,rq,0.28
UGA,2006,rq,-0.25
UKR,2006,rq,-0.49
ARE,2006,rq,0.62
GBR,2006,rq,1.84
USA,2006,rq,1.64
URY,2006,rq,0.4
UZB,2006,rq,-1.63
VUT,2006,rq,0
VEN,2006,rq,-1.21
VNM,2006,rq,-0.63
VIR,2006,rq,0.61
WBG,2006,rq,-1.02
YEM,2006,rq,-0.77
ZMB,2006,rq,-0.66
ZWE,2006,rq,-1.93
AFG,2006,va,-1.11
ALB,2006,va,0.08
DZA,2006,va,-0.92
ASM,2006,va,0.55
ADO,2006,va,1.33
AGO,2006,va,-1.25
AIA,2006,va,1.02
ATG,2006,va,0.63
ARG,2006,va,0.4
ARM,2006,va,-0.74
ABW,2006,va,1.02
AUS,2006,va,1.38
AUT,2006,va,1.37
AZE,2006,va,-1.28
BHS,2006,va,1.02
BHR,2006,va,-0.9
BGD,2006,va,-0.45
BRB,2006,va,1.04
BLR,2006,va,-1.75
BEL,2006,va,1.34
BLZ,2006,va,0.54
BEN,2006,va,0.36
BMU,2006,va,1.02
BTN,2006,va,-1.06
BOL,2006,va,0.08
BIH,2006,va,0.19
BWA,2006,va,0.51
BRA,2006,va,0.5
BRN,2006,va,-1.1
BGR,2006,va,0.58
BFA,2006,va,-0.34
BDI,2006,va,-0.72
KHM,2006,va,-0.93
CMR,2006,va,-1.02
CAN,2006,va,1.42
CPV,2006,va,0.78
CYM,2006,va,0.78
CAF,2006,va,-1.01
TCD,2006,va,-1.42
CHL,2006,va,1.08
CHN,2006,va,-1.75
COL,2006,va,-0.17
COM,2006,va,-0.22
ZAR,2006,va,-1.23
COG,2006,va,-1.21
CRI,2006,va,0.92
HRV,2006,va,0.48
CUB,2006,va,-1.89
CYP,2006,va,1.05
CZE,2006,va,0.96
CIV,2006,va,-1.28
DNK,2006,va,1.57
DJI,2006,va,-1.12
DMA,2006,va,1.01
DOM,2006,va,0.21
ECU,2006,va,-0.25
EGY,2006,va,-1.2
SLV,2006,va,0.1
GNQ,2006,va,-1.83
ERI,2006,va,-2.08
EST,2006,va,1.07
SWZ,2006,va,-1.25
ETH,2006,va,-1.19
FJI,2006,va,-0.33
FIN,2006,va,1.49
FRA,2006,va,1.3
GUF,2006,va,0.31
GAB,2006,va,-0.95
GMB,2006,va,-0.9
GEO,2006,va,-0.09
DEU,2006,va,1.37
GHA,2006,va,0.41
GRC,2006,va,0.97
GRD,2006,va,0.72
GUM,2006,va,0.55
GTM,2006,va,-0.17
GIN,2006,va,-1.23
GNB,2006,va,-0.63
GUY,2006,va,0.09
HTI,2006,va,-0.71
HND,2006,va,-0.14
HKG,2006,va,0.51
HUN,2006,va,1.02
ISL,2006,va,1.45
IND,2006,va,0.44
IDN,2006,va,-0.08
IRN,2006,va,-1.5
IRQ,2006,va,-1.28
IRL,2006,va,1.4
ISR,2006,va,0.77
ITA,2006,va,1.06
JAM,2006,va,0.62
JPN,2006,va,0.95
JOR,2006,va,-0.72
KAZ,2006,va,-1.19
KEN,2006,va,-0.13
KIR,2006,va,0.7
PRK,2006,va,-2.31
KOR,2006,va,0.69
KSV,2006,va,-0.51
KWT,2006,va,-0.58
KGZ,2006,va,-0.76
LAO,2006,va,-1.73
LVA,2006,va,0.85
LBN,2006,va,-0.39
LSO,2006,va,0.18
LBR,2006,va,-0.17
LBY,2006,va,-1.98
LIE,2006,va,1.24
LTU,2006,va,0.86
LUX,2006,va,1.55
MAC,2006,va,0.31
MDG,2006,va,-0.11
MWI,2006,va,-0.25
MYS,2006,va,-0.54
MDV,2006,va,-1.01
MLI,2006,va,0.3
MLT,2006,va,1.2
MHL,2006,va,1.16
MTQ,2006,va,0.55
MRT,2006,va,-0.85
MUS,2006,va,0.91
MEX,2006,va,0.15
FSM,2006,va,1.07
MDA,2006,va,-0.27
MCO,2006,va,0.93
MNG,2006,va,0.25
MNE,2006,va,0.26
MAR,2006,va,-0.71
MOZ,2006,va,-0.09
MMR,2006,va,-2.23
NAM,2006,va,0.48
NRU,2006,va,1.07
NPL,2006,va,-0.91
NLD,2006,va,1.54
ANT,2006,va,0.55
NZL,2006,va,1.5
NIC,2006,va,-0.19
NER,2006,va,-0.32
NGA,2006,va,-0.62
MKD,2006,va,0.17
NOR,2006,va,1.54
OMN,2006,va,-1.16
PAK,2006,va,-0.89
PLW,2006,va,1.19
PAN,2006,va,0.6
PNG,2006,va,0.01
PRY,2006,va,-0.26
PER,2006,va,0.09
PHL,2006,va,-0.09
POL,2006,va,0.8
PRT,2006,va,1.23
PRI,2006,va,1.14
QAT,2006,va,-0.87
ROM,2006,va,0.52
RUS,2006,va,-0.92
RWA,2006,va,-1.22
REU,2006,va,1.25
WSM,2006,va,0.64
SMR,2006,va,1.16
SAU,2006,va,-1.78
SEN,2006,va,0.06
SRB,2006,va,0.21
SYC,2006,va,0.09
SLE,2006,va,-0.33
SGP,2006,va,-0.39
SVK,2006,va,0.93
SVN,2006,va,1.07
SLB,2006,va,0.05
SOM,2006,va,-1.76
ZAF,2006,va,0.65
ESP,2006,va,1.08
LKA,2006,va,-0.31
KNA,2006,va,1.16
LCA,2006,va,1.19
VCT,2006,va,1.06
SDN,2006,va,-1.74
SUR,2006,va,0.51
SWE,2006,va,1.49
CHE,2006,va,1.52
SYR,2006,va,-1.76
STP,2006,va,0.27
TWN,2006,va,0.7
TJK,2006,va,-1.35
TZA,2006,va,-0.2
THA,2006,va,-0.74
TMP,2006,va,0.06
TGO,2006,va,-1.2
TON,2006,va,-0.03
TTO,2006,va,0.61
TUN,2006,va,-1.3
TKM,2006,va,-2.09
TUV,2006,va,0.78
TUR,2006,va,-0.06
UGA,2006,va,-0.45
UKR,2006,va,0.05
ARE,2006,va,-1
GBR,2006,va,1.38
USA,2006,va,1.1
URY,2006,va,1.03
UZB,2006,va,-2.07
VUT,2006,va,0.45
VEN,2006,va,-0.62
VNM,2006,va,-1.54
VIR,2006,va,0.78
WBG,2006,va,-0.43
YEM,2006,va,-1.19
ZMB,2006,va,-0.21
ZWE,2006,va,-1.54
AFG,2007,cc,-1.61
ALB,2007,cc,-0.71
DZA,2007,cc,-0.59
ASM,2007,cc,0.31
ADO,2007,cc,1.26
AGO,2007,cc,-1.31
AIA,2007,cc,1.26
ATG,2007,cc,1.15
ARG,2007,cc,-0.37
ARM,2007,cc,-0.75
ABW,2007,cc,1.26
AUS,2007,cc,2
AUT,2007,cc,2
AZE,2007,cc,-1.13
BHS,2007,cc,1.33
BHR,2007,cc,0.18
BGD,2007,cc,-1.06
BRB,2007,cc,1.4
BLR,2007,cc,-0.57
BEL,2007,cc,1.35
BLZ,2007,cc,-0.32
BEN,2007,cc,-0.47
BMU,2007,cc,1.26
BTN,2007,cc,0.93
BOL,2007,cc,-0.4
BIH,2007,cc,-0.37
BWA,2007,cc,0.99
BRA,2007,cc,-0.08
BRN,2007,cc,0.21
BGR,2007,cc,-0.23
BFA,2007,cc,-0.33
BDI,2007,cc,-1.17
KHM,2007,cc,-1.15
CMR,2007,cc,-1.03
CAN,2007,cc,1.99
CPV,2007,cc,0.92
CYM,2007,cc,1.26
CAF,2007,cc,-1.21
TCD,2007,cc,-1.39
CHL,2007,cc,1.35
CHN,2007,cc,-0.6
COL,2007,cc,-0.28
COM,2007,cc,-0.69
ZAR,2007,cc,-1.38
COG,2007,cc,-1.16
COK,2007,cc,1.04
CRI,2007,cc,0.46
HRV,2007,cc,0.06
CUB,2007,cc,0.3
CYP,2007,cc,1.07
CZE,2007,cc,0.32
CIV,2007,cc,-1.1
DNK,2007,cc,2.43
DJI,2007,cc,-0.54
DMA,2007,cc,0.71
DOM,2007,cc,-0.78
ECU,2007,cc,-0.75
EGY,2007,cc,-0.74
SLV,2007,cc,-0.42
GNQ,2007,cc,-1.21
ERI,2007,cc,-0.41
EST,2007,cc,0.97
SWZ,2007,cc,-0.05
ETH,2007,cc,-0.63
FJI,2007,cc,0.12
FIN,2007,cc,2.39
FRA,2007,cc,1.46
GUF,2007,cc,0.78
GAB,2007,cc,-1.17
GMB,2007,cc,-0.71
GEO,2007,cc,-0.13
DEU,2007,cc,1.73
GHA,2007,cc,0.04
GRC,2007,cc,0.26
GRD,2007,cc,0.44
GUM,2007,cc,0.78
GTM,2007,cc,-0.77
GIN,2007,cc,-1.29
GNB,2007,cc,-1.2
GUY,2007,cc,-0.59
HTI,2007,cc,-1.29
HND,2007,cc,-0.79
HKG,2007,cc,1.91
HUN,2007,cc,0.6
ISL,2007,cc,2.2
IND,2007,cc,-0.4
IDN,2007,cc,-0.63
IRN,2007,cc,-0.56
IRQ,2007,cc,-1.46
IRL,2007,cc,1.74
ISR,2007,cc,0.84
ITA,2007,cc,0.33
JAM,2007,cc,-0.34
JPN,2007,cc,1.23
JOR,2007,cc,0.29
KAZ,2007,cc,-0.99
KEN,2007,cc,-0.98
KIR,2007,cc,0.15
PRK,2007,cc,-1.54
KOR,2007,cc,0.57
KSV,2007,cc,-0.74
KWT,2007,cc,0.36
KGZ,2007,cc,-1.33
LAO,2007,cc,-1.28
LVA,2007,cc,0.34
LBN,2007,cc,-0.94
LSO,2007,cc,-0.06
LBR,2007,cc,-0.48
LBY,2007,cc,-1.05
LIE,2007,cc,1.09
LTU,2007,cc,0.1
LUX,2007,cc,1.96
MAC,2007,cc,0.45
MDG,2007,cc,-0.19
MWI,2007,cc,-0.52
MYS,2007,cc,0.17
MDV,2007,cc,-0.86
MLI,2007,cc,-0.43
MLT,2007,cc,1.02
MHL,2007,cc,-0.82
MTQ,2007,cc,0.78
MRT,2007,cc,-0.58
MUS,2007,cc,0.35
MEX,2007,cc,-0.34
FSM,2007,cc,-0.24
MDA,2007,cc,-0.66
MNG,2007,cc,-0.61
MNE,2007,cc,-0.38
MAR,2007,cc,-0.39
MOZ,2007,cc,-0.51
MMR,2007,cc,-1.63
NAM,2007,cc,0.31
NRU,2007,cc,-0.36
NPL,2007,cc,-0.79
NLD,2007,cc,2.16
ANT,2007,cc,1.26
NZL,2007,cc,2.32
NIC,2007,cc,-0.77
NER,2007,cc,-0.76
NGA,2007,cc,-1.07
MKD,2007,cc,-0.39
NOR,2007,cc,1.98
OMN,2007,cc,0.35
PAK,2007,cc,-0.82
PAN,2007,cc,-0.34
PNG,2007,cc,-1.12
PRY,2007,cc,-1.21
PER,2007,cc,-0.27
PHL,2007,cc,-0.78
POL,2007,cc,0.28
PRT,2007,cc,1.03
PRI,2007,cc,0.41
QAT,2007,cc,0.67
ROM,2007,cc,-0.23
RUS,2007,cc,-1.02
RWA,2007,cc,0.01
REU,2007,cc,0.78
WSM,2007,cc,0.3
SAU,2007,cc,-0.17
SEN,2007,cc,-0.51
SRB,2007,cc,-0.34
SYC,2007,cc,0.34
SLE,2007,cc,-0.92
SGP,2007,cc,2.23
SVK,2007,cc,0.3
SVN,2007,cc,1.01
SLB,2007,cc,-0.37
SOM,2007,cc,-1.74
ZAF,2007,cc,0.2
ESP,2007,cc,1.08
LKA,2007,cc,-0.15
KNA,2007,cc,1.15
LCA,2007,cc,1.17
VCT,2007,cc,0.99
SDN,2007,cc,-1.33
SUR,2007,cc,-0.01
SWE,2007,cc,2.23
CHE,2007,cc,2.14
SYR,2007,cc,-1.01
STP,2007,cc,-0.29
TWN,2007,cc,0.52
TJK,2007,cc,-1.04
TZA,2007,cc,-0.34
THA,2007,cc,-0.4
TMP,2007,cc,-0.65
TGO,2007,cc,-1
TON,2007,cc,-1.06
TTO,2007,cc,-0.05
TUN,2007,cc,-0.11
TKM,2007,cc,-1.41
TUV,2007,cc,-0.24
TUR,2007,cc,0.11
UGA,2007,cc,-0.83
UKR,2007,cc,-0.82
ARE,2007,cc,1.01
GBR,2007,cc,1.73
USA,2007,cc,1.38
URY,2007,cc,1.28
UZB,2007,cc,-1.03
VUT,2007,cc,0.27
VEN,2007,cc,-1.08
VNM,2007,cc,-0.63
VIR,2007,cc,0.78
WBG,2007,cc,-0.12
YEM,2007,cc,-0.79
ZMB,2007,cc,-0.4
ZWE,2007,cc,-1.4
AFG,2007,ge,-1.44
ALB,2007,ge,-0.43
DZA,2007,ge,-0.54
ASM,2007,ge,0.48
ADO,2007,ge,1.5
AGO,2007,ge,-1.21
AIA,2007,ge,1.5
ATG,2007,ge,0.4
ARG,2007,ge,-0.01
ARM,2007,ge,-0.38
ABW,2007,ge,1.25
AUS,2007,ge,1.82
AUT,2007,ge,1.86
AZE,2007,ge,-0.8
BHS,2007,ge,1.1
BHR,2007,ge,0.38
BGD,2007,ge,-0.71
BRB,2007,ge,1.32
BLR,2007,ge,-1.16
BEL,2007,ge,1.6
BLZ,2007,ge,-0.23
BEN,2007,ge,-0.54
BMU,2007,ge,0.99
BTN,2007,ge,0.36
BOL,2007,ge,-0.57
BIH,2007,ge,-0.86
BWA,2007,ge,0.53
BRA,2007,ge,-0.29
BRN,2007,ge,0.92
BGR,2007,ge,-0.12
BFA,2007,ge,-0.77
BDI,2007,ge,-1.28
KHM,2007,ge,-0.91
CMR,2007,ge,-0.85
CAN,2007,ge,1.75
CPV,2007,ge,0.29
CYM,2007,ge,1.25
CAF,2007,ge,-1.53
TCD,2007,ge,-1.61
CHL,2007,ge,1.19
CHN,2007,ge,0.17
COL,2007,ge,-0.05
COM,2007,ge,-1.76
ZAR,2007,ge,-1.73
COG,2007,ge,-1.33
COK,2007,ge,0.72
CRI,2007,ge,0.21
HRV,2007,ge,0.46
CUB,2007,ge,-0.19
CYP,2007,ge,1.42
CZE,2007,ge,0.85
CIV,2007,ge,-1.22
DNK,2007,ge,2.35
DJI,2007,ge,-0.9
DMA,2007,ge,0.59
DOM,2007,ge,-0.67
ECU,2007,ge,-0.86
EGY,2007,ge,-0.37
SLV,2007,ge,-0.26
GNQ,2007,ge,-1.27
ERI,2007,ge,-1.35
EST,2007,ge,1.01
SWZ,2007,ge,-0.57
ETH,2007,ge,-0.47
FJI,2007,ge,-0.54
FIN,2007,ge,1.97
FRA,2007,ge,1.46
GUF,2007,ge,0.74
GAB,2007,ge,-0.83
GMB,2007,ge,-0.61
GEO,2007,ge,0.12
DEU,2007,ge,1.63
GHA,2007,ge,0.09
GRC,2007,ge,0.55
GRD,2007,ge,0.32
GUM,2007,ge,0.23
GTM,2007,ge,-0.66
GIN,2007,ge,-1.26
GNB,2007,ge,-1.1
GUY,2007,ge,-0.01
HTI,2007,ge,-1.32
HND,2007,ge,-0.55
HKG,2007,ge,1.86
HUN,2007,ge,0.69
ISL,2007,ge,1.79
IND,2007,ge,0.14
IDN,2007,ge,-0.31
IRN,2007,ge,-0.65
IRQ,2007,ge,-1.56
IRL,2007,ge,1.55
ISR,2007,ge,1.23
ITA,2007,ge,0.19
JAM,2007,ge,0.32
JPN,2007,ge,1.44
JOR,2007,ge,0.22
KAZ,2007,ge,-0.67
KEN,2007,ge,-0.53
KIR,2007,ge,-0.66
PRK,2007,ge,-2.08
KOR,2007,ge,1.2
KSV,2007,ge,-0.22
KWT,2007,ge,0.08
KGZ,2007,ge,-0.79
LAO,2007,ge,-0.91
LVA,2007,ge,0.43
LBN,2007,ge,-0.23
LSO,2007,ge,-0.47
LBR,2007,ge,-1.16
LBY,2007,ge,-1.23
LIE,2007,ge,1.76
LTU,2007,ge,0.66
LUX,2007,ge,1.59
MAC,2007,ge,0.99
MDG,2007,ge,-0.5
MWI,2007,ge,-0.57
MYS,2007,ge,1.22
MDV,2007,ge,0.12
MLI,2007,ge,-0.76
MLT,2007,ge,1.2
MHL,2007,ge,-1.24
MTQ,2007,ge,0.74
MRT,2007,ge,-0.92
MUS,2007,ge,0.75
MEX,2007,ge,0.14
FSM,2007,ge,-0.53
MDA,2007,ge,-0.83
MNG,2007,ge,-0.54
MNE,2007,ge,-0.28
MAR,2007,ge,-0.34
MOZ,2007,ge,-0.55
MMR,2007,ge,-1.49
NAM,2007,ge,0.2
NRU,2007,ge,-0.58
NPL,2007,ge,-0.72
NLD,2007,ge,1.72
ANT,2007,ge,0.74
NZL,2007,ge,1.66
NIC,2007,ge,-0.95
NER,2007,ge,-0.8
NGA,2007,ge,-1.03
MKD,2007,ge,-0.24
NOR,2007,ge,2.02
OMN,2007,ge,0.31
PAK,2007,ge,-0.49
PAN,2007,ge,0.13
PNG,2007,ge,-0.65
PRY,2007,ge,-0.85
PER,2007,ge,-0.63
PHL,2007,ge,0.11
POL,2007,ge,0.36
PRT,2007,ge,0.89
PRI,2007,ge,0.55
QAT,2007,ge,0.46
ROM,2007,ge,-0.35
RUS,2007,ge,-0.41
RWA,2007,ge,-0.25
REU,2007,ge,0.99
WSM,2007,ge,0.26
SAU,2007,ge,-0.14
SEN,2007,ge,-0.49
SRB,2007,ge,-0.26
SYC,2007,ge,0.61
SLE,2007,ge,-1.15
SGP,2007,ge,2.41
SVK,2007,ge,0.69
SVN,2007,ge,0.89
SLB,2007,ge,-1.08
SOM,2007,ge,-2.2
ZAF,2007,ge,0.28
ESP,2007,ge,0.99
LKA,2007,ge,-0.08
KNA,2007,ge,1.08
LCA,2007,ge,0.75
VCT,2007,ge,0.75
SDN,2007,ge,-1.13
SUR,2007,ge,-0.28
SWE,2007,ge,2.02
CHE,2007,ge,2.04
SYR,2007,ge,-0.7
STP,2007,ge,-0.75
TWN,2007,ge,1.1
TJK,2007,ge,-1.13
TZA,2007,ge,-0.42
THA,2007,ge,0.29
TMP,2007,ge,-1.15
TGO,2007,ge,-1.52
TON,2007,ge,-0.45
TTO,2007,ge,0.24
TUN,2007,ge,0.48
TKM,2007,ge,-1.41
TUV,2007,ge,-0.46
TUR,2007,ge,0.33
UGA,2007,ge,-0.45
UKR,2007,ge,-0.72
ARE,2007,ge,0.94
GBR,2007,ge,1.64
USA,2007,ge,1.64
URY,2007,ge,0.56
UZB,2007,ge,-1.14
VUT,2007,ge,-0.41
VEN,2007,ge,-1.1
VNM,2007,ge,-0.23
VIR,2007,ge,1.25
WBG,2007,ge,-1.11
YEM,2007,ge,-0.89
ZMB,2007,ge,-0.75
ZWE,2007,ge,-1.3
AFG,2007,pv,-2.41
ALB,2007,pv,-0.2
DZA,2007,pv,-1.15
ASM,2007,pv,0.97
ADO,2007,pv,1.34
AGO,2007,pv,-0.67
AIA,2007,pv,1.09
ATG,2007,pv,0.8
ARG,2007,pv,0.1
ARM,2007,pv,0.15
ABW,2007,pv,1.29
AUS,2007,pv,0.93
AUT,2007,pv,1.28
AZE,2007,pv,-0.63
BHS,2007,pv,0.73
BHR,2007,pv,-0.25
BGD,2007,pv,-1.54
BRB,2007,pv,1.04
BLR,2007,pv,0.34
BEL,2007,pv,0.76
BLZ,2007,pv,0.19
BEN,2007,pv,0.39
BMU,2007,pv,0.77
BTN,2007,pv,0.57
BOL,2007,pv,-0.85
BIH,2007,pv,-0.63
BWA,2007,pv,1.06
BRA,2007,pv,-0.36
BRN,2007,pv,1.11
BGR,2007,pv,0.36
BFA,2007,pv,0.31
BDI,2007,pv,-1.38
KHM,2007,pv,-0.36
CMR,2007,pv,-0.33
CAN,2007,pv,1.01
CPV,2007,pv,0.88
CYM,2007,pv,1.09
CAF,2007,pv,-1.86
TCD,2007,pv,-1.87
CHL,2007,pv,0.41
CHN,2007,pv,-0.5
COL,2007,pv,-1.81
COM,2007,pv,-1.1
ZAR,2007,pv,-2.18
COG,2007,pv,-0.77
CRI,2007,pv,0.58
HRV,2007,pv,0.61
CUB,2007,pv,0.45
CYP,2007,pv,0.54
CZE,2007,pv,1.02
CIV,2007,pv,-1.84
DNK,2007,pv,1.12
DJI,2007,pv,-0.12
DMA,2007,pv,0.79
DOM,2007,pv,-0.08
ECU,2007,pv,-0.82
EGY,2007,pv,-0.55
SLV,2007,pv,-0.01
GNQ,2007,pv,0.26
ERI,2007,pv,-1.05
EST,2007,pv,0.63
SWZ,2007,pv,0.05
ETH,2007,pv,-1.81
FJI,2007,pv,0.06
FIN,2007,pv,1.49
FRA,2007,pv,0.56
GUF,2007,pv,0.06
GAB,2007,pv,0.3
GMB,2007,pv,0.05
GEO,2007,pv,-0.65
DEU,2007,pv,1
GHA,2007,pv,-0.07
GRC,2007,pv,0.52
GRD,2007,pv,0.38
GUM,2007,pv,0.43
GTM,2007,pv,-0.75
GIN,2007,pv,-2.4
GNB,2007,pv,-0.46
GUY,2007,pv,-0.56
HTI,2007,pv,-1.32
HND,2007,pv,-0.44
HKG,2007,pv,1.1
HUN,2007,pv,0.75
ISL,2007,pv,1.49
IND,2007,pv,-1.15
IDN,2007,pv,-1.2
IRN,2007,pv,-0.93
IRQ,2007,pv,-2.77
IRL,2007,pv,1.22
ISR,2007,pv,-1.25
ITA,2007,pv,0.45
JAM,2007,pv,-0.26
JPN,2007,pv,1.01
JOR,2007,pv,-0.3
KAZ,2007,pv,0.65
KEN,2007,pv,-1.31
KIR,2007,pv,1.34
PRK,2007,pv,0.54
KOR,2007,pv,0.57
KWT,2007,pv,0.62
KGZ,2007,pv,-0.99
LAO,2007,pv,-0.18
LVA,2007,pv,0.56
LBN,2007,pv,-2.12
LSO,2007,pv,-0.39
LBR,2007,pv,-1.24
LBY,2007,pv,0.75
LIE,2007,pv,1.34
LTU,2007,pv,0.82
LUX,2007,pv,1.48
MAC,2007,pv,0.46
MDG,2007,pv,0.09
MWI,2007,pv,0.08
MYS,2007,pv,0.19
MDV,2007,pv,0.08
MLI,2007,pv,0.23
MLT,2007,pv,1.27
MHL,2007,pv,1.09
MTQ,2007,pv,1.09
MRT,2007,pv,-0.28
MUS,2007,pv,0.88
MEX,2007,pv,-0.73
FSM,2007,pv,1.15
MDA,2007,pv,-0.01
MCO,2007,pv,1.04
MNG,2007,pv,0.67
MNE,2007,pv,0.11
MAR,2007,pv,-0.5
MOZ,2007,pv,0.36
MMR,2007,pv,-1.07
NAM,2007,pv,1.02
NRU,2007,pv,1.09
NPL,2007,pv,-1.89
NLD,2007,pv,0.78
ANT,2007,pv,1.09
NZL,2007,pv,1.24
NIC,2007,pv,-0.12
NER,2007,pv,-0.46
NGA,2007,pv,-2.01
MKD,2007,pv,-0.43
NOR,2007,pv,1.15
OMN,2007,pv,0.94
PAK,2007,pv,-2.43
PLW,2007,pv,1.09
PAN,2007,pv,-0.06
PNG,2007,pv,-0.75
PRY,2007,pv,-0.74
PER,2007,pv,-0.77
PHL,2007,pv,-1.6
POL,2007,pv,0.68
PRT,2007,pv,0.82
PRI,2007,pv,0.41
QAT,2007,pv,0.95
ROM,2007,pv,0.2
RUS,2007,pv,-0.86
RWA,2007,pv,-0.36
REU,2007,pv,0.7
WSM,2007,pv,1
SMR,2007,pv,1.09
SAU,2007,pv,-0.47
SEN,2007,pv,-0.24
SRB,2007,pv,-0.59
SYC,2007,pv,0.79
SLE,2007,pv,-0.06
SGP,2007,pv,1.17
SVK,2007,pv,1.04
SVN,2007,pv,1.1
SLB,2007,pv,0.23
SOM,2007,pv,-3.23
ZAF,2007,pv,0.22
ESP,2007,pv,-0.28
LKA,2007,pv,-1.75
KNA,2007,pv,0.8
LCA,2007,pv,0.62
VCT,2007,pv,0.79
SDN,2007,pv,-2.36
SUR,2007,pv,-0.02
SWE,2007,pv,1.27
CHE,2007,pv,1.23
SYR,2007,pv,-0.34
STP,2007,pv,0.39
TWN,2007,pv,0.55
TJK,2007,pv,-0.75
TZA,2007,pv,-0.39
THA,2007,pv,-1.11
TMP,2007,pv,-1.1
TGO,2007,pv,-0.34
TON,2007,pv,0.28
TTO,2007,pv,-0.19
TUN,2007,pv,0.16
TKM,2007,pv,0.28
TUV,2007,pv,1.34
TUR,2007,pv,-0.82
UGA,2007,pv,-0.92
UKR,2007,pv,0.17
ARE,2007,pv,0.98
GBR,2007,pv,0.57
USA,2007,pv,0.37
URY,2007,pv,0.84
UZB,2007,pv,-1.36
VUT,2007,pv,1.23
VEN,2007,pv,-1.23
VNM,2007,pv,0.25
VIR,2007,pv,0.48
WBG,2007,pv,-1.87
YEM,2007,pv,-1.59
ZMB,2007,pv,0.36
ZWE,2007,pv,-1.11
AFG,2007,rl,-1.85
ALB,2007,rl,-0.66
DZA,2007,rl,-0.79
ASM,2007,rl,1.09
ADO,2007,rl,1.17
AGO,2007,rl,-1.38
AIA,2007,rl,1.62
ATG,2007,rl,0.89
ARG,2007,rl,-0.6
ARM,2007,rl,-0.5
ABW,2007,rl,0.83
AUS,2007,rl,1.74
AUT,2007,rl,1.94
AZE,2007,rl,-0.88
BHS,2007,rl,1.25
BHR,2007,rl,0.52
BGD,2007,rl,-0.83
BRB,2007,rl,1.31
BLR,2007,rl,-1.17
BEL,2007,rl,1.32
BLZ,2007,rl,-0.04
BEN,2007,rl,-0.51
BMU,2007,rl,0.83
BTN,2007,rl,0.37
BOL,2007,rl,-0.83
BIH,2007,rl,-0.47
BWA,2007,rl,0.54
BRA,2007,rl,-0.41
BRN,2007,rl,0.4
BGR,2007,rl,-0.06
BFA,2007,rl,-0.4
BDI,2007,rl,-1.08
KHM,2007,rl,-1.15
CMR,2007,rl,-1.19
CAN,2007,rl,1.8
CPV,2007,rl,0.61
CYM,2007,rl,1.09
CAF,2007,rl,-1.57
TCD,2007,rl,-1.54
CHL,2007,rl,1.2
CHN,2007,rl,-0.6
COL,2007,rl,-0.43
COM,2007,rl,-1.04
ZAR,2007,rl,-1.61
COG,2007,rl,-1.22
COK,2007,rl,0.5
CRI,2007,rl,0.35
HRV,2007,rl,0.04
CUB,2007,rl,-0.69
CYP,2007,rl,1.11
CZE,2007,rl,0.88
CIV,2007,rl,-1.47
DNK,2007,rl,2
DJI,2007,rl,-0.77
DMA,2007,rl,0.7
DOM,2007,rl,-0.63
ECU,2007,rl,-1.03
EGY,2007,rl,-0.25
SLV,2007,rl,-0.72
GNQ,2007,rl,-0.99
ERI,2007,rl,-1.28
EST,2007,rl,1.12
SWZ,2007,rl,-0.69
ETH,2007,rl,-0.66
FJI,2007,rl,-0.62
FIN,2007,rl,1.9
FRA,2007,rl,1.46
GUF,2007,rl,0.56
GAB,2007,rl,-0.71
GMB,2007,rl,-0.33
GEO,2007,rl,-0.34
DEU,2007,rl,1.76
GHA,2007,rl,0.04
GRC,2007,rl,0.86
GRD,2007,rl,0.19
GUM,2007,rl,1.09
GTM,2007,rl,-1.12
GIN,2007,rl,-1.45
GNB,2007,rl,-1.33
GUY,2007,rl,-0.46
HTI,2007,rl,-1.35
HND,2007,rl,-0.93
HKG,2007,rl,1.51
HUN,2007,rl,0.94
ISL,2007,rl,1.83
IND,2007,rl,0.1
IDN,2007,rl,-0.7
IRN,2007,rl,-1.03
IRQ,2007,rl,-1.84
IRL,2007,rl,1.73
ISR,2007,rl,0.82
ITA,2007,rl,0.47
JAM,2007,rl,-0.35
JPN,2007,rl,1.32
JOR,2007,rl,0.36
KAZ,2007,rl,-1.03
KEN,2007,rl,-0.97
KIR,2007,rl,0.81
PRK,2007,rl,-1.26
KOR,2007,rl,1.01
KSV,2007,rl,-0.76
KWT,2007,rl,0.59
KGZ,2007,rl,-1.32
LAO,2007,rl,-0.96
LVA,2007,rl,0.72
LBN,2007,rl,-0.66
LSO,2007,rl,-0.31
LBR,2007,rl,-0.91
LBY,2007,rl,-0.96
LIE,2007,rl,1.39
LTU,2007,rl,0.69
LUX,2007,rl,1.75
MAC,2007,rl,0.31
MDG,2007,rl,-0.39
MWI,2007,rl,-0.17
MYS,2007,rl,0.37
MDV,2007,rl,-0.13
MLI,2007,rl,-0.18
MLT,2007,rl,1.61
MHL,2007,rl,0.87
MTQ,2007,rl,0.83
MRT,2007,rl,-0.7
MUS,2007,rl,0.85
MEX,2007,rl,-0.54
FSM,2007,rl,1.16
MDA,2007,rl,-0.51
MCO,2007,rl,0.88
MNG,2007,rl,-0.34
MNE,2007,rl,-0.19
MAR,2007,rl,-0.33
MOZ,2007,rl,-0.61
MMR,2007,rl,-1.55
NAM,2007,rl,0.16
NRU,2007,rl,0.5
NPL,2007,rl,-0.59
NLD,2007,rl,1.77
ANT,2007,rl,0.83
NZL,2007,rl,1.83
NIC,2007,rl,-0.79
NER,2007,rl,-0.61
NGA,2007,rl,-1.06
MKD,2007,rl,-0.42
NOR,2007,rl,1.93
OMN,2007,rl,0.4
PAK,2007,rl,-0.89
PLW,2007,rl,0.88
PAN,2007,rl,-0.17
PNG,2007,rl,-0.86
PRY,2007,rl,-0.96
PER,2007,rl,-0.75
PHL,2007,rl,-0.46
POL,2007,rl,0.41
PRT,2007,rl,1
PRI,2007,rl,0.58
QAT,2007,rl,0.52
ROM,2007,rl,-0.11
RUS,2007,rl,-1.01
RWA,2007,rl,-0.58
REU,2007,rl,1.09
WSM,2007,rl,0.95
SMR,2007,rl,0.88
SAU,2007,rl,0.07
SEN,2007,rl,-0.24
SRB,2007,rl,-0.46
SYC,2007,rl,0.31
SLE,2007,rl,-0.99
SGP,2007,rl,1.6
SVK,2007,rl,0.43
SVN,2007,rl,0.95
SLB,2007,rl,-0.78
SOM,2007,rl,-2.42
ZAF,2007,rl,0
ESP,2007,rl,1.15
LKA,2007,rl,0.13
KNA,2007,rl,0.89
LCA,2007,rl,0.85
VCT,2007,rl,0.7
SDN,2007,rl,-1.42
SUR,2007,rl,-0.25
SWE,2007,rl,1.89
CHE,2007,rl,1.83
SYR,2007,rl,-0.83
STP,2007,rl,-0.46
TWN,2007,rl,0.78
TJK,2007,rl,-1.3
TZA,2007,rl,-0.38
THA,2007,rl,-0.14
TMP,2007,rl,-1.2
TGO,2007,rl,-0.93
TON,2007,rl,0.5
TTO,2007,rl,-0.15
TUN,2007,rl,0.08
TKM,2007,rl,-1.57
TUV,2007,rl,0.99
TUR,2007,rl,-0.04
UGA,2007,rl,-0.36
UKR,2007,rl,-0.75
ARE,2007,rl,0.27
GBR,2007,rl,1.72
USA,2007,rl,1.61
URY,2007,rl,0.6
UZB,2007,rl,-1.22
VUT,2007,rl,0.59
VEN,2007,rl,-1.57
VNM,2007,rl,-0.49
VIR,2007,rl,0.83
WBG,2007,rl,-0.63
YEM,2007,rl,-0.97
ZMB,2007,rl,-0.53
ZWE,2007,rl,-1.81
AFG,2007,rq,-1.71
ALB,2007,rq,0.03
DZA,2007,rq,-0.52
ASM,2007,rq,0.38
ADO,2007,rq,1.38
AGO,2007,rq,-1.08
AIA,2007,rq,1.38
ATG,2007,rq,0.53
ARG,2007,rq,-0.64
ARM,2007,rq,0.27
ABW,2007,rq,0.88
AUS,2007,rq,1.68
AUT,2007,rq,1.69
AZE,2007,rq,-0.47
BHS,2007,rq,1.03
BHR,2007,rq,0.76
BGD,2007,rq,-0.95
BRB,2007,rq,1.08
BLR,2007,rq,-1.42
BEL,2007,rq,1.42
BLZ,2007,rq,-0.35
BEN,2007,rq,-0.51
BMU,2007,rq,1.38
BTN,2007,rq,-0.71
BOL,2007,rq,-0.99
BIH,2007,rq,-0.29
BWA,2007,rq,0.63
BRA,2007,rq,-0.02
BRN,2007,rq,0.99
BGR,2007,rq,0.64
BFA,2007,rq,-0.31
BDI,2007,rq,-1.23
KHM,2007,rq,-0.49
CMR,2007,rq,-0.84
CAN,2007,rq,1.61
CPV,2007,rq,-0.33
CYM,2007,rq,1.38
CAF,2007,rq,-1.27
TCD,2007,rq,-1.12
CHL,2007,rq,1.49
CHN,2007,rq,-0.23
COL,2007,rq,0.28
COM,2007,rq,-1.44
ZAR,2007,rq,-1.26
COG,2007,rq,-1.17
COK,2007,rq,0.14
CRI,2007,rq,0.45
HRV,2007,rq,0.41
CUB,2007,rq,-1.56
CYP,2007,rq,1.33
CZE,2007,rq,1.05
CIV,2007,rq,-0.88
DNK,2007,rq,1.93
DJI,2007,rq,-0.78
DMA,2007,rq,0.72
DOM,2007,rq,-0.22
ECU,2007,rq,-1.14
EGY,2007,rq,-0.32
SLV,2007,rq,0.09
GNQ,2007,rq,-1.45
ERI,2007,rq,-2.02
EST,2007,rq,1.32
SWZ,2007,rq,-0.57
ETH,2007,rq,-0.98
FJI,2007,rq,-0.37
FIN,2007,rq,1.55
FRA,2007,rq,1.29
GUF,2007,rq,0.88
GAB,2007,rq,-0.38
GMB,2007,rq,-0.49
GEO,2007,rq,0.3
DEU,2007,rq,1.62
GHA,2007,rq,-0.11
GRC,2007,rq,0.89
GRD,2007,rq,0.42
GUM,2007,rq,0.63
GTM,2007,rq,-0.31
GIN,2007,rq,-1.19
GNB,2007,rq,-1.14
GUY,2007,rq,-0.62
HTI,2007,rq,-0.84
HND,2007,rq,-0.28
HKG,2007,rq,1.99
HUN,2007,rq,1.21
ISL,2007,rq,1.51
IND,2007,rq,-0.31
IDN,2007,rq,-0.39
IRN,2007,rq,-1.6
IRQ,2007,rq,-1.32
IRL,2007,rq,1.85
ISR,2007,rq,1.1
ITA,2007,rq,0.94
JAM,2007,rq,0.27
JPN,2007,rq,1.13
JOR,2007,rq,0.32
KAZ,2007,rq,-0.35
KEN,2007,rq,-0.32
KIR,2007,rq,-1.1
PRK,2007,rq,-2.28
KOR,2007,rq,0.92
KSV,2007,rq,0.04
KWT,2007,rq,0.26
KGZ,2007,rq,-0.42
LAO,2007,rq,-1.19
LVA,2007,rq,0.95
LBN,2007,rq,-0.34
LSO,2007,rq,-0.72
LBR,2007,rq,-1.11
LBY,2007,rq,-1.11
LIE,2007,rq,1.38
LTU,2007,rq,1.01
LUX,2007,rq,1.74
MAC,2007,rq,0.88
MDG,2007,rq,-0.29
MWI,2007,rq,-0.51
MYS,2007,rq,0.5
MDV,2007,rq,0.06
MLI,2007,rq,-0.39
MLT,2007,rq,1.14
MHL,2007,rq,-0.91
MTQ,2007,rq,0.88
MRT,2007,rq,-0.49
MUS,2007,rq,0.47
MEX,2007,rq,0.37
FSM,2007,rq,-0.23
MDA,2007,rq,-0.28
MNG,2007,rq,-0.28
MNE,2007,rq,-0.13
MAR,2007,rq,-0.22
MOZ,2007,rq,-0.64
MMR,2007,rq,-2.27
NAM,2007,rq,0.05
NRU,2007,rq,-0.7
NPL,2007,rq,-0.58
NLD,2007,rq,1.8
ANT,2007,rq,0.88
NZL,2007,rq,1.72
NIC,2007,rq,-0.45
NER,2007,rq,-0.56
NGA,2007,rq,-0.89
MKD,2007,rq,0.04
NOR,2007,rq,1.33
OMN,2007,rq,0.61
PAK,2007,rq,-0.54
PAN,2007,rq,0.4
PNG,2007,rq,-0.61
PRY,2007,rq,-0.58
PER,2007,rq,0.24
PHL,2007,rq,-0.13
POL,2007,rq,0.77
PRT,2007,rq,1.08
PRI,2007,rq,1
QAT,2007,rq,0.4
ROM,2007,rq,0.51
RUS,2007,rq,-0.26
RWA,2007,rq,-0.69
REU,2007,rq,1.13
WSM,2007,rq,-0.08
SAU,2007,rq,0.02
SEN,2007,rq,-0.4
SRB,2007,rq,-0.44
SYC,2007,rq,0.01
SLE,2007,rq,-1.09
SGP,2007,rq,1.81
SVK,2007,rq,0.97
SVN,2007,rq,0.8
SLB,2007,rq,-1.14
SOM,2007,rq,-2.43
ZAF,2007,rq,0.6
ESP,2007,rq,1.22
LKA,2007,rq,-0.3
KNA,2007,rq,1.05
LCA,2007,rq,0.77
VCT,2007,rq,0.72
SDN,2007,rq,-1.32
SUR,2007,rq,-0.59
SWE,2007,rq,1.57
CHE,2007,rq,1.65
SYR,2007,rq,-1.33
STP,2007,rq,-0.82
TWN,2007,rq,0.95
TJK,2007,rq,-1.13
TZA,2007,rq,-0.46
THA,2007,rq,0.09
TMP,2007,rq,-1.63
TGO,2007,rq,-0.98
TON,2007,rq,-0.72
TTO,2007,rq,0.66
TUN,2007,rq,0.07
TKM,2007,rq,-2.01
TUV,2007,rq,-0.82
TUR,2007,rq,0.33
UGA,2007,rq,-0.25
UKR,2007,rq,-0.41
ARE,2007,rq,0.61
GBR,2007,rq,1.87
USA,2007,rq,1.49
URY,2007,rq,0.38
UZB,2007,rq,-1.51
VUT,2007,rq,-0.45
VEN,2007,rq,-1.44
VNM,2007,rq,-0.57
VIR,2007,rq,0.63
WBG,2007,rq,-1.2
YEM,2007,rq,-0.68
ZMB,2007,rq,-0.57
ZWE,2007,rq,-2.08
AFG,2007,va,-1.06
ALB,2007,va,0.11
DZA,2007,va,-0.98
ASM,2007,va,0.97
ADO,2007,va,1.31
AGO,2007,va,-1.19
AIA,2007,va,0.97
ATG,2007,va,0.54
ARG,2007,va,0.45
ARM,2007,va,-0.76
ABW,2007,va,0.97
AUS,2007,va,1.37
AUT,2007,va,1.37
AZE,2007,va,-1.23
BHS,2007,va,1.1
BHR,2007,va,-0.86
BGD,2007,va,-0.57
BRB,2007,va,1.03
BLR,2007,va,-1.7
BEL,2007,va,1.36
BLZ,2007,va,0.53
BEN,2007,va,0.37
BMU,2007,va,0.97
BTN,2007,va,-0.87
BOL,2007,va,0.04
BIH,2007,va,0.13
BWA,2007,va,0.51
BRA,2007,va,0.54
BRN,2007,va,-1.06
BGR,2007,va,0.69
BFA,2007,va,-0.31
BDI,2007,va,-0.71
KHM,2007,va,-0.93
CMR,2007,va,-1.05
CAN,2007,va,1.38
CPV,2007,va,0.86
CYM,2007,va,0.74
CAF,2007,va,-1.08
TCD,2007,va,-1.45
CHL,2007,va,1.1
CHN,2007,va,-1.72
COL,2007,va,-0.17
COM,2007,va,-0.39
ZAR,2007,va,-1.21
COG,2007,va,-1.23
CRI,2007,va,0.94
HRV,2007,va,0.52
CUB,2007,va,-1.85
CYP,2007,va,1.07
CZE,2007,va,1
CIV,2007,va,-1.2
DNK,2007,va,1.48
DJI,2007,va,-1.2
DMA,2007,va,1
DOM,2007,va,0.2
ECU,2007,va,-0.16
EGY,2007,va,-1.17
SLV,2007,va,0.09
GNQ,2007,va,-1.89
ERI,2007,va,-2.12
EST,2007,va,1.07
SWZ,2007,va,-1.35
ETH,2007,va,-1.2
FJI,2007,va,-0.65
FIN,2007,va,1.46
FRA,2007,va,1.26
GUF,2007,va,0.29
GAB,2007,va,-0.87
GMB,2007,va,-0.89
GEO,2007,va,-0.23
DEU,2007,va,1.34
GHA,2007,va,0.5
GRC,2007,va,0.98
GRD,2007,va,0.79
GUM,2007,va,0.97
GTM,2007,va,-0.17
GIN,2007,va,-1.37
GNB,2007,va,-0.71
GUY,2007,va,0.1
HTI,2007,va,-0.61
HND,2007,va,-0.19
HKG,2007,va,0.48
HUN,2007,va,1.04
ISL,2007,va,1.43
IND,2007,va,0.45
IDN,2007,va,-0.02
IRN,2007,va,-1.55
IRQ,2007,va,-1.13
IRL,2007,va,1.4
ISR,2007,va,0.74
ITA,2007,va,1.11
JAM,2007,va,0.64
JPN,2007,va,0.97
JOR,2007,va,-0.68
KAZ,2007,va,-1.16
KEN,2007,va,-0.25
KIR,2007,va,0.64
PRK,2007,va,-2.24
KOR,2007,va,0.7
KSV,2007,va,-0.31
KWT,2007,va,-0.55
KGZ,2007,va,-0.96
LAO,2007,va,-1.72
LVA,2007,va,0.83
LBN,2007,va,-0.47
LSO,2007,va,0.01
LBR,2007,va,-0.14
LBY,2007,va,-1.95
LIE,2007,va,1.3
LTU,2007,va,0.89
LUX,2007,va,1.54
MAC,2007,va,0.06
MDG,2007,va,-0.14
MWI,2007,va,-0.26
MYS,2007,va,-0.52
MDV,2007,va,-0.93
MLI,2007,va,0.23
MLT,2007,va,1.24
MHL,2007,va,1.16
MTQ,2007,va,0.52
MRT,2007,va,-0.67
MUS,2007,va,0.89
MEX,2007,va,0.12
FSM,2007,va,1.06
MDA,2007,va,-0.29
MCO,2007,va,0.93
MNG,2007,va,0.31
MNE,2007,va,0.26
MAR,2007,va,-0.71
MOZ,2007,va,-0.08
MMR,2007,va,-2.21
NAM,2007,va,0.45
NRU,2007,va,1.06
NPL,2007,va,-0.59
NLD,2007,va,1.52
ANT,2007,va,0.52
NZL,2007,va,1.48
NIC,2007,va,-0.22
NER,2007,va,-0.37
NGA,2007,va,-0.76
MKD,2007,va,0.28
NOR,2007,va,1.55
OMN,2007,va,-1.06
PAK,2007,va,-0.95
PLW,2007,va,1.19
PAN,2007,va,0.62
PNG,2007,va,0.07
PRY,2007,va,-0.16
PER,2007,va,0.11
PHL,2007,va,-0.11
POL,2007,va,0.88
PRT,2007,va,1.23
PRI,2007,va,1.12
QAT,2007,va,-1.04
ROM,2007,va,0.5
RUS,2007,va,-0.92
RWA,2007,va,-1.25
REU,2007,va,1.2
WSM,2007,va,0.61
SMR,2007,va,1.16
SAU,2007,va,-1.71
SEN,2007,va,-0.18
SRB,2007,va,0.31
SYC,2007,va,0.06
SLE,2007,va,-0.22
SGP,2007,va,-0.36
SVK,2007,va,0.95
SVN,2007,va,1.06
SLB,2007,va,0.06
SOM,2007,va,-1.85
ZAF,2007,va,0.58
ESP,2007,va,1.12
LKA,2007,va,-0.44
KNA,2007,va,1.16
LCA,2007,va,1.18
VCT,2007,va,1.04
SDN,2007,va,-1.65
SUR,2007,va,0.56
SWE,2007,va,1.51
CHE,2007,va,1.5
SYR,2007,va,-1.78
STP,2007,va,0.19
TWN,2007,va,0.73
TJK,2007,va,-1.29
TZA,2007,va,-0.14
THA,2007,va,-0.56
TMP,2007,va,0.15
TGO,2007,va,-1.07
TON,2007,va,-0.17
TTO,2007,va,0.55
TUN,2007,va,-1.38
TKM,2007,va,-2.16
TUV,2007,va,0.75
TUR,2007,va,-0.05
UGA,2007,va,-0.49
UKR,2007,va,0.06
ARE,2007,va,-0.91
GBR,2007,va,1.34
USA,2007,va,1.11
URY,2007,va,1.05
UZB,2007,va,-2.12
VUT,2007,va,0.39
VEN,2007,va,-0.75
VNM,2007,va,-1.53
VIR,2007,va,0.74
WBG,2007,va,-0.68
YEM,2007,va,-1.11
ZMB,2007,va,-0.21
ZWE,2007,va,-1.57
AFG,2008,cc,-1.67
ALB,2008,cc,-0.61
DZA,2008,cc,-0.63
ASM,2008,cc,0.32
ADO,2008,cc,1.28
AGO,2008,cc,-1.31
AIA,2008,cc,1.28
ATG,2008,cc,1.28
ARG,2008,cc,-0.43
ARM,2008,cc,-0.71
ABW,2008,cc,1.28
AUS,2008,cc,2.03
AUT,2008,cc,1.83
AZE,2008,cc,-1.16
BHS,2008,cc,1.33
BHR,2008,cc,0.18
BGD,2008,cc,-1.05
BRB,2008,cc,1.36
BLR,2008,cc,-0.56
BEL,2008,cc,1.36
BLZ,2008,cc,-0.3
BEN,2008,cc,-0.51
BMU,2008,cc,1.28
BTN,2008,cc,0.91
BOL,2008,cc,-0.53
BIH,2008,cc,-0.36
BWA,2008,cc,1.02
BRA,2008,cc,0
BRN,2008,cc,0.48
BGR,2008,cc,-0.27
BFA,2008,cc,-0.31
BDI,2008,cc,-1.09
KHM,2008,cc,-1.24
CMR,2008,cc,-1.03
CAN,2008,cc,1.99
CPV,2008,cc,0.9
CYM,2008,cc,0.8
CAF,2008,cc,-1.14
TCD,2008,cc,-1.53
CHL,2008,cc,1.32
CHN,2008,cc,-0.53
COL,2008,cc,-0.26
COM,2008,cc,-0.77
ZAR,2008,cc,-1.26
COG,2008,cc,-1.19
CRI,2008,cc,0.49
HRV,2008,cc,-0.05
CUB,2008,cc,0.26
CYP,2008,cc,1.19
CZE,2008,cc,0.34
CIV,2008,cc,-1.12
DNK,2008,cc,2.38
DJI,2008,cc,-0.3
DMA,2008,cc,0.79
DOM,2008,cc,-0.75
ECU,2008,cc,-0.65
EGY,2008,cc,-0.77
SLV,2008,cc,-0.41
GNQ,2008,cc,-1.2
ERI,2008,cc,-0.36
EST,2008,cc,0.95
SWZ,2008,cc,0.04
ETH,2008,cc,-0.67
FJI,2008,cc,0.1
FIN,2008,cc,2.32
FRA,2008,cc,1.4
GUF,2008,cc,0.8
GAB,2008,cc,-1.17
GMB,2008,cc,-0.71
GEO,2008,cc,-0.1
DEU,2008,cc,1.75
GHA,2008,cc,-0.08
GRC,2008,cc,0.13
GRD,2008,cc,0.38
GUM,2008,cc,0.8
GTM,2008,cc,-0.67
GIN,2008,cc,-1.21
GNB,2008,cc,-1.2
GUY,2008,cc,-0.56
HTI,2008,cc,-1.22
HND,2008,cc,-0.92
HKG,2008,cc,1.89
HUN,2008,cc,0.43
ISL,2008,cc,2.33
IND,2008,cc,-0.34
IDN,2008,cc,-0.64
IRN,2008,cc,-0.76
IRQ,2008,cc,-1.46
IRL,2008,cc,1.74
ISR,2008,cc,0.88
ITA,2008,cc,0.26
JAM,2008,cc,-0.34
JPN,2008,cc,1.32
JOR,2008,cc,0.38
KAZ,2008,cc,-0.98
KEN,2008,cc,-1.07
KIR,2008,cc,0.04
PRK,2008,cc,-1.52
KOR,2008,cc,0.43
KSV,2008,cc,-0.65
KWT,2008,cc,0.41
KGZ,2008,cc,-1.23
LAO,2008,cc,-1.21
LVA,2008,cc,0.23
LBN,2008,cc,-0.86
LSO,2008,cc,0.06
LBR,2008,cc,-0.79
LBY,2008,cc,-0.98
LIE,2008,cc,1.18
LTU,2008,cc,0.11
LUX,2008,cc,1.96
MAC,2008,cc,0.43
MDG,2008,cc,-0.27
MWI,2008,cc,-0.45
MYS,2008,cc,-0.09
MDV,2008,cc,-0.82
MLI,2008,cc,-0.54
MLT,2008,cc,0.99
MHL,2008,cc,-0.76
MTQ,2008,cc,0.8
MRT,2008,cc,-0.79
MUS,2008,cc,0.44
MEX,2008,cc,-0.31
FSM,2008,cc,-0.22
MDA,2008,cc,-0.63
MNG,2008,cc,-0.66
MNE,2008,cc,-0.24
MAR,2008,cc,-0.43
MOZ,2008,cc,-0.49
MMR,2008,cc,-1.62
NAM,2008,cc,0.64
NRU,2008,cc,-0.33
NPL,2008,cc,-0.82
NLD,2008,cc,2.1
ANT,2008,cc,1.28
NZL,2008,cc,2.3
NIC,2008,cc,-0.77
NER,2008,cc,-0.73
NGA,2008,cc,-0.9
MKD,2008,cc,-0.21
NOR,2008,cc,1.89
OMN,2008,cc,0.51
PAK,2008,cc,-0.9
PLW,2008,cc,-0.33
PAN,2008,cc,-0.1
PNG,2008,cc,-1.18
PRY,2008,cc,-0.98
PER,2008,cc,-0.21
PHL,2008,cc,-0.78
POL,2008,cc,0.45
PRT,2008,cc,1.06
PRI,2008,cc,0.41
QAT,2008,cc,0.93
ROM,2008,cc,-0.19
RUS,2008,cc,-1.13
RWA,2008,cc,0.11
REU,2008,cc,0.8
WSM,2008,cc,0.26
SAU,2008,cc,-0.01
SEN,2008,cc,-0.5
SRB,2008,cc,-0.3
SYC,2008,cc,0.56
SLE,2008,cc,-0.98
SGP,2008,cc,2.23
SVK,2008,cc,0.31
SVN,2008,cc,0.94
SLB,2008,cc,-0.35
SOM,2008,cc,-1.85
ZAF,2008,cc,0.15
ESP,2008,cc,1.18
LKA,2008,cc,-0.22
KNA,2008,cc,1.28
LCA,2008,cc,1.31
VCT,2008,cc,1.13
SDN,2008,cc,-1.43
SUR,2008,cc,-0.03
SWE,2008,cc,2.21
CHE,2008,cc,2.11
SYR,2008,cc,-1.07
STP,2008,cc,-0.29
TWN,2008,cc,0.51
TJK,2008,cc,-1.19
TZA,2008,cc,-0.42
THA,2008,cc,-0.44
TMP,2008,cc,-0.65
TGO,2008,cc,-0.98
TON,2008,cc,-0.68
TTO,2008,cc,-0.08
TUN,2008,cc,-0.17
TKM,2008,cc,-1.4
TUV,2008,cc,-0.22
TUR,2008,cc,0.12
UGA,2008,cc,-0.84
UKR,2008,cc,-0.86
ARE,2008,cc,1.07
GBR,2008,cc,1.67
USA,2008,cc,1.44
URY,2008,cc,1.35
UZB,2008,cc,-1.06
VUT,2008,cc,0.36
VEN,2008,cc,-1.14
VNM,2008,cc,-0.71
VIR,2008,cc,0.8
WBG,2008,cc,-0.44
YEM,2008,cc,-0.8
ZMB,2008,cc,-0.39
ZWE,2008,cc,-1.35
AFG,2008,ge,-1.53
ALB,2008,ge,-0.37
DZA,2008,ge,-0.6
ASM,2008,ge,0.5
ADO,2008,ge,1.53
AGO,2008,ge,-1.06
AIA,2008,ge,1.53
ATG,2008,ge,0.5
ARG,2008,ge,-0.12
ARM,2008,ge,-0.18
ABW,2008,ge,1.27
AUS,2008,ge,1.78
AUT,2008,ge,1.77
AZE,2008,ge,-0.79
BHS,2008,ge,1.14
BHR,2008,ge,0.36
BGD,2008,ge,-0.74
BRB,2008,ge,1.56
BLR,2008,ge,-1.17
BEL,2008,ge,1.38
BLZ,2008,ge,-0.31
BEN,2008,ge,-0.49
BMU,2008,ge,1.01
BTN,2008,ge,0.33
BOL,2008,ge,-0.63
BIH,2008,ge,-0.6
BWA,2008,ge,0.52
BRA,2008,ge,-0.15
BRN,2008,ge,0.88
BGR,2008,ge,-0.17
BFA,2008,ge,-0.53
BDI,2008,ge,-1.14
KHM,2008,ge,-1
CMR,2008,ge,-0.83
CAN,2008,ge,1.78
CPV,2008,ge,-0.03
CYM,2008,ge,1.27
CAF,2008,ge,-1.37
TCD,2008,ge,-1.55
CHL,2008,ge,1.06
CHN,2008,ge,0.17
COL,2008,ge,-0.03
COM,2008,ge,-1.75
ZAR,2008,ge,-1.64
COG,2008,ge,-1.22
CRI,2008,ge,0.27
HRV,2008,ge,0.57
CUB,2008,ge,-0.36
CYP,2008,ge,1.52
CZE,2008,ge,0.95
CIV,2008,ge,-1.25
DNK,2008,ge,2.24
DJI,2008,ge,-0.92
DMA,2008,ge,0.63
DOM,2008,ge,-0.64
ECU,2008,ge,-0.85
EGY,2008,ge,-0.38
SLV,2008,ge,-0.21
GNQ,2008,ge,-1.26
ERI,2008,ge,-1.34
EST,2008,ge,1.16
SWZ,2008,ge,-0.47
ETH,2008,ge,-0.45
FJI,2008,ge,-1.05
FIN,2008,ge,2.04
FRA,2008,ge,1.57
GUF,2008,ge,0.76
GAB,2008,ge,-0.9
GMB,2008,ge,-0.77
GEO,2008,ge,0.31
DEU,2008,ge,1.51
GHA,2008,ge,-0.03
GRC,2008,ge,0.58
GRD,2008,ge,0.24
GUM,2008,ge,0.24
GTM,2008,ge,-0.65
GIN,2008,ge,-1.18
GNB,2008,ge,-1.06
GUY,2008,ge,-0.18
HTI,2008,ge,-1.31
HND,2008,ge,-0.62
HKG,2008,ge,1.85
HUN,2008,ge,0.7
ISL,2008,ge,1.82
IND,2008,ge,-0.01
IDN,2008,ge,-0.26
IRN,2008,ge,-0.68
IRQ,2008,ge,-1.24
IRL,2008,ge,1.49
ISR,2008,ge,1.33
ITA,2008,ge,0.27
JAM,2008,ge,0.31
JPN,2008,ge,1.45
JOR,2008,ge,0.23
KAZ,2008,ge,-0.52
KEN,2008,ge,-0.62
KIR,2008,ge,-0.7
PRK,2008,ge,-2.02
KOR,2008,ge,0.99
KSV,2008,ge,-0.24
KWT,2008,ge,-0.03
KGZ,2008,ge,-0.8
LAO,2008,ge,-0.89
LVA,2008,ge,0.52
LBN,2008,ge,-0.32
LSO,2008,ge,-0.46
LBR,2008,ge,-1.22
LBY,2008,ge,-1.13
LIE,2008,ge,1.79
LTU,2008,ge,0.56
LUX,2008,ge,1.62
MAC,2008,ge,1.01
MDG,2008,ge,-0.68
MWI,2008,ge,-0.59
MYS,2008,ge,1.05
MDV,2008,ge,-0.21
MLI,2008,ge,-0.79
MLT,2008,ge,1.27
MHL,2008,ge,-1.28
MTQ,2008,ge,0.76
MRT,2008,ge,-1
MUS,2008,ge,0.83
MEX,2008,ge,0.16
FSM,2008,ge,-0.51
MDA,2008,ge,-0.78
MNG,2008,ge,-0.52
MNE,2008,ge,-0.01
MAR,2008,ge,-0.36
MOZ,2008,ge,-0.56
MMR,2008,ge,-1.54
NAM,2008,ge,0.34
NRU,2008,ge,-0.44
NPL,2008,ge,-0.82
NLD,2008,ge,1.69
ANT,2008,ge,0.76
NZL,2008,ge,1.67
NIC,2008,ge,-0.92
NER,2008,ge,-0.73
NGA,2008,ge,-0.99
MKD,2008,ge,-0.09
NOR,2008,ge,1.83
OMN,2008,ge,0.39
PAK,2008,ge,-0.74
PLW,2008,ge,-0.61
PAN,2008,ge,0.12
PNG,2008,ge,-0.7
PRY,2008,ge,-0.87
PER,2008,ge,-0.43
PHL,2008,ge,0.05
POL,2008,ge,0.46
PRT,2008,ge,1.08
PRI,2008,ge,0.59
QAT,2008,ge,0.61
ROM,2008,ge,-0.36
RUS,2008,ge,-0.42
RWA,2008,ge,-0.22
REU,2008,ge,1.01
WSM,2008,ge,0.21
SAU,2008,ge,-0.11
SEN,2008,ge,-0.22
SRB,2008,ge,-0.25
SYC,2008,ge,0.72
SLE,2008,ge,-1.15
SGP,2008,ge,2.47
SVK,2008,ge,0.85
SVN,2008,ge,1.11
SLB,2008,ge,-1.01
SOM,2008,ge,-2.3
ZAF,2008,ge,0.33
ESP,2008,ge,0.91
LKA,2008,ge,-0.12
KNA,2008,ge,1.27
LCA,2008,ge,0.79
VCT,2008,ge,0.79
SDN,2008,ge,-1.28
SUR,2008,ge,-0.13
SWE,2008,ge,1.95
CHE,2008,ge,2.03
SYR,2008,ge,-0.52
STP,2008,ge,-0.74
TWN,2008,ge,1.12
TJK,2008,ge,-1.09
TZA,2008,ge,-0.53
THA,2008,ge,0.16
TMP,2008,ge,-1.07
TGO,2008,ge,-1.48
TON,2008,ge,-0.45
TTO,2008,ge,0.23
TUN,2008,ge,0.31
TKM,2008,ge,-1.4
TUV,2008,ge,-0.58
TUR,2008,ge,0.29
UGA,2008,ge,-0.62
UKR,2008,ge,-0.79
ARE,2008,ge,0.9
GBR,2008,ge,1.63
USA,2008,ge,1.61
URY,2008,ge,0.54
UZB,2008,ge,-0.9
VUT,2008,ge,-0.28
VEN,2008,ge,-1.15
VNM,2008,ge,-0.2
VIR,2008,ge,1.27
WBG,2008,ge,-1.27
YEM,2008,ge,-0.89
ZMB,2008,ge,-0.76
ZWE,2008,ge,-1.55
AFG,2008,pv,-2.69
ALB,2008,pv,-0.03
DZA,2008,pv,-1.1
ASM,2008,pv,0.98
ADO,2008,pv,1.34
AGO,2008,pv,-0.36
AIA,2008,pv,1.11
ATG,2008,pv,0.81
ARG,2008,pv,-0.09
ARM,2008,pv,-0.01
ABW,2008,pv,1.32
AUS,2008,pv,0.95
AUT,2008,pv,1.34
AZE,2008,pv,-0.33
BHS,2008,pv,0.77
BHR,2008,pv,-0.24
BGD,2008,pv,-1.51
BRB,2008,pv,1.07
BLR,2008,pv,0.52
BEL,2008,pv,0.62
BLZ,2008,pv,0.19
BEN,2008,pv,0.38
BMU,2008,pv,0.8
BTN,2008,pv,0.72
BOL,2008,pv,-0.7
BIH,2008,pv,-0.54
BWA,2008,pv,1.03
BRA,2008,pv,-0.31
BRN,2008,pv,1.13
BGR,2008,pv,0.37
BFA,2008,pv,0.12
BDI,2008,pv,-1.64
KHM,2008,pv,-0.3
CMR,2008,pv,-0.55
CAN,2008,pv,1.04
CPV,2008,pv,0.81
CYM,2008,pv,1.11
CAF,2008,pv,-1.84
TCD,2008,pv,-1.97
CHL,2008,pv,0.43
CHN,2008,pv,-0.49
COL,2008,pv,-1.85
COM,2008,pv,-1.11
ZAR,2008,pv,-2
COG,2008,pv,-0.72
CRI,2008,pv,0.36
HRV,2008,pv,0.57
CUB,2008,pv,0.52
CYP,2008,pv,0.64
CZE,2008,pv,1.05
CIV,2008,pv,-1.8
DNK,2008,pv,1.07
DJI,2008,pv,0.27
DMA,2008,pv,0.91
DOM,2008,pv,-0.04
ECU,2008,pv,-0.73
EGY,2008,pv,-0.51
SLV,2008,pv,0.04
GNQ,2008,pv,0.21
ERI,2008,pv,-0.71
EST,2008,pv,0.57
SWZ,2008,pv,-0.08
ETH,2008,pv,-1.73
FJI,2008,pv,-0.07
FIN,2008,pv,1.45
FRA,2008,pv,0.54
GUF,2008,pv,0.07
GAB,2008,pv,0.26
GMB,2008,pv,0.07
GEO,2008,pv,-0.92
DEU,2008,pv,0.94
GHA,2008,pv,-0.03
GRC,2008,pv,0.27
GRD,2008,pv,0.39
GUM,2008,pv,0.44
GTM,2008,pv,-0.71
GIN,2008,pv,-2.1
GNB,2008,pv,-0.71
GUY,2008,pv,-0.63
HTI,2008,pv,-1.38
HND,2008,pv,-0.53
HKG,2008,pv,1.13
HUN,2008,pv,0.75
ISL,2008,pv,1.22
IND,2008,pv,-1.11
IDN,2008,pv,-1.06
IRN,2008,pv,-0.94
IRQ,2008,pv,-2.47
IRL,2008,pv,1.19
ISR,2008,pv,-1.32
ITA,2008,pv,0.55
JAM,2008,pv,-0.31
JPN,2008,pv,0.89
JOR,2008,pv,-0.37
KAZ,2008,pv,0.63
KEN,2008,pv,-1.39
KIR,2008,pv,1.34
PRK,2008,pv,0.52
KOR,2008,pv,0.42
KSV,2008,pv,1.01
KWT,2008,pv,0.5
KGZ,2008,pv,-0.57
LAO,2008,pv,0.02
LVA,2008,pv,0.2
LBN,2008,pv,-1.88
LSO,2008,pv,-0.2
LBR,2008,pv,-1.28
LBY,2008,pv,0.81
LIE,2008,pv,1.34
LTU,2008,pv,0.75
LUX,2008,pv,1.51
MAC,2008,pv,0.48
MDG,2008,pv,-0.47
MWI,2008,pv,-0.06
MYS,2008,pv,0.11
MDV,2008,pv,-0.16
MLI,2008,pv,0.21
MLT,2008,pv,1.27
MHL,2008,pv,1.01
MTQ,2008,pv,0.59
MRT,2008,pv,-0.64
MUS,2008,pv,0.89
MEX,2008,pv,-0.8
FSM,2008,pv,1.17
MDA,2008,pv,-0.27
MCO,2008,pv,1.03
MNG,2008,pv,0.54
MNE,2008,pv,0.77
MAR,2008,pv,-0.57
MOZ,2008,pv,0.38
MMR,2008,pv,-1.09
NAM,2008,pv,1.2
NRU,2008,pv,1.01
NPL,2008,pv,-1.83
NLD,2008,pv,0.86
ANT,2008,pv,1.11
NZL,2008,pv,1.16
NIC,2008,pv,-0.22
NER,2008,pv,-0.67
NGA,2008,pv,-1.86
MKD,2008,pv,-0.3
NOR,2008,pv,1.29
OMN,2008,pv,0.92
PAK,2008,pv,-2.57
PLW,2008,pv,1.01
PAN,2008,pv,-0.1
PNG,2008,pv,-0.61
PRY,2008,pv,-0.73
PER,2008,pv,-0.89
PHL,2008,pv,-1.78
POL,2008,pv,0.91
PRT,2008,pv,0.99
PRI,2008,pv,0.26
QAT,2008,pv,1.11
ROM,2008,pv,0.18
RUS,2008,pv,-0.75
RWA,2008,pv,-0.33
REU,2008,pv,0.44
WSM,2008,pv,1.1
SMR,2008,pv,1.01
SAU,2008,pv,-0.34
SEN,2008,pv,-0.15
SRB,2008,pv,-0.54
SYC,2008,pv,0.75
SLE,2008,pv,-0.24
SGP,2008,pv,1.34
SVK,2008,pv,1.08
SVN,2008,pv,1.15
SLB,2008,pv,0.21
SOM,2008,pv,-3.28
ZAF,2008,pv,0.05
ESP,2008,pv,-0.38
LKA,2008,pv,-1.8
KNA,2008,pv,0.92
LCA,2008,pv,0.64
VCT,2008,pv,0.8
SDN,2008,pv,-2.49
SUR,2008,pv,0.1
SWE,2008,pv,1.13
CHE,2008,pv,1.22
SYR,2008,pv,-0.34
STP,2008,pv,0.18
TWN,2008,pv,0.84
TJK,2008,pv,-0.83
TZA,2008,pv,-0.23
THA,2008,pv,-1.27
TMP,2008,pv,-0.8
TGO,2008,pv,-0.17
TON,2008,pv,0.28
TTO,2008,pv,-0.12
TUN,2008,pv,0.1
TKM,2008,pv,0.54
TUV,2008,pv,1.34
TUR,2008,pv,-0.82
UGA,2008,pv,-0.88
UKR,2008,pv,0.04
ARE,2008,pv,0.7
GBR,2008,pv,0.49
USA,2008,pv,0.58
URY,2008,pv,0.85
UZB,2008,pv,-1.21
VUT,2008,pv,1.19
VEN,2008,pv,-1.31
VNM,2008,pv,0.17
VIR,2008,pv,0.5
WBG,2008,pv,-1.99
YEM,2008,pv,-2.01
ZMB,2008,pv,0.47
ZWE,2008,pv,-1.21
AFG,2008,rl,-1.9
ALB,2008,rl,-0.6
DZA,2008,rl,-0.77
ASM,2008,rl,1.12
ADO,2008,rl,1.19
AGO,2008,rl,-1.38
AIA,2008,rl,1.66
ATG,2008,rl,0.94
ARG,2008,rl,-0.7
ARM,2008,rl,-0.34
ABW,2008,rl,0.85
AUS,2008,rl,1.76
AUT,2008,rl,1.91
AZE,2008,rl,-0.84
BHS,2008,rl,1.19
BHR,2008,rl,0.53
BGD,2008,rl,-0.75
BRB,2008,rl,1.3
BLR,2008,rl,-1.07
BEL,2008,rl,1.34
BLZ,2008,rl,-0.13
BEN,2008,rl,-0.53
BMU,2008,rl,0.85
BTN,2008,rl,0.42
BOL,2008,rl,-0.98
BIH,2008,rl,-0.41
BWA,2008,rl,0.61
BRA,2008,rl,-0.29
BRN,2008,rl,0.46
BGR,2008,rl,-0.12
BFA,2008,rl,-0.34
BDI,2008,rl,-1.04
KHM,2008,rl,-1.16
CMR,2008,rl,-1.11
CAN,2008,rl,1.8
CPV,2008,rl,0.57
CYM,2008,rl,1.12
CAF,2008,rl,-1.43
TCD,2008,rl,-1.63
CHL,2008,rl,1.21
CHN,2008,rl,-0.48
COL,2008,rl,-0.38
COM,2008,rl,-1.07
ZAR,2008,rl,-1.57
COG,2008,rl,-1.19
CRI,2008,rl,0.45
HRV,2008,rl,0.03
CUB,2008,rl,-0.83
CYP,2008,rl,1.21
CZE,2008,rl,0.9
CIV,2008,rl,-1.44
DNK,2008,rl,1.95
DJI,2008,rl,-0.66
DMA,2008,rl,0.69
DOM,2008,rl,-0.68
ECU,2008,rl,-1.11
EGY,2008,rl,-0.13
SLV,2008,rl,-0.69
GNQ,2008,rl,-0.87
ERI,2008,rl,-1.31
EST,2008,rl,1.16
SWZ,2008,rl,-0.53
ETH,2008,rl,-0.71
FJI,2008,rl,-0.57
FIN,2008,rl,1.91
FRA,2008,rl,1.5
GUF,2008,rl,0.58
GAB,2008,rl,-0.62
GMB,2008,rl,-0.43
GEO,2008,rl,-0.26
DEU,2008,rl,1.73
GHA,2008,rl,-0.06
GRC,2008,rl,0.85
GRD,2008,rl,0.13
GUM,2008,rl,1.12
GTM,2008,rl,-1.12
GIN,2008,rl,-1.54
GNB,2008,rl,-1.41
GUY,2008,rl,-0.58
HTI,2008,rl,-1.29
HND,2008,rl,-0.97
HKG,2008,rl,1.48
HUN,2008,rl,0.91
ISL,2008,rl,1.85
IND,2008,rl,0.1
IDN,2008,rl,-0.67
IRN,2008,rl,-0.98
IRQ,2008,rl,-1.77
IRL,2008,rl,1.7
ISR,2008,rl,0.84
ITA,2008,rl,0.45
JAM,2008,rl,-0.3
JPN,2008,rl,1.31
JOR,2008,rl,0.4
KAZ,2008,rl,-0.93
KEN,2008,rl,-1
KIR,2008,rl,0.4
PRK,2008,rl,-1.24
KOR,2008,rl,0.86
KSV,2008,rl,-0.63
KWT,2008,rl,0.58
KGZ,2008,rl,-1.38
LAO,2008,rl,-0.87
LVA,2008,rl,0.78
LBN,2008,rl,-0.61
LSO,2008,rl,-0.25
LBR,2008,rl,-1.11
LBY,2008,rl,-0.82
LIE,2008,rl,1.42
LTU,2008,rl,0.68
LUX,2008,rl,1.79
MAC,2008,rl,0.46
MDG,2008,rl,-0.46
MWI,2008,rl,-0.12
MYS,2008,rl,0.25
MDV,2008,rl,-0.17
MLI,2008,rl,-0.32
MLT,2008,rl,1.61
MHL,2008,rl,0.79
MTQ,2008,rl,0.85
MRT,2008,rl,-1.16
MUS,2008,rl,0.94
MEX,2008,rl,-0.69
FSM,2008,rl,0.51
MDA,2008,rl,-0.42
MCO,2008,rl,0.9
MNG,2008,rl,-0.33
MNE,2008,rl,-0.09
MAR,2008,rl,-0.39
MOZ,2008,rl,-0.62
MMR,2008,rl,-1.54
NAM,2008,rl,0.44
NRU,2008,rl,0.37
NPL,2008,rl,-0.67
NLD,2008,rl,1.75
ANT,2008,rl,0.72
NZL,2008,rl,1.85
NIC,2008,rl,-0.81
NER,2008,rl,-0.68
NGA,2008,rl,-1.04
MKD,2008,rl,-0.32
NOR,2008,rl,1.96
OMN,2008,rl,0.59
PAK,2008,rl,-0.97
PLW,2008,rl,0.77
PAN,2008,rl,-0.2
PNG,2008,rl,-0.92
PRY,2008,rl,-0.91
PER,2008,rl,-0.73
PHL,2008,rl,-0.55
POL,2008,rl,0.55
PRT,2008,rl,1.01
PRI,2008,rl,0.54
QAT,2008,rl,0.67
ROM,2008,rl,-0.02
RUS,2008,rl,-1.01
RWA,2008,rl,-0.47
REU,2008,rl,0.85
WSM,2008,rl,0.85
SMR,2008,rl,0.9
SAU,2008,rl,0.07
SEN,2008,rl,-0.28
SRB,2008,rl,-0.49
SYC,2008,rl,0.36
SLE,2008,rl,-0.94
SGP,2008,rl,1.59
SVK,2008,rl,0.53
SVN,2008,rl,1.01
SLB,2008,rl,-0.63
SOM,2008,rl,-2.59
ZAF,2008,rl,0.01
ESP,2008,rl,1.18
LKA,2008,rl,0
KNA,2008,rl,0.95
LCA,2008,rl,0.91
VCT,2008,rl,0.97
SDN,2008,rl,-1.45
SUR,2008,rl,-0.23
SWE,2008,rl,1.92
CHE,2008,rl,1.8
SYR,2008,rl,-0.72
STP,2008,rl,-0.49
TWN,2008,rl,0.78
TJK,2008,rl,-1.3
TZA,2008,rl,-0.36
THA,2008,rl,-0.16
TMP,2008,rl,-1.05
TGO,2008,rl,-0.83
TON,2008,rl,0.11
TTO,2008,rl,-0.23
TUN,2008,rl,0.08
TKM,2008,rl,-1.46
TUV,2008,rl,0.98
TUR,2008,rl,0.02
UGA,2008,rl,-0.34
UKR,2008,rl,-0.7
ARE,2008,rl,0.42
GBR,2008,rl,1.7
USA,2008,rl,1.63
URY,2008,rl,0.61
UZB,2008,rl,-1.17
VUT,2008,rl,0.51
VEN,2008,rl,-1.64
VNM,2008,rl,-0.46
VIR,2008,rl,0.85
WBG,2008,rl,-0.76
YEM,2008,rl,-0.98
ZMB,2008,rl,-0.4
ZWE,2008,rl,-1.79
AFG,2008,rq,-1.61
ALB,2008,rq,0.14
DZA,2008,rq,-0.62
ASM,2008,rq,0.39
ADO,2008,rq,1.4
AGO,2008,rq,-1.1
AIA,2008,rq,1.4
ATG,2008,rq,0.64
ARG,2008,rq,-0.7
ARM,2008,rq,0.3
ABW,2008,rq,0.89
AUS,2008,rq,1.77
AUT,2008,rq,1.61
AZE,2008,rq,-0.37
BHS,2008,rq,1.05
BHR,2008,rq,0.71
BGD,2008,rq,-0.91
BRB,2008,rq,0.88
BLR,2008,rq,-1.25
BEL,2008,rq,1.41
BLZ,2008,rq,-0.38
BEN,2008,rq,-0.55
BMU,2008,rq,1.4
BTN,2008,rq,-0.77
BOL,2008,rq,-0.86
BIH,2008,rq,-0.18
BWA,2008,rq,0.64
BRA,2008,rq,0.08
BRN,2008,rq,0.78
BGR,2008,rq,0.73
BFA,2008,rq,-0.23
BDI,2008,rq,-1.24
KHM,2008,rq,-0.46
CMR,2008,rq,-0.82
CAN,2008,rq,1.65
CPV,2008,rq,-0.19
CYM,2008,rq,1.15
CAF,2008,rq,-1.19
TCD,2008,rq,-1.15
CHL,2008,rq,1.5
CHN,2008,rq,-0.22
COL,2008,rq,0.27
COM,2008,rq,-1.46
ZAR,2008,rq,-1.28
COG,2008,rq,-1.22
CRI,2008,rq,0.57
HRV,2008,rq,0.41
CUB,2008,rq,-1.5
CYP,2008,rq,1.37
CZE,2008,rq,1.22
CIV,2008,rq,-0.93
DNK,2008,rq,1.87
DJI,2008,rq,-0.72
DMA,2008,rq,0.48
DOM,2008,rq,-0.16
ECU,2008,rq,-1.13
EGY,2008,rq,-0.2
SLV,2008,rq,0.15
GNQ,2008,rq,-1.45
ERI,2008,rq,-2.08
EST,2008,rq,1.39
SWZ,2008,rq,-0.44
ETH,2008,rq,-0.9
FJI,2008,rq,-0.7
FIN,2008,rq,1.61
FRA,2008,rq,1.28
GUF,2008,rq,0.89
GAB,2008,rq,-0.56
GMB,2008,rq,-0.49
GEO,2008,rq,0.48
DEU,2008,rq,1.49
GHA,2008,rq,-0.11
GRC,2008,rq,0.88
GRD,2008,rq,0.22
GUM,2008,rq,0.64
GTM,2008,rq,-0.25
GIN,2008,rq,-1.17
GNB,2008,rq,-1.2
GUY,2008,rq,-0.59
HTI,2008,rq,-0.78
HND,2008,rq,-0.32
HKG,2008,rq,1.95
HUN,2008,rq,1.17
ISL,2008,rq,1.31
IND,2008,rq,-0.41
IDN,2008,rq,-0.35
IRN,2008,rq,-1.61
IRQ,2008,rq,-1.15
IRL,2008,rq,1.91
ISR,2008,rq,1.17
ITA,2008,rq,0.97
JAM,2008,rq,0.25
JPN,2008,rq,1.13
JOR,2008,rq,0.34
KAZ,2008,rq,-0.29
KEN,2008,rq,-0.28
KIR,2008,rq,-1.17
PRK,2008,rq,-2.19
KOR,2008,rq,0.73
KSV,2008,rq,0.03
KWT,2008,rq,0.17
KGZ,2008,rq,-0.35
LAO,2008,rq,-1.14
LVA,2008,rq,0.97
LBN,2008,rq,-0.34
LSO,2008,rq,-0.67
LBR,2008,rq,-1.27
LBY,2008,rq,-1.09
LIE,2008,rq,1.4
LTU,2008,rq,1.04
LUX,2008,rq,1.66
MAC,2008,rq,1.03
MDG,2008,rq,-0.37
MWI,2008,rq,-0.54
MYS,2008,rq,0.29
MDV,2008,rq,-0.37
MLI,2008,rq,-0.42
MLT,2008,rq,1.2
MHL,2008,rq,-1.04
MTQ,2008,rq,0.89
MRT,2008,rq,-0.68
MUS,2008,rq,0.74
MEX,2008,rq,0.31
FSM,2008,rq,-0.52
MDA,2008,rq,-0.2
MNG,2008,rq,-0.35
MNE,2008,rq,-0.07
MAR,2008,rq,-0.16
MOZ,2008,rq,-0.51
MMR,2008,rq,-2.21
NAM,2008,rq,0.38
NRU,2008,rq,-0.87
NPL,2008,rq,-0.65
NLD,2008,rq,1.78
ANT,2008,rq,0.89
NZL,2008,rq,1.8
NIC,2008,rq,-0.42
NER,2008,rq,-0.46
NGA,2008,rq,-0.82
MKD,2008,rq,0.12
NOR,2008,rq,1.37
OMN,2008,rq,0.7
PAK,2008,rq,-0.6
PLW,2008,rq,-0.7
PAN,2008,rq,0.71
PNG,2008,rq,-0.69
PRY,2008,rq,-0.49
PER,2008,rq,0.32
PHL,2008,rq,-0.08
POL,2008,rq,0.84
PRT,2008,rq,1.1
PRI,2008,rq,1.02
QAT,2008,rq,0.65
ROM,2008,rq,0.6
RUS,2008,rq,-0.35
RWA,2008,rq,-0.53
REU,2008,rq,1.15
WSM,2008,rq,-0.3
SAU,2008,rq,0.12
SEN,2008,rq,-0.35
SRB,2008,rq,-0.39
SYC,2008,rq,-0.05
SLE,2008,rq,-0.98
SGP,2008,rq,1.87
SVK,2008,rq,1.08
SVN,2008,rq,0.85
SLB,2008,rq,-1.19
SOM,2008,rq,-2.55
ZAF,2008,rq,0.66
ESP,2008,rq,1.25
LKA,2008,rq,-0.39
KNA,2008,rq,1.15
LCA,2008,rq,0.43
VCT,2008,rq,0.43
SDN,2008,rq,-1.44
SUR,2008,rq,-0.54
SWE,2008,rq,1.64
CHE,2008,rq,1.56
SYR,2008,rq,-1.14
STP,2008,rq,-0.74
TWN,2008,rq,1
TJK,2008,rq,-1.08
TZA,2008,rq,-0.54
THA,2008,rq,0.11
TMP,2008,rq,-1.34
TGO,2008,rq,-0.97
TON,2008,rq,-0.79
TTO,2008,rq,0.66
TUN,2008,rq,0.09
TKM,2008,rq,-1.96
TUV,2008,rq,-1.09
TUR,2008,rq,0.27
UGA,2008,rq,-0.26
UKR,2008,rq,-0.52
ARE,2008,rq,0.57
GBR,2008,rq,1.79
USA,2008,rq,1.53
URY,2008,rq,0.4
UZB,2008,rq,-1.36
VUT,2008,rq,-0.7
VEN,2008,rq,-1.37
VNM,2008,rq,-0.63
VIR,2008,rq,0.64
WBG,2008,rq,-1.12
YEM,2008,rq,-0.73
ZMB,2008,rq,-0.51
ZWE,2008,rq,-2.06
AFG,2008,va,-1.17
ALB,2008,va,0.17
DZA,2008,va,-0.98
ASM,2008,va,0.97
ADO,2008,va,1.33
AGO,2008,va,-1.12
AIA,2008,va,0.97
ATG,2008,va,0.57
ARG,2008,va,0.36
ARM,2008,va,-0.86
ABW,2008,va,0.97
AUS,2008,va,1.37
AUT,2008,va,1.36
AZE,2008,va,-1.33
BHS,2008,va,1.12
BHR,2008,va,-0.87
BGD,2008,va,-0.44
BRB,2008,va,0.95
BLR,2008,va,-1.59
BEL,2008,va,1.32
BLZ,2008,va,0.65
BEN,2008,va,0.34
BMU,2008,va,0.97
BTN,2008,va,-0.51
BOL,2008,va,0
BIH,2008,va,0.02
BWA,2008,va,0.51
BRA,2008,va,0.57
BRN,2008,va,-1.02
BGR,2008,va,0.58
BFA,2008,va,-0.28
BDI,2008,va,-0.69
KHM,2008,va,-0.97
CMR,2008,va,-1.07
CAN,2008,va,1.41
CPV,2008,va,0.94
CYM,2008,va,0.75
CAF,2008,va,-0.99
TCD,2008,va,-1.45
CHL,2008,va,1.01
CHN,2008,va,-1.7
COL,2008,va,-0.17
COM,2008,va,-0.29
ZAR,2008,va,-1.39
COG,2008,va,-1.16
CRI,2008,va,0.97
HRV,2008,va,0.47
CUB,2008,va,-1.8
CYP,2008,va,1.08
CZE,2008,va,1.03
CIV,2008,va,-1.17
DNK,2008,va,1.54
DJI,2008,va,-1.2
DMA,2008,va,1.03
DOM,2008,va,0.16
ECU,2008,va,-0.22
EGY,2008,va,-1.21
SLV,2008,va,0.11
GNQ,2008,va,-1.89
ERI,2008,va,-2.16
EST,2008,va,1.09
SWZ,2008,va,-1.32
ETH,2008,va,-1.31
FJI,2008,va,-0.7
FIN,2008,va,1.46
FRA,2008,va,1.3
GUF,2008,va,0.3
GAB,2008,va,-0.85
GMB,2008,va,-0.87
GEO,2008,va,-0.26
DEU,2008,va,1.34
GHA,2008,va,0.43
GRC,2008,va,0.93
GRD,2008,va,0.82
GUM,2008,va,0.97
GTM,2008,va,-0.2
GIN,2008,va,-1.43
GNB,2008,va,-0.72
GUY,2008,va,0.11
HTI,2008,va,-0.59
HND,2008,va,-0.29
HKG,2008,va,0.45
HUN,2008,va,0.97
ISL,2008,va,1.43
IND,2008,va,0.46
IDN,2008,va,-0.01
IRN,2008,va,-1.57
IRQ,2008,va,-1.1
IRL,2008,va,1.42
ISR,2008,va,0.72
ITA,2008,va,1.03
JAM,2008,va,0.58
JPN,2008,va,0.95
JOR,2008,va,-0.74
KAZ,2008,va,-1.09
KEN,2008,va,-0.28
KIR,2008,va,0.75
PRK,2008,va,-2.23
KOR,2008,va,0.66
KSV,2008,va,-0.31
KWT,2008,va,-0.54
KGZ,2008,va,-1.09
LAO,2008,va,-1.71
LVA,2008,va,0.78
LBN,2008,va,-0.42
LSO,2008,va,-0.07
LBR,2008,va,-0.18
LBY,2008,va,-1.94
LIE,2008,va,1.32
LTU,2008,va,0.85
LUX,2008,va,1.55
MAC,2008,va,0.08
MDG,2008,va,-0.33
MWI,2008,va,-0.25
MYS,2008,va,-0.56
MDV,2008,va,-0.3
MLI,2008,va,0.2
MLT,2008,va,1.25
MHL,2008,va,1.19
MTQ,2008,va,0.53
MRT,2008,va,-0.94
MUS,2008,va,0.86
MEX,2008,va,0.13
FSM,2008,va,1.09
MDA,2008,va,-0.31
MCO,2008,va,0.97
MNG,2008,va,0.27
MNE,2008,va,0.24
MAR,2008,va,-0.76
MOZ,2008,va,-0.07
MMR,2008,va,-2.21
NAM,2008,va,0.45
NRU,2008,va,1.08
NPL,2008,va,-0.5
NLD,2008,va,1.48
ANT,2008,va,0.53
NZL,2008,va,1.48
NIC,2008,va,-0.37
NER,2008,va,-0.44
NGA,2008,va,-0.74
MKD,2008,va,0.2
NOR,2008,va,1.55
OMN,2008,va,-1.07
PAK,2008,va,-0.84
PLW,2008,va,1.22
PAN,2008,va,0.6
PNG,2008,va,0.01
PRY,2008,va,-0.12
PER,2008,va,0.15
PHL,2008,va,-0.14
POL,2008,va,0.95
PRT,2008,va,1.2
PRI,2008,va,1.15
QAT,2008,va,-1.02
ROM,2008,va,0.51
RUS,2008,va,-0.87
RWA,2008,va,-1.31
REU,2008,va,1.19
WSM,2008,va,0.58
SMR,2008,va,1.19
SAU,2008,va,-1.73
SEN,2008,va,-0.21
SRB,2008,va,0.28
SYC,2008,va,-0.01
SLE,2008,va,-0.14
SGP,2008,va,-0.33
SVK,2008,va,0.94
SVN,2008,va,1.02
SLB,2008,va,0.02
SOM,2008,va,-1.89
ZAF,2008,va,0.58
ESP,2008,va,1.19
LKA,2008,va,-0.46
KNA,2008,va,1.08
LCA,2008,va,1.22
VCT,2008,va,1.07
SDN,2008,va,-1.64
SUR,2008,va,0.61
SWE,2008,va,1.52
CHE,2008,va,1.52
SYR,2008,va,-1.72
STP,2008,va,0.18
TWN,2008,va,0.72
TJK,2008,va,-1.36
TZA,2008,va,-0.17
THA,2008,va,-0.53
TMP,2008,va,0.22
TGO,2008,va,-0.99
TON,2008,va,-0.03
TTO,2008,va,0.53
TUN,2008,va,-1.35
TKM,2008,va,-2.11
TUV,2008,va,0.8
TUR,2008,va,-0.04
UGA,2008,va,-0.51
UKR,2008,va,0.09
ARE,2008,va,-0.91
GBR,2008,va,1.32
USA,2008,va,1.14
URY,2008,va,1.06
UZB,2008,va,-2.1
VUT,2008,va,0.48
VEN,2008,va,-0.75
VNM,2008,va,-1.5
VIR,2008,va,0.75
WBG,2008,va,-0.86
YEM,2008,va,-1.22
ZMB,2008,va,-0.16
ZWE,2008,va,-1.55
AFG,2009,cc,-1.55
ALB,2009,cc,-0.55
DZA,2009,cc,-0.61
ASM,2009,cc,0.35
ADO,2009,cc,1.32
AGO,2009,cc,-1.4
AIA,2009,cc,1.32
ATG,2009,cc,1.32
ARG,2009,cc,-0.45
ARM,2009,cc,-0.62
ABW,2009,cc,1.11
AUS,2009,cc,2.04
AUT,2009,cc,1.69
AZE,2009,cc,-1.19
BHS,2009,cc,1.36
BHR,2009,cc,0.18
BGD,2009,cc,-1.08
BRB,2009,cc,1.38
BLR,2009,cc,-0.56
BEL,2009,cc,1.45
BLZ,2009,cc,0.04
BEN,2009,cc,-0.63
BMU,2009,cc,1.32
BTN,2009,cc,0.94
BOL,2009,cc,-0.63
BIH,2009,cc,-0.38
BWA,2009,cc,0.93
BRA,2009,cc,-0.08
BRN,2009,cc,0.98
BGR,2009,cc,-0.23
BFA,2009,cc,-0.35
BDI,2009,cc,-1.13
KHM,2009,cc,-1.18
CMR,2009,cc,-1.02
CAN,2009,cc,2.05
CPV,2009,cc,0.89
CYM,2009,cc,1.11
CAF,2009,cc,-0.99
TCD,2009,cc,-1.41
CHL,2009,cc,1.32
CHN,2009,cc,-0.52
COL,2009,cc,-0.34
COM,2009,cc,-0.81
ZAR,2009,cc,-1.41
COG,2009,cc,-1.21
COK,2009,cc,-0.58
CRI,2009,cc,0.72
HRV,2009,cc,-0.09
CUB,2009,cc,0.27
CYP,2009,cc,0.91
CZE,2009,cc,0.38
CIV,2009,cc,-1.12
DNK,2009,cc,2.44
DJI,2009,cc,-0.37
DMA,2009,cc,0.81
DOM,2009,cc,-0.81
ECU,2009,cc,-0.74
EGY,2009,cc,-0.46
SLV,2009,cc,-0.23
GNQ,2009,cc,-1.22
ERI,2009,cc,-0.47
EST,2009,cc,1
SWZ,2009,cc,-0.01
ETH,2009,cc,-0.7
FJI,2009,cc,-0.15
FIN,2009,cc,2.24
FRA,2009,cc,1.43
GUF,2009,cc,1.11
GAB,2009,cc,-1.08
GMB,2009,cc,-0.56
GEO,2009,cc,-0.12
DEU,2009,cc,1.75
GHA,2009,cc,-0.01
GRC,2009,cc,0.06
GRL,2009,cc,1.18
GRD,2009,cc,0.4
GUM,2009,cc,0.83
GTM,2009,cc,-0.53
GIN,2009,cc,-1.1
GNB,2009,cc,-1.22
GUY,2009,cc,-0.54
HTI,2009,cc,-1.1
HND,2009,cc,-0.91
HKG,2009,cc,1.88
HUN,2009,cc,0.4
ISL,2009,cc,2.03
IND,2009,cc,-0.45
IDN,2009,cc,-0.89
IRN,2009,cc,-0.77
IRQ,2009,cc,-1.33
IRL,2009,cc,1.75
ISR,2009,cc,0.8
ITA,2009,cc,0.19
JAM,2009,cc,-0.32
JPN,2009,cc,1.37
JOR,2009,cc,0.16
KAZ,2009,cc,-0.93
KEN,2009,cc,-1.07
KIR,2009,cc,-0.14
PRK,2009,cc,-1.29
KOR,2009,cc,0.5
KSV,2009,cc,-0.59
KWT,2009,cc,0.3
KGZ,2009,cc,-1.31
LAO,2009,cc,-1.25
LVA,2009,cc,0.2
LBN,2009,cc,-0.87
LSO,2009,cc,0.17
LBR,2009,cc,-0.61
LBY,2009,cc,-1.21
LIE,2009,cc,1.68
LTU,2009,cc,0.23
LUX,2009,cc,1.96
MAC,2009,cc,0.16
MDG,2009,cc,-0.33
MWI,2009,cc,-0.41
MYS,2009,cc,-0.09
MDV,2009,cc,-0.67
MLI,2009,cc,-0.68
MLT,2009,cc,0.77
MHL,2009,cc,-0.69
MTQ,2009,cc,0.83
MRT,2009,cc,-0.61
MUS,2009,cc,0.47
MEX,2009,cc,-0.37
FSM,2009,cc,-0.22
MDA,2009,cc,-0.7
MNG,2009,cc,-0.76
MNE,2009,cc,-0.22
MAR,2009,cc,-0.37
MOZ,2009,cc,-0.43
MMR,2009,cc,-1.66
NAM,2009,cc,0.27
NRU,2009,cc,-0.4
NPL,2009,cc,-0.7
NLD,2009,cc,2.12
ANT,2009,cc,0.83
NZL,2009,cc,2.38
NIC,2009,cc,-0.73
NER,2009,cc,-0.61
NGA,2009,cc,-1.04
NIU,2009,cc,-0.58
MKD,2009,cc,-0.15
NOR,2009,cc,1.98
OMN,2009,cc,0.33
PAK,2009,cc,-1.08
PLW,2009,cc,-0.4
PAN,2009,cc,-0.33
PNG,2009,cc,-1.24
PRY,2009,cc,-0.79
PER,2009,cc,-0.33
PHL,2009,cc,-0.79
POL,2009,cc,0.44
PRT,2009,cc,1.09
PRI,2009,cc,0.48
QAT,2009,cc,1.56
ROM,2009,cc,-0.31
RUS,2009,cc,-1.14
RWA,2009,cc,0.11
REU,2009,cc,0.83
WSM,2009,cc,0.15
SAU,2009,cc,-0.02
SEN,2009,cc,-0.49
SRB,2009,cc,-0.32
SYC,2009,cc,0.58
SLE,2009,cc,-0.94
SGP,2009,cc,2.21
SVK,2009,cc,0.27
SVN,2009,cc,1.05
SLB,2009,cc,-0.28
SOM,2009,cc,-1.7
ZAF,2009,cc,0.13
ESP,2009,cc,1.05
LKA,2009,cc,-0.4
KNA,2009,cc,1.32
LCA,2009,cc,1.33
VCT,2009,cc,1.14
SDN,2009,cc,-1.15
SUR,2009,cc,-0.26
SWE,2009,cc,2.24
CHE,2009,cc,2.06
SYR,2009,cc,-1.05
STP,2009,cc,-0.18
TWN,2009,cc,0.61
TJK,2009,cc,-1.22
TZA,2009,cc,-0.45
THA,2009,cc,-0.33
TMP,2009,cc,-0.8
TGO,2009,cc,-1.03
TON,2009,cc,-0.68
TTO,2009,cc,-0.05
TUN,2009,cc,-0.08
TKM,2009,cc,-1.43
TUV,2009,cc,-0.22
TUR,2009,cc,0.09
UGA,2009,cc,-0.91
UKR,2009,cc,-1.07
ARE,2009,cc,0.91
GBR,2009,cc,1.62
USA,2009,cc,1.29
URY,2009,cc,1.25
UZB,2009,cc,-1.28
VUT,2009,cc,0.34
VEN,2009,cc,-1.17
VNM,2009,cc,-0.55
VIR,2009,cc,0.83
WBG,2009,cc,-0.11
YEM,2009,cc,-1.08
ZMB,2009,cc,-0.47
ZWE,2009,cc,-1.36
AFG,2009,ge,-1.51
ALB,2009,ge,-0.26
DZA,2009,ge,-0.53
ASM,2009,ge,0.5
ADO,2009,ge,1.54
AGO,2009,ge,-0.95
AIA,2009,ge,1.54
ATG,2009,ge,0.5
ARG,2009,ge,-0.29
ARM,2009,ge,-0.03
ABW,2009,ge,1.5
AUS,2009,ge,1.7
AUT,2009,ge,1.66
AZE,2009,ge,-0.66
BHS,2009,ge,1
BHR,2009,ge,0.46
BGD,2009,ge,-0.8
BRB,2009,ge,1.48
BLR,2009,ge,-1.21
BEL,2009,ge,1.57
BLZ,2009,ge,-0.31
BEN,2009,ge,-0.6
BMU,2009,ge,1.02
BTN,2009,ge,0.53
BOL,2009,ge,-0.6
BIH,2009,ge,-0.72
BWA,2009,ge,0.42
BRA,2009,ge,-0.15
BRN,2009,ge,0.91
BGR,2009,ge,0.07
BFA,2009,ge,-0.62
BDI,2009,ge,-1.07
KHM,2009,ge,-0.96
CMR,2009,ge,-0.85
CAN,2009,ge,1.74
CPV,2009,ge,-0.08
CYM,2009,ge,1.26
CAF,2009,ge,-1.4
TCD,2009,ge,-1.42
CHL,2009,ge,1.14
CHN,2009,ge,0.09
COL,2009,ge,-0.3
COM,2009,ge,-1.73
ZAR,2009,ge,-1.65
COG,2009,ge,-1.22
COK,2009,ge,-0.99
CRI,2009,ge,0.32
HRV,2009,ge,0.59
CUB,2009,ge,-0.34
CYP,2009,ge,1.41
CZE,2009,ge,0.87
CIV,2009,ge,-1.13
DNK,2009,ge,2.23
DJI,2009,ge,-0.93
DMA,2009,ge,0.67
DOM,2009,ge,-0.62
ECU,2009,ge,-0.74
EGY,2009,ge,-0.21
SLV,2009,ge,-0.07
GNQ,2009,ge,-1.26
ERI,2009,ge,-1.4
EST,2009,ge,1
SWZ,2009,ge,-0.43
ETH,2009,ge,-0.56
FJI,2009,ge,-1.17
FIN,2009,ge,2.23
FRA,2009,ge,1.48
GUF,2009,ge,1.19
GAB,2009,ge,-0.76
GMB,2009,ge,-0.74
GEO,2009,ge,0.3
DEU,2009,ge,1.58
GHA,2009,ge,-0.12
GRC,2009,ge,0.62
GRL,2009,ge,1.03
GRD,2009,ge,0.24
GUM,2009,ge,-0.02
GTM,2009,ge,-0.71
GIN,2009,ge,-1.04
GNB,2009,ge,-1.05
GUY,2009,ge,-0.18
HTI,2009,ge,-1.51
HND,2009,ge,-0.67
HKG,2009,ge,1.74
HUN,2009,ge,0.67
ISL,2009,ge,1.63
IND,2009,ge,0
IDN,2009,ge,-0.33
IRN,2009,ge,-0.58
IRQ,2009,ge,-1.19
IRL,2009,ge,1.33
ISR,2009,ge,1.27
ITA,2009,ge,0.42
JAM,2009,ge,0.28
JPN,2009,ge,1.45
JOR,2009,ge,0.23
KAZ,2009,ge,-0.44
KEN,2009,ge,-0.66
KIR,2009,ge,-0.8
PRK,2009,ge,-1.78
KOR,2009,ge,1.02
KSV,2009,ge,-0.41
KWT,2009,ge,0.18
KGZ,2009,ge,-0.97
LAO,2009,ge,-0.96
LVA,2009,ge,0.62
LBN,2009,ge,-0.39
LSO,2009,ge,-0.4
LBR,2009,ge,-1.19
LBY,2009,ge,-1.08
LIE,2009,ge,1.8
LTU,2009,ge,0.69
LUX,2009,ge,1.74
MAC,2009,ge,1.35
MDG,2009,ge,-0.84
MWI,2009,ge,-0.54
MYS,2009,ge,0.9
MDV,2009,ge,-0.44
MLI,2009,ge,-0.8
MLT,2009,ge,1.17
MHL,2009,ge,-1.35
MTQ,2009,ge,0.76
MRT,2009,ge,-0.93
MUS,2009,ge,0.8
MEX,2009,ge,0.14
FSM,2009,ge,-0.36
MDA,2009,ge,-0.56
MNG,2009,ge,-0.66
MNE,2009,ge,-0.01
MAR,2009,ge,-0.28
MOZ,2009,ge,-0.6
MMR,2009,ge,-1.62
NAM,2009,ge,0.21
NRU,2009,ge,-0.4
NPL,2009,ge,-0.97
NLD,2009,ge,1.74
ANT,2009,ge,0.76
NZL,2009,ge,1.85
NIC,2009,ge,-0.96
NER,2009,ge,-0.71
NGA,2009,ge,-1.2
NIU,2009,ge,-0.99
MKD,2009,ge,-0.13
NOR,2009,ge,1.84
OMN,2009,ge,0.37
PAK,2009,ge,-0.81
PLW,2009,ge,-0.55
PAN,2009,ge,0.1
PNG,2009,ge,-0.75
PRY,2009,ge,-0.9
PER,2009,ge,-0.49
PHL,2009,ge,0.03
POL,2009,ge,0.52
PRT,2009,ge,1.15
PRI,2009,ge,0.36
QAT,2009,ge,0.97
ROM,2009,ge,-0.36
RUS,2009,ge,-0.5
RWA,2009,ge,-0.28
REU,2009,ge,1.02
WSM,2009,ge,0.06
SAU,2009,ge,-0.11
SEN,2009,ge,-0.55
SRB,2009,ge,-0.07
SYC,2009,ge,0.66
SLE,2009,ge,-1.19
SGP,2009,ge,2.31
SVK,2009,ge,0.86
SVN,2009,ge,1.14
SLB,2009,ge,-1.14
SOM,2009,ge,-2.16
ZAF,2009,ge,0.31
ESP,2009,ge,0.94
LKA,2009,ge,-0.15
KNA,2009,ge,1.28
LCA,2009,ge,0.93
VCT,2009,ge,0.84
SDN,2009,ge,-1.28
SUR,2009,ge,-0.08
SWE,2009,ge,2.04
CHE,2009,ge,1.95
SYR,2009,ge,-0.49
STP,2009,ge,-0.76
TWN,2009,ge,1.15
TJK,2009,ge,-1.12
TZA,2009,ge,-0.63
THA,2009,ge,0.21
TMP,2009,ge,-1.19
TGO,2009,ge,-1.36
TON,2009,ge,-0.34
TTO,2009,ge,0.35
TUN,2009,ge,0.37
TKM,2009,ge,-1.39
TUV,2009,ge,-0.45
TUR,2009,ge,0.29
UGA,2009,ge,-0.67
UKR,2009,ge,-0.84
ARE,2009,ge,1.01
GBR,2009,ge,1.51
USA,2009,ge,1.5
URY,2009,ge,0.62
UZB,2009,ge,-0.65
VUT,2009,ge,-0.32
VEN,2009,ge,-0.97
VNM,2009,ge,-0.25
VIR,2009,ge,1.28
WBG,2009,ge,-0.68
YEM,2009,ge,-1.08
ZMB,2009,ge,-0.82
ZWE,2009,ge,-1.55
AFG,2009,pv,-2.71
ALB,2009,pv,-0.05
DZA,2009,pv,-1.2
ASM,2009,pv,0.95
ADO,2009,pv,1.3
AGO,2009,pv,-0.35
AIA,2009,pv,0.87
ATG,2009,pv,0.72
ARG,2009,pv,-0.23
ARM,2009,pv,0.23
ABW,2009,pv,1.12
AUS,2009,pv,0.86
AUT,2009,pv,1.19
AZE,2009,pv,-0.28
BHS,2009,pv,0.86
BHR,2009,pv,-0.14
BGD,2009,pv,-1.55
BRB,2009,pv,1.05
BLR,2009,pv,0.49
BEL,2009,pv,0.82
BLZ,2009,pv,0.03
BEN,2009,pv,0.4
BMU,2009,pv,0.69
BTN,2009,pv,0.8
BOL,2009,pv,-0.51
BIH,2009,pv,-0.67
BWA,2009,pv,0.95
BRA,2009,pv,0.16
BRN,2009,pv,1.39
BGR,2009,pv,0.35
BFA,2009,pv,0.03
BDI,2009,pv,-1.27
KHM,2009,pv,-0.56
CMR,2009,pv,-0.47
CAN,2009,pv,1.13
CPV,2009,pv,0.82
CYM,2009,pv,1.09
CAF,2009,pv,-1.9
TCD,2009,pv,-1.73
CHL,2009,pv,0.6
CHN,2009,pv,-0.45
COL,2009,pv,-1.83
COM,2009,pv,-0.77
ZAR,2009,pv,-2
COG,2009,pv,-0.25
COK,2009,pv,1.14
CRI,2009,pv,0.59
HRV,2009,pv,0.61
CUB,2009,pv,0.36
CYP,2009,pv,0.39
CZE,2009,pv,0.91
CIV,2009,pv,-1.32
DNK,2009,pv,1
DJI,2009,pv,0.49
DMA,2009,pv,0.67
DOM,2009,pv,0
ECU,2009,pv,-0.67
EGY,2009,pv,-0.61
SLV,2009,pv,-0.01
GNQ,2009,pv,0.37
ERI,2009,pv,-0.68
EST,2009,pv,0.57
SWZ,2009,pv,-0.01
ETH,2009,pv,-1.64
FJI,2009,pv,-0.27
FIN,2009,pv,1.46
FRA,2009,pv,0.51
GUF,2009,pv,0.3
GAB,2009,pv,0.14
GMB,2009,pv,0.12
GEO,2009,pv,-0.97
DEU,2009,pv,0.86
GHA,2009,pv,0.03
GRC,2009,pv,-0.21
GRL,2009,pv,1.52
GRD,2009,pv,0.39
GUM,2009,pv,0.4
GTM,2009,pv,-0.93
GIN,2009,pv,-2.12
GNB,2009,pv,-0.67
GUY,2009,pv,-0.63
HTI,2009,pv,-0.96
HND,2009,pv,-0.31
HKG,2009,pv,0.97
HUN,2009,pv,0.54
ISL,2009,pv,1.19
IND,2009,pv,-1.36
IDN,2009,pv,-0.75
IRN,2009,pv,-1.56
IRQ,2009,pv,-2.17
IRL,2009,pv,1.06
ISR,2009,pv,-1.63
ITA,2009,pv,0.35
JAM,2009,pv,-0.36
JPN,2009,pv,0.98
JOR,2009,pv,-0.36
KAZ,2009,pv,0.78
KEN,2009,pv,-1.43
KIR,2009,pv,1.4
PRK,2009,pv,-0.03
KOR,2009,pv,0.41
KSV,2009,pv,0.43
KWT,2009,pv,0.35
KGZ,2009,pv,-0.62
LAO,2009,pv,-0.16
LVA,2009,pv,0.35
LBN,2009,pv,-1.56
LSO,2009,pv,0.33
LBR,2009,pv,-1.05
LBY,2009,pv,0.83
LIE,2009,pv,1.55
LTU,2009,pv,0.63
LUX,2009,pv,1.45
MAC,2009,pv,0.61
MDG,2009,pv,-0.73
MWI,2009,pv,0.05
MYS,2009,pv,-0.04
MDV,2009,pv,-0.23
MLI,2009,pv,-0.08
MLT,2009,pv,1.25
MHL,2009,pv,1.39
MTQ,2009,pv,0.4
MRT,2009,pv,-0.88
MUS,2009,pv,0.71
MEX,2009,pv,-0.69
FSM,2009,pv,1.29
MDA,2009,pv,-0.58
MCO,2009,pv,0.98
MNG,2009,pv,0.61
MNE,2009,pv,0.82
MAR,2009,pv,-0.4
MOZ,2009,pv,0.63
MMR,2009,pv,-1.29
NAM,2009,pv,0.93
NRU,2009,pv,1.39
NPL,2009,pv,-1.62
NLD,2009,pv,0.95
ANT,2009,pv,0.87
NZL,2009,pv,1.07
NIC,2009,pv,-0.31
NER,2009,pv,-1.15
NGA,2009,pv,-1.99
NIU,2009,pv,1.14
MKD,2009,pv,-0.3
NOR,2009,pv,1.28
OMN,2009,pv,0.83
PAK,2009,pv,-2.64
PLW,2009,pv,1.39
PAN,2009,pv,0.06
PNG,2009,pv,-0.79
PRY,2009,pv,-0.88
PER,2009,pv,-1.18
PHL,2009,pv,-1.73
POL,2009,pv,0.94
PRT,2009,pv,0.79
PRI,2009,pv,0.15
QAT,2009,pv,1.22
ROM,2009,pv,0.36
RUS,2009,pv,-0.97
RWA,2009,pv,-0.51
REU,2009,pv,0.4
WSM,2009,pv,0.96
SMR,2009,pv,1.39
SAU,2009,pv,-0.49
SEN,2009,pv,-0.21
SRB,2009,pv,-0.48
SYC,2009,pv,0.6
SLE,2009,pv,-0.29
SGP,2009,pv,1.18
SVK,2009,pv,0.92
SVN,2009,pv,0.94
SLB,2009,pv,0.22
SOM,2009,pv,-3.31
ZAF,2009,pv,-0.11
ESP,2009,pv,-0.47
LKA,2009,pv,-1.34
KNA,2009,pv,1.09
LCA,2009,pv,0.69
VCT,2009,pv,0.73
SDN,2009,pv,-2.65
SUR,2009,pv,0.15
SWE,2009,pv,1.08
CHE,2009,pv,1.31
SYR,2009,pv,-0.51
STP,2009,pv,0.15
TWN,2009,pv,0.57
TJK,2009,pv,-1.03
TZA,2009,pv,0.09
THA,2009,pv,-1.42
TMP,2009,pv,-0.57
TGO,2009,pv,-0.17
TON,2009,pv,0.22
TTO,2009,pv,-0.14
TUN,2009,pv,0.06
TKM,2009,pv,0.49
TUV,2009,pv,1.4
TUR,2009,pv,-1.03
UGA,2009,pv,-0.99
UKR,2009,pv,-0.3
ARE,2009,pv,0.92
GBR,2009,pv,0.12
USA,2009,pv,0.45
URY,2009,pv,0.79
UZB,2009,pv,-0.95
VUT,2009,pv,1.23
VEN,2009,pv,-1.28
VNM,2009,pv,0.27
VIR,2009,pv,-0.14
WBG,2009,pv,-2.04
YEM,2009,pv,-2.33
ZMB,2009,pv,0.57
ZWE,2009,pv,-1.17
AFG,2009,rl,-1.88
ALB,2009,rl,-0.49
DZA,2009,rl,-0.83
ASM,2009,rl,1.13
ADO,2009,rl,1.22
AGO,2009,rl,-1.24
AIA,2009,rl,1.39
ATG,2009,rl,0.97
ARG,2009,rl,-0.69
ARM,2009,rl,-0.47
ABW,2009,rl,1.43
AUS,2009,rl,1.73
AUT,2009,rl,1.78
AZE,2009,rl,-0.88
BHS,2009,rl,0.79
BHR,2009,rl,0.51
BGD,2009,rl,-0.78
BRB,2009,rl,1.01
BLR,2009,rl,-1.03
BEL,2009,rl,1.38
BLZ,2009,rl,-0.32
BEN,2009,rl,-0.65
BMU,2009,rl,0.86
BTN,2009,rl,0.22
BOL,2009,rl,-1.11
BIH,2009,rl,-0.36
BWA,2009,rl,0.59
BRA,2009,rl,-0.1
BRN,2009,rl,0.78
BGR,2009,rl,-0.04
BFA,2009,rl,-0.2
BDI,2009,rl,-1.16
KHM,2009,rl,-1.12
CMR,2009,rl,-1.13
CAN,2009,rl,1.8
CPV,2009,rl,0.53
CYM,2009,rl,0.89
CAF,2009,rl,-1.32
TCD,2009,rl,-1.53
CHL,2009,rl,1.19
CHN,2009,rl,-0.46
COL,2009,rl,-0.37
COM,2009,rl,-1.16
ZAR,2009,rl,-1.64
COG,2009,rl,-1.22
COK,2009,rl,-0.78
CRI,2009,rl,0.58
HRV,2009,rl,0.04
CUB,2009,rl,-0.71
CYP,2009,rl,1.21
CZE,2009,rl,0.96
CIV,2009,rl,-1.25
DNK,2009,rl,1.92
DJI,2009,rl,-0.7
DMA,2009,rl,0.74
DOM,2009,rl,-0.81
ECU,2009,rl,-1.21
EGY,2009,rl,-0.08
SLV,2009,rl,-0.78
GNQ,2009,rl,-0.99
ERI,2009,rl,-1.31
EST,2009,rl,1.12
SWZ,2009,rl,-0.48
ETH,2009,rl,-0.83
FJI,2009,rl,-0.87
FIN,2009,rl,1.96
FRA,2009,rl,1.45
GUF,2009,rl,1.16
GAB,2009,rl,-0.5
GMB,2009,rl,-0.52
GEO,2009,rl,-0.2
DEU,2009,rl,1.65
GHA,2009,rl,-0.04
GRC,2009,rl,0.65
GRL,2009,rl,1.72
GRD,2009,rl,0.16
GUM,2009,rl,1.13
GTM,2009,rl,-1.01
GIN,2009,rl,-1.55
GNB,2009,rl,-1.35
GUY,2009,rl,-0.56
HTI,2009,rl,-1.33
HND,2009,rl,-0.9
HKG,2009,rl,1.49
HUN,2009,rl,0.77
ISL,2009,rl,1.71
IND,2009,rl,0.02
IDN,2009,rl,-0.61
IRN,2009,rl,-1.05
IRQ,2009,rl,-1.7
IRL,2009,rl,1.74
ISR,2009,rl,0.84
ITA,2009,rl,0.4
JAM,2009,rl,-0.4
JPN,2009,rl,1.29
JOR,2009,rl,0.22
KAZ,2009,rl,-0.72
KEN,2009,rl,-1.02
KIR,2009,rl,0.14
PRK,2009,rl,-1.34
KOR,2009,rl,0.99
KSV,2009,rl,-0.59
KWT,2009,rl,0.58
KGZ,2009,rl,-1.33
LAO,2009,rl,-1.05
LVA,2009,rl,0.79
LBN,2009,rl,-0.61
LSO,2009,rl,-0.22
LBR,2009,rl,-1.03
LBY,2009,rl,-0.94
LIE,2009,rl,1.61
LTU,2009,rl,0.72
LUX,2009,rl,1.82
MAC,2009,rl,0.71
MDG,2009,rl,-0.73
MWI,2009,rl,-0.12
MYS,2009,rl,0.37
MDV,2009,rl,-0.15
MLI,2009,rl,-0.36
MLT,2009,rl,1.47
MHL,2009,rl,0.34
MTQ,2009,rl,0.86
MRT,2009,rl,-0.81
MUS,2009,rl,0.9
MEX,2009,rl,-0.56
FSM,2009,rl,0.33
MDA,2009,rl,-0.43
MCO,2009,rl,0.94
MNG,2009,rl,-0.26
MNE,2009,rl,-0.02
MAR,2009,rl,-0.26
MOZ,2009,rl,-0.6
MMR,2009,rl,-1.54
NAM,2009,rl,0.25
NRU,2009,rl,0.47
NPL,2009,rl,-0.87
NLD,2009,rl,1.81
ANT,2009,rl,0.84
NZL,2009,rl,1.92
NIC,2009,rl,-0.79
NER,2009,rl,-0.49
NGA,2009,rl,-1.16
NIU,2009,rl,-0.78
MKD,2009,rl,-0.29
NOR,2009,rl,1.87
OMN,2009,rl,0.55
PAK,2009,rl,-0.84
PLW,2009,rl,0.81
PAN,2009,rl,-0.1
PNG,2009,rl,-0.91
PRY,2009,rl,-0.86
PER,2009,rl,-0.62
PHL,2009,rl,-0.57
POL,2009,rl,0.65
PRT,2009,rl,1.06
PRI,2009,rl,0.76
QAT,2009,rl,0.9
ROM,2009,rl,0.05
RUS,2009,rl,-0.81
RWA,2009,rl,-0.5
REU,2009,rl,0.86
WSM,2009,rl,0.67
SMR,2009,rl,0.94
SAU,2009,rl,0.05
SEN,2009,rl,-0.37
SRB,2009,rl,-0.47
SYC,2009,rl,0.12
SLE,2009,rl,-0.91
SGP,2009,rl,1.56
SVK,2009,rl,0.53
SVN,2009,rl,1.07
SLB,2009,rl,-0.68
SOM,2009,rl,-2.45
ZAF,2009,rl,0.07
ESP,2009,rl,1.16
LKA,2009,rl,-0.1
KNA,2009,rl,0.99
LCA,2009,rl,0.89
VCT,2009,rl,0.92
SDN,2009,rl,-1.27
SUR,2009,rl,-0.12
SWE,2009,rl,1.96
CHE,2009,rl,1.74
SYR,2009,rl,-0.58
STP,2009,rl,-0.7
TWN,2009,rl,0.94
TJK,2009,rl,-1.27
TZA,2009,rl,-0.48
THA,2009,rl,-0.26
TMP,2009,rl,-1.2
TGO,2009,rl,-0.9
TON,2009,rl,-0.07
TTO,2009,rl,-0.21
TUN,2009,rl,0.12
TKM,2009,rl,-1.45
TUV,2009,rl,1.02
TUR,2009,rl,0.05
UGA,2009,rl,-0.41
UKR,2009,rl,-0.79
ARE,2009,rl,0.4
GBR,2009,rl,1.73
USA,2009,rl,1.59
URY,2009,rl,0.76
UZB,2009,rl,-1.33
VUT,2009,rl,0.41
VEN,2009,rl,-1.63
VNM,2009,rl,-0.53
VIR,2009,rl,0.86
WBG,2009,rl,-0.31
YEM,2009,rl,-1.09
ZMB,2009,rl,-0.48
ZWE,2009,rl,-1.87
AFG,2009,rq,-1.66
ALB,2009,rq,0.24
DZA,2009,rq,-0.96
ASM,2009,rq,0.4
ADO,2009,rq,1.41
AGO,2009,rq,-1.06
AIA,2009,rq,1.41
ATG,2009,rq,0.65
ARG,2009,rq,-0.83
ARM,2009,rq,0.27
ABW,2009,rq,1.29
AUS,2009,rq,1.82
AUT,2009,rq,1.45
AZE,2009,rq,-0.32
BHS,2009,rq,0.8
BHR,2009,rq,0.69
BGD,2009,rq,-0.87
BRB,2009,rq,0.58
BLR,2009,rq,-1.16
BEL,2009,rq,1.31
BLZ,2009,rq,-0.37
BEN,2009,rq,-0.4
BMU,2009,rq,1.41
BTN,2009,rq,-1.07
BOL,2009,rq,-0.87
BIH,2009,rq,-0.11
BWA,2009,rq,0.61
BRA,2009,rq,0.13
BRN,2009,rq,1.08
BGR,2009,rq,0.69
BFA,2009,rq,-0.14
BDI,2009,rq,-1.17
KHM,2009,rq,-0.5
CMR,2009,rq,-0.77
CAN,2009,rq,1.7
CPV,2009,rq,-0.06
CYM,2009,rq,1.16
CAF,2009,rq,-1.26
TCD,2009,rq,-1.07
CHL,2009,rq,1.43
CHN,2009,rq,-0.3
COL,2009,rq,0.09
COM,2009,rq,-1.54
ZAR,2009,rq,-1.51
COG,2009,rq,-1.28
COK,2009,rq,-0.94
CRI,2009,rq,0.52
HRV,2009,rq,0.47
CUB,2009,rq,-1.6
CYP,2009,rq,1.36
CZE,2009,rq,1.31
CIV,2009,rq,-0.97
DNK,2009,rq,1.88
DJI,2009,rq,-0.66
DMA,2009,rq,0.5
DOM,2009,rq,-0.16
ECU,2009,rq,-1.26
EGY,2009,rq,-0.18
SLV,2009,rq,0.28
GNQ,2009,rq,-1.47
ERI,2009,rq,-2.21
EST,2009,rq,1.39
SWZ,2009,rq,-0.37
ETH,2009,rq,-0.93
FJI,2009,rq,-0.97
FIN,2009,rq,1.81
FRA,2009,rq,1.21
GUF,2009,rq,1.19
GAB,2009,rq,-0.48
GMB,2009,rq,-0.41
GEO,2009,rq,0.51
DEU,2009,rq,1.52
GHA,2009,rq,0.04
GRC,2009,rq,0.83
GRL,2009,rq,1.35
GRD,2009,rq,0.24
GUM,2009,rq,0.65
GTM,2009,rq,-0.22
GIN,2009,rq,-1.12
GNB,2009,rq,-1.2
GUY,2009,rq,-0.62
HTI,2009,rq,-0.94
HND,2009,rq,-0.31
HKG,2009,rq,1.82
HUN,2009,rq,1.08
ISL,2009,rq,1.01
IND,2009,rq,-0.35
IDN,2009,rq,-0.31
IRN,2009,rq,-1.71
IRQ,2009,rq,-1.01
IRL,2009,rq,1.7
ISR,2009,rq,1.1
ITA,2009,rq,0.97
JAM,2009,rq,0.22
JPN,2009,rq,1.1
JOR,2009,rq,0.28
KAZ,2009,rq,-0.27
KEN,2009,rq,-0.18
KIR,2009,rq,-1.22
PRK,2009,rq,-2.39
KOR,2009,rq,0.85
KSV,2009,rq,0.06
KWT,2009,rq,0.15
KGZ,2009,rq,-0.33
LAO,2009,rq,-1.07
LVA,2009,rq,0.92
LBN,2009,rq,-0.1
LSO,2009,rq,-0.65
LBR,2009,rq,-1.18
LBY,2009,rq,-1.19
LIE,2009,rq,1.51
LTU,2009,rq,0.95
LUX,2009,rq,1.64
MAC,2009,rq,1.28
MDG,2009,rq,-0.54
MWI,2009,rq,-0.49
MYS,2009,rq,0.27
MDV,2009,rq,-0.38
MLI,2009,rq,-0.41
MLT,2009,rq,1.36
MHL,2009,rq,-1.22
MTQ,2009,rq,0.9
MRT,2009,rq,-0.71
MUS,2009,rq,0.76
MEX,2009,rq,0.18
FSM,2009,rq,-0.65
MDA,2009,rq,-0.14
MNG,2009,rq,-0.31
MNE,2009,rq,0.03
MAR,2009,rq,-0.09
MOZ,2009,rq,-0.44
MMR,2009,rq,-2.23
NAM,2009,rq,0.24
NRU,2009,rq,-1.01
NPL,2009,rq,-0.72
NLD,2009,rq,1.7
ANT,2009,rq,0.9
NZL,2009,rq,1.82
NIC,2009,rq,-0.44
NER,2009,rq,-0.53
NGA,2009,rq,-0.76
NIU,2009,rq,-0.94
MKD,2009,rq,0.19
NOR,2009,rq,1.46
OMN,2009,rq,0.53
PAK,2009,rq,-0.58
PLW,2009,rq,-0.83
PAN,2009,rq,0.4
PNG,2009,rq,-0.58
PRY,2009,rq,-0.41
PER,2009,rq,0.37
PHL,2009,rq,-0.11
POL,2009,rq,0.98
PRT,2009,rq,0.99
PRI,2009,rq,0.89
QAT,2009,rq,0.68
ROM,2009,rq,0.62
RUS,2009,rq,-0.29
RWA,2009,rq,-0.34
REU,2009,rq,1.15
WSM,2009,rq,-0.24
SAU,2009,rq,0.16
SEN,2009,rq,-0.32
SRB,2009,rq,-0.18
SYC,2009,rq,-0.01
SLE,2009,rq,-0.81
SGP,2009,rq,1.78
SVK,2009,rq,1.05
SVN,2009,rq,0.91
SLB,2009,rq,-1.22
SOM,2009,rq,-2.49
ZAF,2009,rq,0.45
ESP,2009,rq,1.19
LKA,2009,rq,-0.29
KNA,2009,rq,1.15
LCA,2009,rq,0.5
VCT,2009,rq,0.5
SDN,2009,rq,-1.27
SUR,2009,rq,-0.61
SWE,2009,rq,1.65
CHE,2009,rq,1.55
SYR,2009,rq,-0.92
STP,2009,rq,-0.77
TWN,2009,rq,1.04
TJK,2009,rq,-1.06
TZA,2009,rq,-0.47
THA,2009,rq,0.12
TMP,2009,rq,-1.16
TGO,2009,rq,-0.88
TON,2009,rq,-0.57
TTO,2009,rq,0.57
TUN,2009,rq,-0.01
TKM,2009,rq,-1.97
TUV,2009,rq,-1.01
TUR,2009,rq,0.29
UGA,2009,rq,-0.19
UKR,2009,rq,-0.56
ARE,2009,rq,0.44
GBR,2009,rq,1.58
USA,2009,rq,1.4
URY,2009,rq,0.51
UZB,2009,rq,-1.47
VUT,2009,rq,-0.68
VEN,2009,rq,-1.56
VNM,2009,rq,-0.63
VIR,2009,rq,0.65
WBG,2009,rq,-0.21
YEM,2009,rq,-0.64
ZMB,2009,rq,-0.54
ZWE,2009,rq,-2.08
AFG,2009,va,-1.38
ALB,2009,va,0.14
DZA,2009,va,-1.04
ASM,2009,va,0.96
ADO,2009,va,1.32
AGO,2009,va,-1.13
AIA,2009,va,0.96
ATG,2009,va,0.59
ARG,2009,va,0.28
ARM,2009,va,-0.88
ABW,2009,va,1.25
AUS,2009,va,1.38
AUT,2009,va,1.39
AZE,2009,va,-1.26
BHS,2009,va,1.01
BHR,2009,va,-0.79
BGD,2009,va,-0.29
BRB,2009,va,1.13
BLR,2009,va,-1.55
BEL,2009,va,1.35
BLZ,2009,va,0.74
BEN,2009,va,0.34
BMU,2009,va,0.96
BTN,2009,va,-0.46
BOL,2009,va,0.01
BIH,2009,va,0
BWA,2009,va,0.44
BRA,2009,va,0.52
BRN,2009,va,-0.73
BGR,2009,va,0.56
BFA,2009,va,-0.29
BDI,2009,va,-0.69
KHM,2009,va,-0.91
CMR,2009,va,-1.04
CAN,2009,va,1.4
CPV,2009,va,0.89
CYM,2009,va,0.56
CAF,2009,va,-1
TCD,2009,va,-1.4
CHL,2009,va,1.02
CHN,2009,va,-1.7
COL,2009,va,-0.15
COM,2009,va,-0.34
ZAR,2009,va,-1.41
COG,2009,va,-1.1
COK,2009,va,-0.39
CRI,2009,va,1.01
HRV,2009,va,0.49
CUB,2009,va,-1.7
CYP,2009,va,1.07
CZE,2009,va,1.03
CIV,2009,va,-1.06
DNK,2009,va,1.54
DJI,2009,va,-1.21
DMA,2009,va,1.01
DOM,2009,va,0.09
ECU,2009,va,-0.25
EGY,2009,va,-1.16
SLV,2009,va,0.06
GNQ,2009,va,-1.81
ERI,2009,va,-2.2
EST,2009,va,1.09
SWZ,2009,va,-1.27
ETH,2009,va,-1.3
FJI,2009,va,-0.91
FIN,2009,va,1.47
FRA,2009,va,1.24
GUF,2009,va,1.07
GAB,2009,va,-0.97
GMB,2009,va,-1.01
GEO,2009,va,-0.19
DEU,2009,va,1.33
GHA,2009,va,0.5
GRC,2009,va,0.89
GRL,2009,va,1.25
GRD,2009,va,0.82
GUM,2009,va,0.96
GTM,2009,va,-0.25
GIN,2009,va,-1.3
GNB,2009,va,-0.76
GUY,2009,va,0.09
HTI,2009,va,-0.66
HND,2009,va,-0.53
HKG,2009,va,0.48
HUN,2009,va,0.91
ISL,2009,va,1.42
IND,2009,va,0.46
IDN,2009,va,0
IRN,2009,va,-1.58
IRQ,2009,va,-1.02
IRL,2009,va,1.35
ISR,2009,va,0.57
ITA,2009,va,1.03
JAM,2009,va,0.58
JPN,2009,va,1.02
JOR,2009,va,-0.78
KAZ,2009,va,-1.08
KEN,2009,va,-0.33
KIR,2009,va,0.63
PRK,2009,va,-2.27
KOR,2009,va,0.71
KSV,2009,va,-0.12
KWT,2009,va,-0.48
KGZ,2009,va,-1.02
LAO,2009,va,-1.7
LVA,2009,va,0.85
LBN,2009,va,-0.36
LSO,2009,va,-0.08
LBR,2009,va,-0.16
LBY,2009,va,-1.91
LIE,2009,va,1.55
LTU,2009,va,0.9
LUX,2009,va,1.56
MAC,2009,va,0.59
MDG,2009,va,-0.83
MWI,2009,va,-0.15
MYS,2009,va,-0.5
MDV,2009,va,-0.05
MLI,2009,va,0.07
MLT,2009,va,1.15
MHL,2009,va,1.13
MTQ,2009,va,0.52
MRT,2009,va,-0.92
MUS,2009,va,0.82
MEX,2009,va,0.2
FSM,2009,va,1.07
MDA,2009,va,-0.3
MCO,2009,va,0.95
MNG,2009,va,0.13
MNE,2009,va,0.24
MAR,2009,va,-0.75
MOZ,2009,va,-0.11
MMR,2009,va,-2.17
NAM,2009,va,0.38
NRU,2009,va,1.09
NPL,2009,va,-0.44
NLD,2009,va,1.46
ANT,2009,va,0.3
NZL,2009,va,1.48
NIC,2009,va,-0.44
NER,2009,va,-0.74
NGA,2009,va,-0.85
NIU,2009,va,-0.39
MKD,2009,va,0.17
NOR,2009,va,1.55
OMN,2009,va,-1.07
PAK,2009,va,-0.86
PLW,2009,va,1.21
PAN,2009,va,0.59
PNG,2009,va,-0.01
PRY,2009,va,-0.13
PER,2009,va,0.08
PHL,2009,va,-0.03
POL,2009,va,1.03
PRT,2009,va,1.13
PRI,2009,va,0.86
QAT,2009,va,-1
ROM,2009,va,0.46
RUS,2009,va,-0.9
RWA,2009,va,-1.29
REU,2009,va,1.18
WSM,2009,va,0.54
SMR,2009,va,1.18
SAU,2009,va,-1.82
SEN,2009,va,-0.27
SRB,2009,va,0.33
SYC,2009,va,0.04
SLE,2009,va,-0.24
SGP,2009,va,-0.23
SVK,2009,va,0.88
SVN,2009,va,1.06
SLB,2009,va,0.14
SOM,2009,va,-2.04
ZAF,2009,va,0.57
ESP,2009,va,1.18
LKA,2009,va,-0.48
KNA,2009,va,1.1
LCA,2009,va,1.21
VCT,2009,va,1.03
SDN,2009,va,-1.69
SUR,2009,va,0.44
SWE,2009,va,1.55
CHE,2009,va,1.55
SYR,2009,va,-1.69
STP,2009,va,0.16
TWN,2009,va,0.83
TJK,2009,va,-1.33
TZA,2009,va,-0.16
THA,2009,va,-0.46
TMP,2009,va,0.1
TGO,2009,va,-0.98
TON,2009,va,-0.05
TTO,2009,va,0.55
TUN,2009,va,-1.36
TKM,2009,va,-2.08
TUV,2009,va,0.74
TUR,2009,va,-0.06
UGA,2009,va,-0.51
UKR,2009,va,0.06
ARE,2009,va,-0.84
GBR,2009,va,1.3
USA,2009,va,1.1
URY,2009,va,1.11
UZB,2009,va,-2.1
VUT,2009,va,0.51
VEN,2009,va,-0.85
VNM,2009,va,-1.48
VIR,2009,va,0.74
WBG,2009,va,-0.95
YEM,2009,va,-1.27
ZMB,2009,va,-0.3
ZWE,2009,va,-1.54
AFG,2010,cc,-1.65
ALB,2010,cc,-0.53
DZA,2010,cc,-0.55
ASM,2010,cc,0.33
ADO,2010,cc,1.3
AGO,2010,cc,-1.33
AIA,2010,cc,1.3
ATG,2010,cc,1.3
ARG,2010,cc,-0.36
ARM,2010,cc,-0.7
ABW,2010,cc,1.12
AUS,2010,cc,2.02
AUT,2010,cc,1.6
AZE,2010,cc,-1.25
BHS,2010,cc,1.35
BHR,2010,cc,0.18
BGD,2010,cc,-1.05
BRB,2010,cc,1.48
BLR,2010,cc,-0.63
BEL,2010,cc,1.47
BLZ,2010,cc,-0.02
BEN,2010,cc,-0.67
BMU,2010,cc,1.3
BTN,2010,cc,0.94
BOL,2010,cc,-0.46
BIH,2010,cc,-0.34
BWA,2010,cc,1
BRA,2010,cc,0.04
BRN,2010,cc,0.86
BGR,2010,cc,-0.24
BFA,2010,cc,-0.36
BDI,2010,cc,-1.17
KHM,2010,cc,-1.25
CMR,2010,cc,-1.08
CAN,2010,cc,2.06
CPV,2010,cc,0.88
CYM,2010,cc,1.12
CAF,2010,cc,-0.94
TCD,2010,cc,-1.39
CHL,2010,cc,1.44
CHN,2010,cc,-0.57
COL,2010,cc,-0.42
COM,2010,cc,-0.79
ZAR,2010,cc,-1.46
COG,2010,cc,-1.16
COK,2010,cc,-0.25
CRI,2010,cc,0.66
HRV,2010,cc,0.02
CUB,2010,cc,0.31
CYP,2010,cc,0.97
CZE,2010,cc,0.38
CIV,2010,cc,-1.17
DNK,2010,cc,2.35
DJI,2010,cc,-0.4
DMA,2010,cc,0.77
DOM,2010,cc,-0.88
ECU,2010,cc,-0.71
EGY,2010,cc,-0.6
SLV,2010,cc,-0.26
GNQ,2010,cc,-1.23
ERI,2010,cc,-0.55
EST,2010,cc,0.99
SWZ,2010,cc,-0.04
ETH,2010,cc,-0.69
FJI,2010,cc,-0.16
FIN,2010,cc,2.15
FRA,2010,cc,1.49
GUF,2010,cc,1.12
GAB,2010,cc,-0.91
GMB,2010,cc,-0.59
GEO,2010,cc,0.01
DEU,2010,cc,1.77
GHA,2010,cc,0.01
GRC,2010,cc,-0.06
GRL,2010,cc,1.21
GRD,2010,cc,0.48
GUM,2010,cc,0.82
GTM,2010,cc,-0.54
GIN,2010,cc,-1.22
GNB,2010,cc,-1.16
GUY,2010,cc,-0.56
HTI,2010,cc,-1.19
HND,2010,cc,-0.89
HKG,2010,cc,1.95
HUN,2010,cc,0.3
ISL,2010,cc,1.93
IND,2010,cc,-0.46
IDN,2010,cc,-0.8
IRN,2010,cc,-0.95
IRQ,2010,cc,-1.36
IRL,2010,cc,1.68
ISR,2010,cc,0.75
ITA,2010,cc,0.28
JAM,2010,cc,-0.27
JPN,2010,cc,1.55
JOR,2010,cc,0.04
KAZ,2010,cc,-1
KEN,2010,cc,-0.91
KIR,2010,cc,-0.07
PRK,2010,cc,-1.28
KOR,2010,cc,0.43
KSV,2010,cc,-0.62
KWT,2010,cc,0.3
KGZ,2010,cc,-1.18
LAO,2010,cc,-1.2
LVA,2010,cc,0.2
LBN,2010,cc,-0.92
LSO,2010,cc,0.18
LBR,2010,cc,-0.57
LBY,2010,cc,-1.26
LIE,2010,cc,1.84
LTU,2010,cc,0.37
LUX,2010,cc,2.04
MAC,2010,cc,0.41
MDG,2010,cc,-0.42
MWI,2010,cc,-0.49
MYS,2010,cc,0.06
MDV,2010,cc,-0.54
MLI,2010,cc,-0.68
MLT,2010,cc,0.78
MHL,2010,cc,-0.72
MTQ,2010,cc,0.82
MRT,2010,cc,-0.71
MUS,2010,cc,0.48
MEX,2010,cc,-0.44
FSM,2010,cc,-0.26
MDA,2010,cc,-0.67
MNG,2010,cc,-0.73
MNE,2010,cc,-0.25
MAR,2010,cc,-0.23
MOZ,2010,cc,-0.44
MMR,2010,cc,-1.67
NAM,2010,cc,0.32
NRU,2010,cc,0.01
NPL,2010,cc,-0.7
NLD,2010,cc,2.09
ANT,2010,cc,0.82
NZL,2010,cc,2.33
NIC,2010,cc,-0.76
NER,2010,cc,-0.66
NGA,2010,cc,-1.05
NIU,2010,cc,-0.46
MKD,2010,cc,-0.09
NOR,2010,cc,2.08
OMN,2010,cc,0.32
PAK,2010,cc,-1.09
PLW,2010,cc,-0.5
PAN,2010,cc,-0.36
PNG,2010,cc,-1.04
PRY,2010,cc,-0.71
PER,2010,cc,-0.25
PHL,2010,cc,-0.78
POL,2010,cc,0.51
PRT,2010,cc,1.06
PRI,2010,cc,0.47
QAT,2010,cc,1.4
ROM,2010,cc,-0.35
RUS,2010,cc,-1.1
RWA,2010,cc,0.37
REU,2010,cc,0.82
WSM,2010,cc,0.17
SAU,2010,cc,0.04
SEN,2010,cc,-0.64
SRB,2010,cc,-0.32
SYC,2010,cc,0.6
SLE,2010,cc,-0.78
SGP,2010,cc,2.17
SVK,2010,cc,0.25
SVN,2010,cc,0.92
SLB,2010,cc,-0.34
SOM,2010,cc,-1.73
ZAF,2010,cc,0.07
SSD,2010,cc,-0.82
ESP,2010,cc,1.16
LKA,2010,cc,-0.42
KNA,2010,cc,1.3
LCA,2010,cc,1.29
VCT,2010,cc,1.07
SDN,2010,cc,-1.2
SUR,2010,cc,-0.33
SWE,2010,cc,2.22
CHE,2010,cc,2.06
SYR,2010,cc,-1.1
STP,2010,cc,-0.24
TWN,2010,cc,0.74
TJK,2010,cc,-1.3
TZA,2010,cc,-0.54
THA,2010,cc,-0.36
TMP,2010,cc,-0.75
TGO,2010,cc,-0.97
TON,2010,cc,-0.3
TTO,2010,cc,-0.21
TUN,2010,cc,-0.12
TKM,2010,cc,-1.44
TUV,2010,cc,-0.26
TUR,2010,cc,0.03
UGA,2010,cc,-0.92
UKR,2010,cc,-1.03
ARE,2010,cc,0.89
GBR,2010,cc,1.61
USA,2010,cc,1.27
URY,2010,cc,1.3
UZB,2010,cc,-1.31
VUT,2010,cc,0.3
VEN,2010,cc,-1.21
VNM,2010,cc,-0.62
VIR,2010,cc,0.82
WBG,2010,cc,-0.11
YEM,2010,cc,-1.19
ZMB,2010,cc,-0.52
ZWE,2010,cc,-1.37
AFG,2010,ge,-1.48
ALB,2010,ge,-0.28
DZA,2010,ge,-0.4
ASM,2010,ge,0.49
ADO,2010,ge,1.51
AGO,2010,ge,-1.14
AIA,2010,ge,1.51
ATG,2010,ge,0.49
ARG,2010,ge,-0.11
ARM,2010,ge,-0.17
ABW,2010,ge,1.25
AUS,2010,ge,1.76
AUT,2010,ge,1.81
AZE,2010,ge,-0.81
BHS,2010,ge,1.07
BHR,2010,ge,0.43
BGD,2010,ge,-0.75
BRB,2010,ge,1.41
BLR,2010,ge,-1.19
BEL,2010,ge,1.65
BLZ,2010,ge,-0.26
BEN,2010,ge,-0.61
BMU,2010,ge,1
BTN,2010,ge,0.61
BOL,2010,ge,-0.5
BIH,2010,ge,-0.74
BWA,2010,ge,0.39
BRA,2010,ge,-0.09
BRN,2010,ge,0.9
BGR,2010,ge,-0.07
BFA,2010,ge,-0.59
BDI,2010,ge,-1.12
KHM,2010,ge,-0.96
CMR,2010,ge,-0.9
CAN,2010,ge,1.78
CPV,2010,ge,-0.1
CYM,2010,ge,1.25
CAF,2010,ge,-1.39
TCD,2010,ge,-1.46
CHL,2010,ge,1.16
CHN,2010,ge,0.09
COL,2010,ge,-0.12
COM,2010,ge,-1.75
ZAR,2010,ge,-1.72
COG,2010,ge,-1.24
COK,2010,ge,-1.02
CRI,2010,ge,0.3
HRV,2010,ge,0.58
CUB,2010,ge,-0.33
CYP,2010,ge,1.53
CZE,2010,ge,0.9
CIV,2010,ge,-1.3
DNK,2010,ge,2.1
DJI,2010,ge,-1.01
DMA,2010,ge,0.68
DOM,2010,ge,-0.69
ECU,2010,ge,-0.67
EGY,2010,ge,-0.32
SLV,2010,ge,-0.01
GNQ,2010,ge,-1.26
ERI,2010,ge,-1.4
EST,2010,ge,1.08
SWZ,2010,ge,-0.3
ETH,2010,ge,-0.49
FJI,2010,ge,-0.92
FIN,2010,ge,2.22
FRA,2010,ge,1.46
GUF,2010,ge,1.21
GAB,2010,ge,-0.8
GMB,2010,ge,-0.75
GEO,2010,ge,0.33
DEU,2010,ge,1.52
GHA,2010,ge,-0.1
GRC,2010,ge,0.49
GRL,2010,ge,1.01
GRD,2010,ge,0.19
GUM,2010,ge,-0.02
GTM,2010,ge,-0.72
GIN,2010,ge,-1.12
GNB,2010,ge,-1.07
GUY,2010,ge,-0.12
HTI,2010,ge,-1.65
HND,2010,ge,-0.64
HKG,2010,ge,1.68
HUN,2010,ge,0.64
ISL,2010,ge,1.58
IND,2010,ge,0.03
IDN,2010,ge,-0.27
IRN,2010,ge,-0.5
IRQ,2010,ge,-1.1
IRL,2010,ge,1.34
ISR,2010,ge,1.39
ITA,2010,ge,0.47
JAM,2010,ge,0.3
JPN,2010,ge,1.52
JOR,2010,ge,0.09
KAZ,2010,ge,-0.49
KEN,2010,ge,-0.58
KIR,2010,ge,-0.88
PRK,2010,ge,-1.87
KOR,2010,ge,1.15
KSV,2010,ge,-0.58
KWT,2010,ge,0.15
KGZ,2010,ge,-0.66
LAO,2010,ge,-0.87
LVA,2010,ge,0.72
LBN,2010,ge,-0.14
LSO,2010,ge,-0.4
LBR,2010,ge,-1.25
LBY,2010,ge,-1.09
LIE,2010,ge,1.78
LTU,2010,ge,0.74
LUX,2010,ge,1.72
MAC,2010,ge,1.35
MDG,2010,ge,-1
MWI,2010,ge,-0.47
MYS,2010,ge,1.05
MDV,2010,ge,-0.19
MLI,2010,ge,-0.85
MLT,2010,ge,1.19
MHL,2010,ge,-1.14
MTQ,2010,ge,0.74
MRT,2010,ge,-0.99
MUS,2010,ge,0.91
MEX,2010,ge,0.1
FSM,2010,ge,-0.47
MDA,2010,ge,-0.66
MNG,2010,ge,-0.56
MNE,2010,ge,0.13
MAR,2010,ge,-0.23
MOZ,2010,ge,-0.62
MMR,2010,ge,-1.63
NAM,2010,ge,0.16
NRU,2010,ge,-0.56
NPL,2010,ge,-0.9
NLD,2010,ge,1.77
ANT,2010,ge,0.74
NZL,2010,ge,1.81
NIC,2010,ge,-0.95
NER,2010,ge,-0.7
NGA,2010,ge,-1.17
NIU,2010,ge,-1.02
MKD,2010,ge,-0.18
NOR,2010,ge,1.87
OMN,2010,ge,0.36
PAK,2010,ge,-0.78
PLW,2010,ge,-0.85
PAN,2010,ge,0.13
PNG,2010,ge,-0.73
PRY,2010,ge,-0.91
PER,2010,ge,-0.24
PHL,2010,ge,0.07
POL,2010,ge,0.63
PRT,2010,ge,0.98
PRI,2010,ge,0.32
QAT,2010,ge,0.85
ROM,2010,ge,-0.11
RUS,2010,ge,-0.6
RWA,2010,ge,-0.16
REU,2010,ge,1
WSM,2010,ge,0
SAU,2010,ge,-0.02
SEN,2010,ge,-0.59
SRB,2010,ge,-0.08
SYC,2010,ge,0.62
SLE,2010,ge,-1.21
SGP,2010,ge,2.28
SVK,2010,ge,0.78
SVN,2010,ge,1.01
SLB,2010,ge,-1.02
SOM,2010,ge,-2.17
ZAF,2010,ge,0.19
ESP,2010,ge,0.94
LKA,2010,ge,-0.2
KNA,2010,ge,1.26
LCA,2010,ge,0.83
VCT,2010,ge,0.72
SDN,2010,ge,-1.38
SUR,2010,ge,-0.11
SWE,2010,ge,1.96
CHE,2010,ge,1.87
SYR,2010,ge,-0.45
STP,2010,ge,-0.86
TWN,2010,ge,1.17
TJK,2010,ge,-0.93
TZA,2010,ge,-0.62
THA,2010,ge,0.08
TMP,2010,ge,-1.25
TGO,2010,ge,-1.38
TON,2010,ge,-0.29
TTO,2010,ge,0.34
TUN,2010,ge,0.16
TKM,2010,ge,-1.53
TUV,2010,ge,-0.49
TUR,2010,ge,0.32
UGA,2010,ge,-0.57
UKR,2010,ge,-0.82
ARE,2010,ge,0.92
GBR,2010,ge,1.62
USA,2010,ge,1.55
URY,2010,ge,0.63
UZB,2010,ge,-0.73
VUT,2010,ge,-0.27
VEN,2010,ge,-1.1
VNM,2010,ge,-0.24
VIR,2010,ge,1.26
WBG,2010,ge,-0.37
YEM,2010,ge,-1.03
ZMB,2010,ge,-0.86
ZWE,2010,ge,-1.54
AFG,2010,pv,-2.58
ALB,2010,pv,-0.19
DZA,2010,pv,-1.26
ASM,2010,pv,0.92
ADO,2010,pv,1.28
AGO,2010,pv,-0.23
AIA,2010,pv,1.37
ATG,2010,pv,0.9
ARG,2010,pv,-0.08
ARM,2010,pv,0.07
ABW,2010,pv,1.1
AUS,2010,pv,0.89
AUT,2010,pv,1.15
AZE,2010,pv,-0.24
BHS,2010,pv,0.99
BHR,2010,pv,-0.49
BGD,2010,pv,-1.43
BRB,2010,pv,1.06
BLR,2010,pv,-0.09
BEL,2010,pv,0.81
BLZ,2010,pv,0.07
BEN,2010,pv,0.26
BMU,2010,pv,0.91
BTN,2010,pv,0.74
BOL,2010,pv,-0.42
BIH,2010,pv,-0.69
BWA,2010,pv,0.99
BRA,2010,pv,0.01
BRN,2010,pv,1.28
BGR,2010,pv,0.36
BFA,2010,pv,-0.12
BDI,2010,pv,-1.63
KHM,2010,pv,-0.5
CMR,2010,pv,-0.74
CAN,2010,pv,0.94
CPV,2010,pv,0.84
CYM,2010,pv,1.15
CAF,2010,pv,-2.02
TCD,2010,pv,-1.52
CHL,2010,pv,0.68
CHN,2010,pv,-0.66
COL,2010,pv,-1.54
COM,2010,pv,-0.56
ZAR,2010,pv,-2.2
COG,2010,pv,-0.32
COK,2010,pv,1.32
CRI,2010,pv,0.69
HRV,2010,pv,0.61
CUB,2010,pv,0.35
CYP,2010,pv,0.45
CZE,2010,pv,0.99
CIV,2010,pv,-1.58
DNK,2010,pv,1.04
DJI,2010,pv,0.25
DMA,2010,pv,0.9
DOM,2010,pv,-0.04
ECU,2010,pv,-0.59
EGY,2010,pv,-0.9
SLV,2010,pv,0.06
GNQ,2010,pv,0.24
ERI,2010,pv,-0.88
EST,2010,pv,0.66
SWZ,2010,pv,-0.08
ETH,2010,pv,-1.64
FJI,2010,pv,-0.19
FIN,2010,pv,1.42
FRA,2010,pv,0.68
GUF,2010,pv,0.19
GAB,2010,pv,0.3
GMB,2010,pv,0.07
GEO,2010,pv,-0.72
DEU,2010,pv,0.8
GHA,2010,pv,0.03
GRC,2010,pv,-0.13
GRL,2010,pv,1.65
GRD,2010,pv,0.52
GUM,2010,pv,0.4
GTM,2010,pv,-0.85
GIN,2010,pv,-1.69
GNB,2010,pv,-0.69
GUY,2010,pv,-0.46
HTI,2010,pv,-0.94
HND,2010,pv,-0.5
HKG,2010,pv,0.94
HUN,2010,pv,0.69
ISL,2010,pv,1.02
IND,2010,pv,-1.28
IDN,2010,pv,-0.85
IRN,2010,pv,-1.63
IRQ,2010,pv,-2.24
IRL,2010,pv,1.02
ISR,2010,pv,-1.34
ITA,2010,pv,0.47
JAM,2010,pv,-0.43
JPN,2010,pv,0.88
JOR,2010,pv,-0.31
KAZ,2010,pv,0.52
KEN,2010,pv,-1.17
KIR,2010,pv,1.42
PRK,2010,pv,-0.3
KOR,2010,pv,0.33
KSV,2010,pv,-1.04
KWT,2010,pv,0.45
KGZ,2010,pv,-1.04
LAO,2010,pv,-0.28
LVA,2010,pv,0.53
LBN,2010,pv,-1.63
LSO,2010,pv,0.46
LBR,2010,pv,-0.47
LBY,2010,pv,0.03
LIE,2010,pv,1.54
LTU,2010,pv,0.72
LUX,2010,pv,1.46
MAC,2010,pv,0.57
MDG,2010,pv,-0.98
MWI,2010,pv,0.04
MYS,2010,pv,0.14
MDV,2010,pv,-0.17
MLI,2010,pv,-0.18
MLT,2010,pv,1.25
MHL,2010,pv,1.15
MTQ,2010,pv,0.4
MRT,2010,pv,-1.08
MUS,2010,pv,0.64
MEX,2010,pv,-0.73
FSM,2010,pv,1.21
MDA,2010,pv,-0.38
MCO,2010,pv,0.96
MNG,2010,pv,0.6
MNE,2010,pv,0.58
MAR,2010,pv,-0.38
MOZ,2010,pv,0.39
MMR,2010,pv,-1.29
NAM,2010,pv,0.85
NRU,2010,pv,1.45
NPL,2010,pv,-1.58
NLD,2010,pv,0.94
ANT,2010,pv,0.96
NZL,2010,pv,1.24
NIC,2010,pv,-0.5
NER,2010,pv,-1.16
NGA,2010,pv,-2.21
NIU,2010,pv,1.32
MKD,2010,pv,-0.52
NOR,2010,pv,1.33
OMN,2010,pv,0.59
PAK,2010,pv,-2.68
PLW,2010,pv,1.45
PAN,2010,pv,-0.12
PNG,2010,pv,-0.81
PRY,2010,pv,-0.83
PER,2010,pv,-1
PHL,2010,pv,-1.65
POL,2010,pv,1.02
PRT,2010,pv,0.72
PRI,2010,pv,0.36
QAT,2010,pv,1.15
ROM,2010,pv,0.27
RUS,2010,pv,-0.93
RWA,2010,pv,-0.27
REU,2010,pv,0.4
WSM,2010,pv,0.77
SMR,2010,pv,1.45
SAU,2010,pv,-0.23
SEN,2010,pv,-0.42
SRB,2010,pv,-0.42
SYC,2010,pv,0.86
SLE,2010,pv,-0.24
SGP,2010,pv,1.17
SVK,2010,pv,1.05
SVN,2010,pv,0.87
SLB,2010,pv,0.34
SOM,2010,pv,-3.13
ZAF,2010,pv,-0.03
ESP,2010,pv,-0.32
LKA,2010,pv,-0.94
KNA,2010,pv,1.04
LCA,2010,pv,0.79
VCT,2010,pv,0.79
SDN,2010,pv,-2.67
SUR,2010,pv,0.08
SWE,2010,pv,1.09
CHE,2010,pv,1.26
SYR,2010,pv,-0.81
STP,2010,pv,0.12
TWN,2010,pv,0.86
TJK,2010,pv,-1.03
TZA,2010,pv,0.01
THA,2010,pv,-1.44
TMP,2010,pv,-0.47
TGO,2010,pv,-0.18
TON,2010,pv,0.69
TTO,2010,pv,-0.05
TUN,2010,pv,-0.06
TKM,2010,pv,0.33
TUV,2010,pv,1.42
TUR,2010,pv,-0.92
UGA,2010,pv,-1
UKR,2010,pv,0.01
ARE,2010,pv,0.8
GBR,2010,pv,0.41
USA,2010,pv,0.44
URY,2010,pv,0.82
UZB,2010,pv,-0.72
VUT,2010,pv,1.28
VEN,2010,pv,-1.26
VNM,2010,pv,0.15
VIR,2010,pv,0.34
WBG,2010,pv,-1.97
YEM,2010,pv,-2.42
ZMB,2010,pv,0.52
ZWE,2010,pv,-1.1
AFG,2010,rl,-1.87
ALB,2010,rl,-0.39
DZA,2010,rl,-0.82
ASM,2010,rl,1.11
ADO,2010,rl,1.2
AGO,2010,rl,-1.27
AIA,2010,rl,1.38
ATG,2010,rl,0.95
ARG,2010,rl,-0.6
ARM,2010,rl,-0.48
ABW,2010,rl,1.42
AUS,2010,rl,1.76
AUT,2010,rl,1.8
AZE,2010,rl,-0.89
BHS,2010,rl,0.72
BHR,2010,rl,0.43
BGD,2010,rl,-0.8
BRB,2010,rl,1.07
BLR,2010,rl,-1.07
BEL,2010,rl,1.42
BLZ,2010,rl,-0.28
BEN,2010,rl,-0.67
BMU,2010,rl,1.11
BTN,2010,rl,0.16
BOL,2010,rl,-1.03
BIH,2010,rl,-0.36
BWA,2010,rl,0.6
BRA,2010,rl,0.06
BRN,2010,rl,0.77
BGR,2010,rl,-0.1
BFA,2010,rl,-0.19
BDI,2010,rl,-1.21
KHM,2010,rl,-1.12
CMR,2010,rl,-1.08
CAN,2010,rl,1.8
CPV,2010,rl,0.46
CYM,2010,rl,0.89
CAF,2010,rl,-1.31
TCD,2010,rl,-1.51
CHL,2010,rl,1.23
CHN,2010,rl,-0.47
COL,2010,rl,-0.27
COM,2010,rl,-1.08
ZAR,2010,rl,-1.63
COG,2010,rl,-1.22
COK,2010,rl,-0.92
CRI,2010,rl,0.54
HRV,2010,rl,0.08
CUB,2010,rl,-0.72
CYP,2010,rl,1.21
CZE,2010,rl,0.93
CIV,2010,rl,-1.24
DNK,2010,rl,1.9
DJI,2010,rl,-0.75
DMA,2010,rl,0.72
DOM,2010,rl,-0.86
ECU,2010,rl,-1.14
EGY,2010,rl,-0.17
SLV,2010,rl,-0.87
GNQ,2010,rl,-1.01
ERI,2010,rl,-1.35
EST,2010,rl,1.15
SWZ,2010,rl,-0.47
ETH,2010,rl,-0.81
FJI,2010,rl,-0.74
FIN,2010,rl,1.96
FRA,2010,rl,1.5
GUF,2010,rl,1.17
GAB,2010,rl,-0.46
GMB,2010,rl,-0.57
GEO,2010,rl,-0.21
DEU,2010,rl,1.64
GHA,2010,rl,-0.03
GRC,2010,rl,0.58
GRL,2010,rl,1.73
GRD,2010,rl,0.12
GUM,2010,rl,1.11
GTM,2010,rl,-0.94
GIN,2010,rl,-1.49
GNB,2010,rl,-1.34
GUY,2010,rl,-0.48
HTI,2010,rl,-1.38
HND,2010,rl,-0.88
HKG,2010,rl,1.54
HUN,2010,rl,0.77
ISL,2010,rl,1.71
IND,2010,rl,-0.04
IDN,2010,rl,-0.66
IRN,2010,rl,-1.03
IRQ,2010,rl,-1.71
IRL,2010,rl,1.76
ISR,2010,rl,0.91
ITA,2010,rl,0.45
JAM,2010,rl,-0.43
JPN,2010,rl,1.32
JOR,2010,rl,0.15
KAZ,2010,rl,-0.7
KEN,2010,rl,-0.95
KIR,2010,rl,0.06
PRK,2010,rl,-1.38
KOR,2010,rl,1.01
KSV,2010,rl,-0.61
KWT,2010,rl,0.59
KGZ,2010,rl,-1.27
LAO,2010,rl,-0.97
LVA,2010,rl,0.76
LBN,2010,rl,-0.64
LSO,2010,rl,-0.29
LBR,2010,rl,-0.97
LBY,2010,rl,-1.01
LIE,2010,rl,1.62
LTU,2010,rl,0.78
LUX,2010,rl,1.84
MAC,2010,rl,0.72
MDG,2010,rl,-0.88
MWI,2010,rl,-0.14
MYS,2010,rl,0.39
MDV,2010,rl,-0.32
MLI,2010,rl,-0.45
MLT,2010,rl,1.41
MHL,2010,rl,0.4
MTQ,2010,rl,0.85
MRT,2010,rl,-0.9
MUS,2010,rl,0.89
MEX,2010,rl,-0.55
FSM,2010,rl,0.14
MDA,2010,rl,-0.36
MCO,2010,rl,0.88
MNG,2010,rl,-0.36
MNE,2010,rl,-0.06
MAR,2010,rl,-0.21
MOZ,2010,rl,-0.49
MMR,2010,rl,-1.55
NAM,2010,rl,0.21
NRU,2010,rl,0.46
NPL,2010,rl,-0.96
NLD,2010,rl,1.81
ANT,2010,rl,0.85
NZL,2010,rl,1.86
NIC,2010,rl,-0.84
NER,2010,rl,-0.5
NGA,2010,rl,-1.16
NIU,2010,rl,-0.74
MKD,2010,rl,-0.3
NOR,2010,rl,1.89
OMN,2010,rl,0.54
PAK,2010,rl,-0.74
PLW,2010,rl,0.75
PAN,2010,rl,-0.08
PNG,2010,rl,-0.93
PRY,2010,rl,-0.83
PER,2010,rl,-0.57
PHL,2010,rl,-0.55
POL,2010,rl,0.71
PRT,2010,rl,1.03
PRI,2010,rl,0.76
QAT,2010,rl,0.85
ROM,2010,rl,0.11
RUS,2010,rl,-0.8
RWA,2010,rl,-0.33
REU,2010,rl,0.85
WSM,2010,rl,0.68
SMR,2010,rl,0.88
SAU,2010,rl,0.15
SEN,2010,rl,-0.4
SRB,2010,rl,-0.43
SYC,2010,rl,0.06
SLE,2010,rl,-0.95
SGP,2010,rl,1.62
SVK,2010,rl,0.56
SVN,2010,rl,1
SLB,2010,rl,-0.65
SOM,2010,rl,-2.41
ZAF,2010,rl,0.1
ESP,2010,rl,1.16
LKA,2010,rl,-0.12
KNA,2010,rl,0.98
LCA,2010,rl,0.85
VCT,2010,rl,0.88
SDN,2010,rl,-1.34
SUR,2010,rl,-0.06
SWE,2010,rl,1.93
CHE,2010,rl,1.75
SYR,2010,rl,-0.59
STP,2010,rl,-0.68
TWN,2010,rl,1.01
TJK,2010,rl,-1.21
TZA,2010,rl,-0.49
THA,2010,rl,-0.23
TMP,2010,rl,-1.19
TGO,2010,rl,-0.94
TON,2010,rl,0.1
TTO,2010,rl,-0.2
TUN,2010,rl,0.04
TKM,2010,rl,-1.47
TUV,2010,rl,0.99
TUR,2010,rl,0.05
UGA,2010,rl,-0.4
UKR,2010,rl,-0.84
ARE,2010,rl,0.32
GBR,2010,rl,1.77
USA,2010,rl,1.63
URY,2010,rl,0.79
UZB,2010,rl,-1.42
VUT,2010,rl,0.26
VEN,2010,rl,-1.67
VNM,2010,rl,-0.58
VIR,2010,rl,0.85
WBG,2010,rl,-0.21
YEM,2010,rl,-1.09
ZMB,2010,rl,-0.5
ZWE,2010,rl,-1.84
AFG,2010,rq,-1.52
ALB,2010,rq,0.23
DZA,2010,rq,-1.1
ASM,2010,rq,0.39
ADO,2010,rq,1.39
AGO,2010,rq,-1.06
AIA,2010,rq,1.39
ATG,2010,rq,0.64
ARG,2010,rq,-0.74
ARM,2010,rq,0.27
ABW,2010,rq,1.34
AUS,2010,rq,1.7
AUT,2010,rq,1.45
AZE,2010,rq,-0.39
BHS,2010,rq,0.55
BHR,2010,rq,0.71
BGD,2010,rq,-0.86
BRB,2010,rq,0.51
BLR,2010,rq,-1.19
BEL,2010,rq,1.28
BLZ,2010,rq,-0.34
BEN,2010,rq,-0.4
BMU,2010,rq,1.39
BTN,2010,rq,-1.16
BOL,2010,rq,-0.8
BIH,2010,rq,-0.12
BWA,2010,rq,0.58
BRA,2010,rq,0.25
BRN,2010,rq,1.11
BGR,2010,rq,0.68
BFA,2010,rq,-0.21
BDI,2010,rq,-1.12
KHM,2010,rq,-0.49
CMR,2010,rq,-0.75
CAN,2010,rq,1.69
CPV,2010,rq,-0.15
CYM,2010,rq,1.16
CAF,2010,rq,-1.16
TCD,2010,rq,-1.08
CHL,2010,rq,1.42
CHN,2010,rq,-0.32
COL,2010,rq,0.16
COM,2010,rq,-1.4
ZAR,2010,rq,-1.55
COG,2010,rq,-1.25
COK,2010,rq,-1.24
CRI,2010,rq,0.59
HRV,2010,rq,0.49
CUB,2010,rq,-1.67
CYP,2010,rq,1.42
CZE,2010,rq,1.3
CIV,2010,rq,-0.93
DNK,2010,rq,1.87
DJI,2010,rq,-0.68
DMA,2010,rq,0.35
DOM,2010,rq,-0.12
ECU,2010,rq,-1.12
EGY,2010,rq,-0.15
SLV,2010,rq,0.34
GNQ,2010,rq,-1.55
ERI,2010,rq,-2.16
EST,2010,rq,1.39
SWZ,2010,rq,-0.4
ETH,2010,rq,-0.85
FJI,2010,rq,-0.56
FIN,2010,rq,1.87
FRA,2010,rq,1.31
GUF,2010,rq,1.23
GAB,2010,rq,-0.44
GMB,2010,rq,-0.48
GEO,2010,rq,0.59
DEU,2010,rq,1.57
GHA,2010,rq,0.05
GRC,2010,rq,0.64
GRL,2010,rq,1.36
GRD,2010,rq,0.27
GUM,2010,rq,0.64
GTM,2010,rq,-0.17
GIN,2010,rq,-1.06
GNB,2010,rq,-1.12
GUY,2010,rq,-0.61
HTI,2010,rq,-1.03
HND,2010,rq,-0.25
HKG,2010,rq,1.87
HUN,2010,rq,1.01
ISL,2010,rq,0.92
IND,2010,rq,-0.41
IDN,2010,rq,-0.38
IRN,2010,rq,-1.71
IRQ,2010,rq,-1.03
IRL,2010,rq,1.62
ISR,2010,rq,1.21
ITA,2010,rq,0.89
JAM,2010,rq,0.23
JPN,2010,rq,1.02
JOR,2010,rq,0.23
KAZ,2010,rq,-0.28
KEN,2010,rq,-0.14
KIR,2010,rq,-1.32
PRK,2010,rq,-2.45
KOR,2010,rq,0.92
KSV,2010,rq,-0.1
KWT,2010,rq,0.16
KGZ,2010,rq,-0.26
LAO,2010,rq,-1.02
LVA,2010,rq,0.93
LBN,2010,rq,0.02
LSO,2010,rq,-0.63
LBR,2010,rq,-1.04
LBY,2010,rq,-1.3
LIE,2010,rq,1.53
LTU,2010,rq,0.96
LUX,2010,rq,1.67
MAC,2010,rq,1.35
MDG,2010,rq,-0.61
MWI,2010,rq,-0.64
MYS,2010,rq,0.61
MDV,2010,rq,-0.38
MLI,2010,rq,-0.48
MLT,2010,rq,1.43
MHL,2010,rq,-1.24
MTQ,2010,rq,0.89
MRT,2010,rq,-0.84
MUS,2010,rq,0.8
MEX,2010,rq,0.16
FSM,2010,rq,-0.75
MDA,2010,rq,-0.13
MNG,2010,rq,-0.26
MNE,2010,rq,-0.01
MAR,2010,rq,-0.12
MOZ,2010,rq,-0.45
MMR,2010,rq,-2.24
NAM,2010,rq,0.21
NRU,2010,rq,-1.05
NPL,2010,rq,-0.76
NLD,2010,rq,1.73
ANT,2010,rq,0.89
NZL,2010,rq,1.81
NIC,2010,rq,-0.3
NER,2010,rq,-0.56
NGA,2010,rq,-0.74
NIU,2010,rq,-0.98
MKD,2010,rq,0.24
NOR,2010,rq,1.51
OMN,2010,rq,0.44
PAK,2010,rq,-0.61
PLW,2010,rq,-0.87
PAN,2010,rq,0.47
PNG,2010,rq,-0.57
PRY,2010,rq,-0.36
PER,2010,rq,0.39
PHL,2010,rq,-0.22
POL,2010,rq,1.02
PRT,2010,rq,0.72
PRI,2010,rq,0.86
QAT,2010,rq,0.6
ROM,2010,rq,0.67
RUS,2010,rq,-0.31
RWA,2010,rq,-0.24
REU,2010,rq,1.14
WSM,2010,rq,-0.27
SAU,2010,rq,0.16
SEN,2010,rq,-0.32
SRB,2010,rq,-0.07
SYC,2010,rq,-0.02
SLE,2010,rq,-0.76
SGP,2010,rq,1.78
SVK,2010,rq,1
SVN,2010,rq,0.76
SLB,2010,rq,-1.2
SOM,2010,rq,-2.3
ZAF,2010,rq,0.45
ESP,2010,rq,1.16
LKA,2010,rq,-0.25
KNA,2010,rq,1.14
LCA,2010,rq,0.35
VCT,2010,rq,0.32
SDN,2010,rq,-1.34
SUR,2010,rq,-0.67
SWE,2010,rq,1.66
CHE,2010,rq,1.62
SYR,2010,rq,-0.86
STP,2010,rq,-0.85
TWN,2010,rq,1.11
TJK,2010,rq,-1.01
TZA,2010,rq,-0.46
THA,2010,rq,0.06
TMP,2010,rq,-1.11
TGO,2010,rq,-0.89
TON,2010,rq,-0.58
TTO,2010,rq,0.54
TUN,2010,rq,-0.09
TKM,2010,rq,-2.06
TUV,2010,rq,-1.15
TUR,2010,rq,0.31
UGA,2010,rq,-0.2
UKR,2010,rq,-0.45
ARE,2010,rq,0.32
GBR,2010,rq,1.73
USA,2010,rq,1.44
URY,2010,rq,0.6
UZB,2010,rq,-1.54
VUT,2010,rq,-0.78
VEN,2010,rq,-1.56
VNM,2010,rq,-0.63
VIR,2010,rq,0.64
WBG,2010,rq,0.21
YEM,2010,rq,-0.62
ZMB,2010,rq,-0.52
ZWE,2010,rq,-2
AFG,2010,va,-1.4
ALB,2010,va,0.12
DZA,2010,va,-1.02
ASM,2010,va,0.99
ADO,2010,va,1.32
AGO,2010,va,-1.12
AIA,2010,va,0.99
ATG,2010,va,0.5
ARG,2010,va,0.36
ARM,2010,va,-0.85
ABW,2010,va,1.28
AUS,2010,va,1.42
AUT,2010,va,1.43
AZE,2010,va,-1.3
BHS,2010,va,0.99
BHR,2010,va,-0.97
BGD,2010,va,-0.27
BRB,2010,va,1.14
BLR,2010,va,-1.56
BEL,2010,va,1.36
BLZ,2010,va,0.69
BEN,2010,va,0.31
BMU,2010,va,0.99
BTN,2010,va,-0.42
BOL,2010,va,-0.04
BIH,2010,va,-0.08
BWA,2010,va,0.46
BRA,2010,va,0.57
BRN,2010,va,-0.65
BGR,2010,va,0.53
BFA,2010,va,-0.25
BDI,2010,va,-0.94
KHM,2010,va,-0.93
CMR,2010,va,-1.06
CAN,2010,va,1.35
CPV,2010,va,0.89
CYM,2010,va,0.58
CAF,2010,va,-1.1
TCD,2010,va,-1.36
CHL,2010,va,1.1
CHN,2010,va,-1.68
COL,2010,va,-0.13
COM,2010,va,-0.42
ZAR,2010,va,-1.41
COG,2010,va,-1.06
COK,2010,va,-0.36
CRI,2010,va,1.04
HRV,2010,va,0.48
CUB,2010,va,-1.62
CYP,2010,va,1.02
CZE,2010,va,1.01
CIV,2010,va,-1.05
DNK,2010,va,1.54
DJI,2010,va,-1.27
DMA,2010,va,0.98
DOM,2010,va,0.07
ECU,2010,va,-0.23
EGY,2010,va,-1.19
SLV,2010,va,0.07
GNQ,2010,va,-1.86
ERI,2010,va,-2.2
EST,2010,va,1.11
SWZ,2010,va,-1.33
ETH,2010,va,-1.34
FJI,2010,va,-1.11
FIN,2010,va,1.49
FRA,2010,va,1.2
GUF,2010,va,1.12
GAB,2010,va,-0.87
GMB,2010,va,-1.08
GEO,2010,va,-0.16
DEU,2010,va,1.3
GHA,2010,va,0.51
GRC,2010,va,0.9
GRL,2010,va,1.28
GRD,2010,va,0.79
GUM,2010,va,0.77
GTM,2010,va,-0.3
GIN,2010,va,-0.92
GNB,2010,va,-0.82
GUY,2010,va,0.07
HTI,2010,va,-0.71
HND,2010,va,-0.5
HKG,2010,va,0.51
HUN,2010,va,0.89
ISL,2010,va,1.45
IND,2010,va,0.44
IDN,2010,va,-0.04
IRN,2010,va,-1.61
IRQ,2010,va,-0.99
IRL,2010,va,1.32
ISR,2010,va,0.58
ITA,2010,va,0.96
JAM,2010,va,0.46
JPN,2010,va,1.04
JOR,2010,va,-0.8
KAZ,2010,va,-1.13
KEN,2010,va,-0.22
KIR,2010,va,0.64
PRK,2010,va,-2.23
KOR,2010,va,0.74
KSV,2010,va,-0.18
KWT,2010,va,-0.52
KGZ,2010,va,-0.93
LAO,2010,va,-1.68
LVA,2010,va,0.79
LBN,2010,va,-0.33
LSO,2010,va,-0.1
LBR,2010,va,-0.21
LBY,2010,va,-1.94
LIE,2010,va,1.59
LTU,2010,va,0.92
LUX,2010,va,1.57
MAC,2010,va,0.63
MDG,2010,va,-0.85
MWI,2010,va,-0.19
MYS,2010,va,-0.5
MDV,2010,va,-0.06
MLI,2010,va,0.16
MLT,2010,va,1.17
MHL,2010,va,1.11
MTQ,2010,va,0.55
MRT,2010,va,-0.91
MUS,2010,va,0.79
MEX,2010,va,0.18
FSM,2010,va,1.05
MDA,2010,va,-0.06
MCO,2010,va,1.02
MNG,2010,va,0.09
MNE,2010,va,0.19
MAR,2010,va,-0.7
MOZ,2010,va,-0.12
MMR,2010,va,-2.07
NAM,2010,va,0.35
NRU,2010,va,1.07
NPL,2010,va,-0.45
NLD,2010,va,1.45
ANT,2010,va,0.33
NZL,2010,va,1.51
NIC,2010,va,-0.48
NER,2010,va,-0.67
NGA,2010,va,-0.78
NIU,2010,va,-0.36
MKD,2010,va,0.11
NOR,2010,va,1.6
OMN,2010,va,-1.04
PAK,2010,va,-0.8
PLW,2010,va,1.19
PAN,2010,va,0.54
PNG,2010,va,-0.03
PRY,2010,va,-0.08
PER,2010,va,0.11
PHL,2010,va,-0.04
POL,2010,va,1.04
PRT,2010,va,1.11
PRI,2010,va,0.84
QAT,2010,va,-1.01
ROM,2010,va,0.43
RUS,2010,va,-0.89
RWA,2010,va,-1.33
REU,2010,va,1.21
WSM,2010,va,0.43
SMR,2010,va,1.17
SAU,2010,va,-1.79
SEN,2010,va,-0.27
SRB,2010,va,0.29
SYC,2010,va,0.1
SLE,2010,va,-0.16
SGP,2010,va,-0.21
SVK,2010,va,0.91
SVN,2010,va,1.05
SLB,2010,va,0.07
SOM,2010,va,-2.01
ZAF,2010,va,0.6
ESP,2010,va,1.12
LKA,2010,va,-0.51
KNA,2010,va,1.17
LCA,2010,va,1.2
VCT,2010,va,1.13
SDN,2010,va,-1.73
SUR,2010,va,0.38
SWE,2010,va,1.54
CHE,2010,va,1.58
SYR,2010,va,-1.7
STP,2010,va,0.12
TWN,2010,va,0.83
TJK,2010,va,-1.43
TZA,2010,va,-0.13
THA,2010,va,-0.5
TMP,2010,va,0.06
TGO,2010,va,-0.95
TON,2010,va,0.29
TTO,2010,va,0.52
TUN,2010,va,-1.42
TKM,2010,va,-2.04
TUV,2010,va,0.72
TUR,2010,va,-0.08
UGA,2010,va,-0.52
UKR,2010,va,-0.08
ARE,2010,va,-0.9
GBR,2010,va,1.29
USA,2010,va,1.13
URY,2010,va,1.15
UZB,2010,va,-2.09
VUT,2010,va,0.5
VEN,2010,va,-0.87
VNM,2010,va,-1.5
VIR,2010,va,0.77
WBG,2010,va,-0.82
YEM,2010,va,-1.33
ZMB,2010,va,-0.24
ZWE,2010,va,-1.48
AFG,2011,cc,-1.6
ALB,2011,cc,-0.7
DZA,2011,cc,-0.57
ASM,2011,cc,0.31
ADO,2011,cc,1.27
AGO,2011,cc,-1.37
AIA,2011,cc,1.27
ATG,2011,cc,1.27
ARG,2011,cc,-0.36
ARM,2011,cc,-0.66
ABW,2011,cc,1.1
AUS,2011,cc,2.04
AUT,2011,cc,1.47
AZE,2011,cc,-1.2
BHS,2011,cc,1.35
BHR,2011,cc,0.21
BGD,2011,cc,-1.1
BRB,2011,cc,1.72
BLR,2011,cc,-0.62
BEL,2011,cc,1.52
BLZ,2011,cc,-0.31
BEN,2011,cc,-0.61
BMU,2011,cc,1.27
BTN,2011,cc,0.85
BOL,2011,cc,-0.57
BIH,2011,cc,-0.33
BWA,2011,cc,0.97
BRA,2011,cc,0.17
BRN,2011,cc,0.85
BGR,2011,cc,-0.27
BFA,2011,cc,-0.38
BDI,2011,cc,-1.21
KHM,2011,cc,-1.26
CMR,2011,cc,-1.17
CAN,2011,cc,1.97
CPV,2011,cc,0.92
CYM,2011,cc,1.34
CAF,2011,cc,-0.97
TCD,2011,cc,-1.36
CHL,2011,cc,1.48
CHN,2011,cc,-0.51
COL,2011,cc,-0.32
COM,2011,cc,-0.8
ZAR,2011,cc,-1.46
COG,2011,cc,-1.14
COK,2011,cc,-0.24
CRI,2011,cc,0.59
HRV,2011,cc,0.03
CUB,2011,cc,0.27
CYP,2011,cc,0.86
CZE,2011,cc,0.38
CIV,2011,cc,-1.03
DNK,2011,cc,2.39
DJI,2011,cc,-0.42
DMA,2011,cc,0.77
DOM,2011,cc,-0.84
ECU,2011,cc,-0.64
EGY,2011,cc,-0.63
SLV,2011,cc,-0.25
GNQ,2011,cc,-1.23
ERI,2011,cc,-0.64
EST,2011,cc,1.05
SWZ,2011,cc,-0.18
ETH,2011,cc,-0.67
FJI,2011,cc,0.11
FIN,2011,cc,2.19
FRA,2011,cc,1.54
GUF,2011,cc,1.1
GAB,2011,cc,-0.89
GMB,2011,cc,-0.51
GEO,2011,cc,0.12
DEU,2011,cc,1.74
GHA,2011,cc,-0.03
GRC,2011,cc,-0.1
GRL,2011,cc,1.22
GRD,2011,cc,0.46
GUM,2011,cc,0.79
GTM,2011,cc,-0.54
GIN,2011,cc,-1.13
GNB,2011,cc,-1.19
GUY,2011,cc,-0.62
HTI,2011,cc,-1.24
HND,2011,cc,-0.83
HKG,2011,cc,1.85
HUN,2011,cc,0.33
ISL,2011,cc,1.93
IND,2011,cc,-0.54
IDN,2011,cc,-0.76
IRN,2011,cc,-0.88
IRQ,2011,cc,-1.26
IRL,2011,cc,1.56
ISR,2011,cc,0.8
ITA,2011,cc,0.3
JAM,2011,cc,-0.19
JPN,2011,cc,1.55
JEY,2011,cc,1.22
JOR,2011,cc,0.1
KAZ,2011,cc,-1
KEN,2011,cc,-0.96
KIR,2011,cc,0.12
PRK,2011,cc,-1.32
KOR,2011,cc,0.48
KSV,2011,cc,-0.62
KWT,2011,cc,0.08
KGZ,2011,cc,-1.23
LAO,2011,cc,-1.19
LVA,2011,cc,0.28
LBN,2011,cc,-0.9
LSO,2011,cc,0.16
LBR,2011,cc,-0.69
LBY,2011,cc,-1.23
LIE,2011,cc,1.8
LTU,2011,cc,0.32
LUX,2011,cc,2.15
MAC,2011,cc,0.43
MDG,2011,cc,-0.48
MWI,2011,cc,-0.43
MYS,2011,cc,0.02
MDV,2011,cc,-0.55
MLI,2011,cc,-0.65
MLT,2011,cc,0.76
MHL,2011,cc,-0.31
MTQ,2011,cc,0.79
MRT,2011,cc,-0.64
MUS,2011,cc,0.46
MEX,2011,cc,-0.47
FSM,2011,cc,-0.34
MDA,2011,cc,-0.63
MNG,2011,cc,-0.7
MNE,2011,cc,-0.22
MAR,2011,cc,-0.45
MOZ,2011,cc,-0.5
MMR,2011,cc,-1.59
NAM,2011,cc,0.28
NRU,2011,cc,-0.05
NPL,2011,cc,-0.79
NLD,2011,cc,2.08
ANT,2011,cc,0.79
NZL,2011,cc,2.29
NIC,2011,cc,-0.74
NER,2011,cc,-0.65
NGA,2011,cc,-1.19
NIU,2011,cc,-0.45
MKD,2011,cc,-0.11
NOR,2011,cc,2.14
OMN,2011,cc,0.13
PAK,2011,cc,-1.08
PLW,2011,cc,-0.54
PAN,2011,cc,-0.35
PNG,2011,cc,-1.03
PRY,2011,cc,-0.7
PER,2011,cc,-0.24
PHL,2011,cc,-0.69
POL,2011,cc,0.56
PRT,2011,cc,1.08
PRI,2011,cc,0.43
QAT,2011,cc,1
ROM,2011,cc,-0.33
RUS,2011,cc,-1.07
RWA,2011,cc,0.36
REU,2011,cc,0.79
WSM,2011,cc,0.13
SAU,2011,cc,-0.31
SEN,2011,cc,-0.5
SRB,2011,cc,-0.3
SYC,2011,cc,0.61
SLE,2011,cc,-0.86
SGP,2011,cc,2.1
SVK,2011,cc,0.23
SVN,2011,cc,0.94
SLB,2011,cc,-0.35
SOM,2011,cc,-1.72
ZAF,2011,cc,0
SSD,2011,cc,-1.09
ESP,2011,cc,1.16
LKA,2011,cc,-0.4
KNA,2011,cc,1.27
LCA,2011,cc,1.3
VCT,2011,cc,1.09
SDN,2011,cc,-1.2
SUR,2011,cc,-0.28
SWE,2011,cc,2.17
CHE,2011,cc,2.03
SYR,2011,cc,-1.1
STP,2011,cc,-0.18
TWN,2011,cc,0.87
TJK,2011,cc,-1.23
TZA,2011,cc,-0.6
THA,2011,cc,-0.35
TMP,2011,cc,-0.82
TGO,2011,cc,-1.03
TON,2011,cc,-0.32
TTO,2011,cc,-0.14
TUN,2011,cc,-0.02
TKM,2011,cc,-1.45
TUV,2011,cc,-0.27
TUR,2011,cc,0.04
UGA,2011,cc,-0.94
UKR,2011,cc,-1.09
ARE,2011,cc,1.07
GBR,2011,cc,1.61
USA,2011,cc,1.26
URY,2011,cc,1.29
UZB,2011,cc,-1.39
VUT,2011,cc,0.31
VEN,2011,cc,-1.16
VNM,2011,cc,-0.61
VIR,2011,cc,0.79
WBG,2011,cc,-0.45
YEM,2011,cc,-1.24
ZMB,2011,cc,-0.41
ZWE,2011,cc,-1.43
AFG,2011,ge,-1.47
ALB,2011,ge,-0.2
DZA,2011,ge,-0.52
ASM,2011,ge,0.48
ADO,2011,ge,1.5
AGO,2011,ge,-1.19
AIA,2011,ge,1.5
ATG,2011,ge,0.48
ARG,2011,ge,-0.07
ARM,2011,ge,-0.12
ABW,2011,ge,1.24
AUS,2011,ge,1.69
AUT,2011,ge,1.6
AZE,2011,ge,-0.77
BHS,2011,ge,0.97
BHR,2011,ge,0.5
BGD,2011,ge,-0.77
BRB,2011,ge,1.47
BLR,2011,ge,-1.19
BEL,2011,ge,1.72
BLZ,2011,ge,-0.25
BEN,2011,ge,-0.55
BMU,2011,ge,0.99
BTN,2011,ge,0.69
BOL,2011,ge,-0.47
BIH,2011,ge,-0.74
BWA,2011,ge,0.41
BRA,2011,ge,-0.15
BRN,2011,ge,0.89
BGR,2011,ge,-0.07
BFA,2011,ge,-0.57
BDI,2011,ge,-1.08
KHM,2011,ge,-0.87
CMR,2011,ge,-0.89
CAN,2011,ge,1.77
CPV,2011,ge,0.08
CYM,2011,ge,1.24
CAF,2011,ge,-1.31
TCD,2011,ge,-1.37
CHL,2011,ge,1.15
CHN,2011,ge,0.08
COL,2011,ge,-0.05
COM,2011,ge,-1.81
ZAR,2011,ge,-1.68
COG,2011,ge,-1.21
COK,2011,ge,-0.98
CRI,2011,ge,0.28
HRV,2011,ge,0.5
CUB,2011,ge,-0.35
CYP,2011,ge,1.56
CZE,2011,ge,0.92
CIV,2011,ge,-1.18
DNK,2011,ge,2.1
DJI,2011,ge,-0.98
DMA,2011,ge,0.67
DOM,2011,ge,-0.63
ECU,2011,ge,-0.53
EGY,2011,ge,-0.44
SLV,2011,ge,-0.11
GNQ,2011,ge,-1.26
ERI,2011,ge,-1.49
EST,2011,ge,1.07
SWZ,2011,ge,-0.52
ETH,2011,ge,-0.52
FJI,2011,ge,-0.9
FIN,2011,ge,2.24
FRA,2011,ge,1.39
GUF,2011,ge,1.18
GAB,2011,ge,-0.85
GMB,2011,ge,-0.67
GEO,2011,ge,0.58
DEU,2011,ge,1.5
GHA,2011,ge,-0.09
GRC,2011,ge,0.45
GRL,2011,ge,1
GRD,2011,ge,0.28
GUM,2011,ge,-0.03
GTM,2011,ge,-0.72
GIN,2011,ge,-1.14
GNB,2011,ge,-1.08
GUY,2011,ge,-0.08
HTI,2011,ge,-1.69
HND,2011,ge,-0.52
HKG,2011,ge,1.64
HUN,2011,ge,0.65
ISL,2011,ge,1.58
IND,2011,ge,0.02
IDN,2011,ge,-0.32
IRN,2011,ge,-0.45
IRQ,2011,ge,-1.07
IRL,2011,ge,1.45
ISR,2011,ge,1.34
ITA,2011,ge,0.4
JAM,2011,ge,0.29
JPN,2011,ge,1.47
JEY,2011,ge,1.45
JOR,2011,ge,0.09
KAZ,2011,ge,-0.51
KEN,2011,ge,-0.58
KIR,2011,ge,-0.78
PRK,2011,ge,-1.88
KOR,2011,ge,1.16
KSV,2011,ge,-0.44
KWT,2011,ge,0
KGZ,2011,ge,-0.64
LAO,2011,ge,-0.84
LVA,2011,ge,0.69
LBN,2011,ge,-0.14
LSO,2011,ge,-0.38
LBR,2011,ge,-1.22
LBY,2011,ge,-1.05
LIE,2011,ge,1.76
LTU,2011,ge,0.7
LUX,2011,ge,1.74
MAC,2011,ge,1.33
MDG,2011,ge,-1.07
MWI,2011,ge,-0.47
MYS,2011,ge,0.99
MDV,2011,ge,-0.29
MLI,2011,ge,-0.8
MLT,2011,ge,1.19
MHL,2011,ge,-1.59
MTQ,2011,ge,0.74
MRT,2011,ge,-0.96
MUS,2011,ge,0.88
MEX,2011,ge,0.25
FSM,2011,ge,-0.8
MDA,2011,ge,-0.61
MNG,2011,ge,-0.58
MNE,2011,ge,0.08
MAR,2011,ge,-0.27
MOZ,2011,ge,-0.65
MMR,2011,ge,-1.61
NAM,2011,ge,0.13
NRU,2011,ge,-0.58
NPL,2011,ge,-0.92
NLD,2011,ge,1.82
ANT,2011,ge,0.74
NZL,2011,ge,1.87
NIC,2011,ge,-0.89
NER,2011,ge,-0.65
NGA,2011,ge,-1.1
NIU,2011,ge,-0.98
MKD,2011,ge,-0.22
NOR,2011,ge,1.83
OMN,2011,ge,0.23
PAK,2011,ge,-0.83
PLW,2011,ge,-0.58
PAN,2011,ge,0.13
PNG,2011,ge,-0.72
PRY,2011,ge,-0.85
PER,2011,ge,-0.21
PHL,2011,ge,0.19
POL,2011,ge,0.6
PRT,2011,ge,0.92
PRI,2011,ge,0.33
QAT,2011,ge,0.76
ROM,2011,ge,-0.19
RUS,2011,ge,-0.6
RWA,2011,ge,-0.02
REU,2011,ge,0.99
WSM,2011,ge,0.06
SAU,2011,ge,-0.32
SEN,2011,ge,-0.5
SRB,2011,ge,-0.13
SYC,2011,ge,0.65
SLE,2011,ge,-1.19
SGP,2011,ge,2.19
SVK,2011,ge,0.78
SVN,2011,ge,0.98
SLB,2011,ge,-0.91
SOM,2011,ge,-2.15
ZAF,2011,ge,0.22
SSD,2011,ge,-1.59
ESP,2011,ge,0.97
LKA,2011,ge,-0.11
KNA,2011,ge,1.24
LCA,2011,ge,0.94
VCT,2011,ge,0.84
SDN,2011,ge,-1.42
SUR,2011,ge,-0.12
SWE,2011,ge,1.93
CHE,2011,ge,1.86
SYR,2011,ge,-0.52
STP,2011,ge,-0.75
TWN,2011,ge,1.14
TJK,2011,ge,-0.96
TZA,2011,ge,-0.66
THA,2011,ge,0.1
TMP,2011,ge,-1.19
TGO,2011,ge,-1.37
TON,2011,ge,-0.33
TTO,2011,ge,0.39
TUN,2011,ge,0
TKM,2011,ge,-1.52
TUV,2011,ge,-0.48
TUR,2011,ge,0.37
UGA,2011,ge,-0.56
UKR,2011,ge,-0.87
ARE,2011,ge,1.07
GBR,2011,ge,1.6
USA,2011,ge,1.51
URY,2011,ge,0.54
UZB,2011,ge,-0.7
VUT,2011,ge,-0.21
VEN,2011,ge,-1.13
VNM,2011,ge,-0.21
VIR,2011,ge,1.24
WBG,2011,ge,-0.6
YEM,2011,ge,-1.16
ZMB,2011,ge,-0.68
ZWE,2011,ge,-1.42
AFG,2011,pv,-2.5
ALB,2011,pv,-0.28
DZA,2011,pv,-1.36
ASM,2011,pv,0.93
ADO,2011,pv,1.3
AGO,2011,pv,-0.37
AIA,2011,pv,1.55
ATG,2011,pv,0.96
ARG,2011,pv,0.16
ARM,2011,pv,-0.06
ABW,2011,pv,1.29
AUS,2011,pv,0.94
AUT,2011,pv,1.19
AZE,2011,pv,-0.53
BHS,2011,pv,1.1
BHR,2011,pv,-0.95
BGD,2011,pv,-1.4
BRB,2011,pv,1.25
BLR,2011,pv,-0.09
BEL,2011,pv,0.95
BLZ,2011,pv,0.15
BEN,2011,pv,0.32
BMU,2011,pv,0.96
BTN,2011,pv,0.83
BOL,2011,pv,-0.42
BIH,2011,pv,-0.82
BWA,2011,pv,1.06
BRA,2011,pv,-0.13
BRN,2011,pv,1.09
BGR,2011,pv,0.3
BFA,2011,pv,-0.56
BDI,2011,pv,-1.81
KHM,2011,pv,-0.3
CMR,2011,pv,-0.66
CAN,2011,pv,1.08
CPV,2011,pv,0.72
CYM,2011,pv,1.34
CAF,2011,pv,-1.79
TCD,2011,pv,-1.32
CHL,2011,pv,0.45
CHN,2011,pv,-0.6
COL,2011,pv,-1.28
COM,2011,pv,-0.55
ZAR,2011,pv,-2.21
COG,2011,pv,-0.35
CRI,2011,pv,0.51
HRV,2011,pv,0.62
CUB,2011,pv,0.28
CYP,2011,pv,0.61
CZE,2011,pv,1.11
CIV,2011,pv,-1.41
DNK,2011,pv,1.1
DJI,2011,pv,0.18
DMA,2011,pv,1.14
DOM,2011,pv,0
ECU,2011,pv,-0.69
EGY,2011,pv,-1.44
SLV,2011,pv,0.11
GNQ,2011,pv,0.15
ERI,2011,pv,-0.77
EST,2011,pv,0.61
SWZ,2011,pv,-0.48
ETH,2011,pv,-1.51
FJI,2011,pv,-0.07
FIN,2011,pv,1.39
FRA,2011,pv,0.6
GUF,2011,pv,0.19
GAB,2011,pv,0.38
GMB,2011,pv,0
GEO,2011,pv,-0.66
DEU,2011,pv,0.84
GHA,2011,pv,0.17
GRC,2011,pv,-0.1
GRL,2011,pv,1.94
GRD,2011,pv,0.36
GUM,2011,pv,0.79
GTM,2011,pv,-0.74
GIN,2011,pv,-1.39
GNB,2011,pv,-0.75
GUY,2011,pv,-0.43
HTI,2011,pv,-0.99
HND,2011,pv,-0.39
HKG,2011,pv,0.95
HUN,2011,pv,0.74
ISL,2011,pv,1.24
IND,2011,pv,-1.33
IDN,2011,pv,-0.77
IRN,2011,pv,-1.42
IRQ,2011,pv,-1.85
IRL,2011,pv,0.95
ISR,2011,pv,-1.2
ITA,2011,pv,0.5
JAM,2011,pv,-0.06
JPN,2011,pv,1
JEY,2011,pv,1.48
JOR,2011,pv,-0.51
KAZ,2011,pv,-0.34
KEN,2011,pv,-1.24
KIR,2011,pv,1.3
PRK,2011,pv,-0.25
KOR,2011,pv,0.41
KSV,2011,pv,-1.04
KWT,2011,pv,0.31
KGZ,2011,pv,-1.1
LAO,2011,pv,-0.06
LVA,2011,pv,0.32
LBN,2011,pv,-1.56
LSO,2011,pv,0.38
LBR,2011,pv,-0.43
LBY,2011,pv,-1.29
LIE,2011,pv,1.49
LTU,2011,pv,0.67
LUX,2011,pv,1.32
MAC,2011,pv,0.61
MDG,2011,pv,-0.71
MWI,2011,pv,-0.07
MYS,2011,pv,0.08
MDV,2011,pv,-0.24
MLI,2011,pv,-0.71
MLT,2011,pv,1.06
MHL,2011,pv,1.06
MTQ,2011,pv,0.62
MRT,2011,pv,-1.17
MUS,2011,pv,0.95
MEX,2011,pv,-0.67
FSM,2011,pv,1.1
MDA,2011,pv,-0.05
MCO,2011,pv,1.04
MNG,2011,pv,0.61
MNE,2011,pv,0.57
MAR,2011,pv,-0.39
MOZ,2011,pv,0.33
MMR,2011,pv,-1.11
NAM,2011,pv,0.91
NRU,2011,pv,1.06
NPL,2011,pv,-1.42
NLD,2011,pv,1.11
ANT,2011,pv,1.21
NZL,2011,pv,1.38
NIC,2011,pv,-0.27
NER,2011,pv,-0.88
NGA,2011,pv,-1.96
MKD,2011,pv,-0.62
NOR,2011,pv,1.34
OMN,2011,pv,0.43
PAK,2011,pv,-2.81
PLW,2011,pv,1.06
PAN,2011,pv,-0.03
PNG,2011,pv,-0.75
PRY,2011,pv,-0.69
PER,2011,pv,-0.76
PHL,2011,pv,-1.39
POL,2011,pv,1.07
PRT,2011,pv,0.74
PRI,2011,pv,0.6
QAT,2011,pv,1.17
ROM,2011,pv,0.19
RUS,2011,pv,-1
RWA,2011,pv,-0.18
REU,2011,pv,0.42
WSM,2011,pv,0.99
SMR,2011,pv,1.06
SAU,2011,pv,-0.46
SEN,2011,pv,-0.28
SRB,2011,pv,-0.28
SYC,2011,pv,0.94
SLE,2011,pv,-0.17
SGP,2011,pv,1.19
SVK,2011,pv,0.97
SVN,2011,pv,0.97
SLB,2011,pv,0.31
SOM,2011,pv,-3.08
ZAF,2011,pv,0.02
SSD,2011,pv,-1.43
ESP,2011,pv,0.02
LKA,2011,pv,-0.72
KNA,2011,pv,0.96
LCA,2011,pv,0.85
VCT,2011,pv,0.85
SDN,2011,pv,-2.52
SUR,2011,pv,0.12
SWE,2011,pv,1.23
CHE,2011,pv,1.3
SYR,2011,pv,-2.01
STP,2011,pv,0.01
TWN,2011,pv,0.95
TJK,2011,pv,-1.02
TZA,2011,pv,-0.02
THA,2011,pv,-1.13
TMP,2011,pv,-0.46
TGO,2011,pv,-0.16
TON,2011,pv,0.94
TTO,2011,pv,0.14
TUN,2011,pv,-0.35
TKM,2011,pv,0.23
TUV,2011,pv,1.3
TUR,2011,pv,-0.96
UGA,2011,pv,-0.98
UKR,2011,pv,-0.07
ARE,2011,pv,0.91
GBR,2011,pv,0.35
USA,2011,pv,0.59
URY,2011,pv,0.96
UZB,2011,pv,-0.6
VUT,2011,pv,1.11
VEN,2011,pv,-1.09
VNM,2011,pv,0.19
VIR,2011,pv,0.86
WBG,2011,pv,-1.94
YEM,2011,pv,-2.43
ZMB,2011,pv,0.51
ZWE,2011,pv,-0.95
AFG,2011,rl,-1.92
ALB,2011,rl,-0.44
DZA,2011,rl,-0.85
ASM,2011,rl,1.09
ADO,2011,rl,1.4
AGO,2011,rl,-1.28
AIA,2011,rl,1.35
ATG,2011,rl,0.94
ARG,2011,rl,-0.56
ARM,2011,rl,-0.44
ABW,2011,rl,1.32
AUS,2011,rl,1.73
AUT,2011,rl,1.8
AZE,2011,rl,-0.94
BHS,2011,rl,0.61
BHR,2011,rl,0.35
BGD,2011,rl,-0.73
BRB,2011,rl,1.07
BLR,2011,rl,-1.11
BEL,2011,rl,1.43
BLZ,2011,rl,-0.47
BEN,2011,rl,-0.66
BMU,2011,rl,1.09
BTN,2011,rl,0.21
BOL,2011,rl,-0.98
BIH,2011,rl,-0.33
BWA,2011,rl,0.6
BRA,2011,rl,0.05
BRN,2011,rl,0.84
BGR,2011,rl,-0.14
BFA,2011,rl,-0.35
BDI,2011,rl,-1.15
KHM,2011,rl,-1.05
CMR,2011,rl,-1.08
CAN,2011,rl,1.73
CPV,2011,rl,0.51
CYM,2011,rl,0.88
CAF,2011,rl,-1.31
TCD,2011,rl,-1.48
CHL,2011,rl,1.26
CHN,2011,rl,-0.45
COL,2011,rl,-0.22
COM,2011,rl,-1.05
ZAR,2011,rl,-1.63
COG,2011,rl,-1.21
COK,2011,rl,-0.88
CRI,2011,rl,0.44
HRV,2011,rl,0.11
CUB,2011,rl,-0.69
CYP,2011,rl,1.07
CZE,2011,rl,1.02
CIV,2011,rl,-1.28
DNK,2011,rl,1.92
DJI,2011,rl,-0.82
DMA,2011,rl,0.69
DOM,2011,rl,-0.81
ECU,2011,rl,-1.14
EGY,2011,rl,-0.48
SLV,2011,rl,-0.75
GNQ,2011,rl,-1.01
ERI,2011,rl,-1.36
EST,2011,rl,1.18
SWZ,2011,rl,-0.53
ETH,2011,rl,-0.74
FJI,2011,rl,-0.71
FIN,2011,rl,1.94
FRA,2011,rl,1.43
GUF,2011,rl,1.19
GAB,2011,rl,-0.4
GMB,2011,rl,-0.56
GEO,2011,rl,-0.12
DEU,2011,rl,1.62
GHA,2011,rl,0
GRC,2011,rl,0.53
GRL,2011,rl,1.73
GRD,2011,rl,0.17
GUM,2011,rl,1.09
GTM,2011,rl,-1.03
GIN,2011,rl,-1.45
GNB,2011,rl,-1.32
GUY,2011,rl,-0.51
HTI,2011,rl,-1.42
HND,2011,rl,-0.91
HKG,2011,rl,1.55
HUN,2011,rl,0.76
ISL,2011,rl,1.69
IND,2011,rl,-0.09
IDN,2011,rl,-0.6
IRN,2011,rl,-0.97
IRQ,2011,rl,-1.56
IRL,2011,rl,1.75
ISR,2011,rl,1.01
ITA,2011,rl,0.48
JAM,2011,rl,-0.37
JPN,2011,rl,1.3
JEY,2011,rl,1.73
JOR,2011,rl,0.2
KAZ,2011,rl,-0.64
KEN,2011,rl,-0.91
KIR,2011,rl,0.12
PRK,2011,rl,-1.39
KOR,2011,rl,1.03
KSV,2011,rl,-0.52
KWT,2011,rl,0.54
KGZ,2011,rl,-1.2
LAO,2011,rl,-1
LVA,2011,rl,0.74
LBN,2011,rl,-0.63
LSO,2011,rl,-0.27
LBR,2011,rl,-0.94
LBY,2011,rl,-1.08
LIE,2011,rl,1.61
LTU,2011,rl,0.77
LUX,2011,rl,1.82
MAC,2011,rl,0.69
MDG,2011,rl,-0.89
MWI,2011,rl,-0.17
MYS,2011,rl,0.4
MDV,2011,rl,-0.54
MLI,2011,rl,-0.5
MLT,2011,rl,1.28
MHL,2011,rl,0.17
MTQ,2011,rl,0.83
MRT,2011,rl,-0.93
MUS,2011,rl,0.94
MEX,2011,rl,-0.55
FSM,2011,rl,-0.05
MDA,2011,rl,-0.33
MCO,2011,rl,0.94
MNG,2011,rl,-0.26
MNE,2011,rl,-0.06
MAR,2011,rl,-0.28
MOZ,2011,rl,-0.58
MMR,2011,rl,-1.44
NAM,2011,rl,0.16
NRU,2011,rl,0.56
NPL,2011,rl,-0.89
NLD,2011,rl,1.81
ANT,2011,rl,0.83
NZL,2011,rl,1.89
NIC,2011,rl,-0.73
NER,2011,rl,-0.41
NGA,2011,rl,-1.18
NIU,2011,rl,-0.74
MKD,2011,rl,-0.27
NOR,2011,rl,1.86
OMN,2011,rl,0.46
PAK,2011,rl,-0.91
PLW,2011,rl,0.89
PAN,2011,rl,0.03
PNG,2011,rl,-0.81
PRY,2011,rl,-0.8
PER,2011,rl,-0.58
PHL,2011,rl,-0.51
POL,2011,rl,0.79
PRT,2011,rl,1
PRI,2011,rl,0.73
QAT,2011,rl,0.75
ROM,2011,rl,0.1
RUS,2011,rl,-0.75
RWA,2011,rl,-0.3
REU,2011,rl,0.83
WSM,2011,rl,0.73
SMR,2011,rl,0.94
SAU,2011,rl,0.05
SEN,2011,rl,-0.46
SRB,2011,rl,-0.33
SYC,2011,rl,0
SLE,2011,rl,-0.86
SGP,2011,rl,1.66
SVK,2011,rl,0.6
SVN,2011,rl,1.05
SLB,2011,rl,-0.52
SOM,2011,rl,-2.34
ZAF,2011,rl,0.13
SSD,2011,rl,-1.27
ESP,2011,rl,1.17
LKA,2011,rl,-0.12
KNA,2011,rl,0.98
LCA,2011,rl,0.83
VCT,2011,rl,0.97
SDN,2011,rl,-1.3
SUR,2011,rl,-0.05
SWE,2011,rl,1.92
CHE,2011,rl,1.72
SYR,2011,rl,-0.78
STP,2011,rl,-0.67
TWN,2011,rl,1.03
TJK,2011,rl,-1.23
TZA,2011,rl,-0.51
THA,2011,rl,-0.23
TMP,2011,rl,-1.19
TGO,2011,rl,-0.89
TON,2011,rl,0.01
TTO,2011,rl,-0.18
TUN,2011,rl,-0.19
TKM,2011,rl,-1.43
TUV,2011,rl,0.99
TUR,2011,rl,0.02
UGA,2011,rl,-0.36
UKR,2011,rl,-0.85
ARE,2011,rl,0.5
GBR,2011,rl,1.66
USA,2011,rl,1.59
URY,2011,rl,0.73
UZB,2011,rl,-1.45
VUT,2011,rl,0.3
VEN,2011,rl,-1.69
VNM,2011,rl,-0.54
VIR,2011,rl,0.83
WBG,2011,rl,-0.44
YEM,2011,rl,-1.29
ZMB,2011,rl,-0.46
ZWE,2011,rl,-1.79
AFG,2011,rq,-1.54
ALB,2011,rq,0.28
DZA,2011,rq,-1.21
ASM,2011,rq,0.39
ADO,2011,rq,1.61
AGO,2011,rq,-1.11
AIA,2011,rq,1.37
ATG,2011,rq,0.63
ARG,2011,rq,-0.7
ARM,2011,rq,0.25
ABW,2011,rq,1.32
AUS,2011,rq,1.85
AUT,2011,rq,1.38
AZE,2011,rq,-0.39
BHS,2011,rq,0.52
BHR,2011,rq,0.72
BGD,2011,rq,-0.82
BRB,2011,rq,0.64
BLR,2011,rq,-1.32
BEL,2011,rq,1.24
BLZ,2011,rq,-0.38
BEN,2011,rq,-0.4
BMU,2011,rq,1.37
BTN,2011,rq,-1.15
BOL,2011,rq,-0.76
BIH,2011,rq,-0.06
BWA,2011,rq,0.58
BRA,2011,rq,0.26
BRN,2011,rq,1.15
BGR,2011,rq,0.55
BFA,2011,rq,-0.21
BDI,2011,rq,-1.02
KHM,2011,rq,-0.59
CMR,2011,rq,-0.81
CAN,2011,rq,1.68
CPV,2011,rq,0
CYM,2011,rq,1.14
CAF,2011,rq,-1.2
TCD,2011,rq,-1.04
CHL,2011,rq,1.44
CHN,2011,rq,-0.26
COL,2011,rq,0.28
COM,2011,rq,-1.36
ZAR,2011,rq,-1.5
COG,2011,rq,-1.26
COK,2011,rq,-1.17
CRI,2011,rq,0.6
HRV,2011,rq,0.44
CUB,2011,rq,-1.63
CYP,2011,rq,1.23
CZE,2011,rq,1.2
CIV,2011,rq,-0.89
DNK,2011,rq,1.9
DJI,2011,rq,-0.59
DMA,2011,rq,0.23
DOM,2011,rq,-0.17
ECU,2011,rq,-0.96
EGY,2011,rq,-0.25
SLV,2011,rq,0.4
GNQ,2011,rq,-1.49
ERI,2011,rq,-2.16
EST,2011,rq,1.39
SWZ,2011,rq,-0.41
ETH,2011,rq,-0.99
FJI,2011,rq,-0.45
FIN,2011,rq,1.81
FRA,2011,rq,1.16
GUF,2011,rq,1.21
GAB,2011,rq,-0.46
GMB,2011,rq,-0.35
GEO,2011,rq,0.65
DEU,2011,rq,1.55
GHA,2011,rq,0.08
GRC,2011,rq,0.49
GRL,2011,rq,1.33
GRD,2011,rq,0.23
GUM,2011,rq,0.63
GTM,2011,rq,-0.21
GIN,2011,rq,-1
GNB,2011,rq,-1.12
GUY,2011,rq,-0.68
HTI,2011,rq,-1.06
HND,2011,rq,-0.15
HKG,2011,rq,1.78
HUN,2011,rq,1.03
ISL,2011,rq,1.05
IND,2011,rq,-0.36
IDN,2011,rq,-0.31
IRN,2011,rq,-1.52
IRQ,2011,rq,-1.01
IRL,2011,rq,1.59
ISR,2011,rq,1.31
ITA,2011,rq,0.71
JAM,2011,rq,0.25
JPN,2011,rq,1.07
JEY,2011,rq,1.12
JOR,2011,rq,0.31
KAZ,2011,rq,-0.24
KEN,2011,rq,-0.24
KIR,2011,rq,-1.4
PRK,2011,rq,-2.45
KOR,2011,rq,0.98
KSV,2011,rq,-0.15
KWT,2011,rq,0.08
KGZ,2011,rq,-0.22
LAO,2011,rq,-0.98
LVA,2011,rq,0.95
LBN,2011,rq,-0.12
LSO,2011,rq,-0.64
LBR,2011,rq,-1.08
LBY,2011,rq,-1.43
LIE,2011,rq,1.5
LTU,2011,rq,0.93
LUX,2011,rq,1.86
MAC,2011,rq,1.33
MDG,2011,rq,-0.55
MWI,2011,rq,-0.75
MYS,2011,rq,0.55
MDV,2011,rq,-0.38
MLI,2011,rq,-0.4
MLT,2011,rq,1.33
MHL,2011,rq,-1.01
MTQ,2011,rq,0.88
MRT,2011,rq,-0.8
MUS,2011,rq,0.77
MEX,2011,rq,0.18
FSM,2011,rq,-0.91
MDA,2011,rq,-0.1
MNG,2011,rq,-0.24
MNE,2011,rq,0
MAR,2011,rq,-0.18
MOZ,2011,rq,-0.47
MMR,2011,rq,-2.1
NAM,2011,rq,0.09
NRU,2011,rq,-1.08
NPL,2011,rq,-0.73
NLD,2011,rq,1.8
ANT,2011,rq,0.88
NZL,2011,rq,1.96
NIC,2011,rq,-0.35
NER,2011,rq,-0.57
NGA,2011,rq,-0.7
NIU,2011,rq,-0.94
MKD,2011,rq,0.22
NOR,2011,rq,1.6
OMN,2011,rq,0.32
PAK,2011,rq,-0.65
PLW,2011,rq,-0.9
PAN,2011,rq,0.53
PNG,2011,rq,-0.53
PRY,2011,rq,-0.33
PER,2011,rq,0.4
PHL,2011,rq,-0.16
POL,2011,rq,0.96
PRT,2011,rq,0.62
PRI,2011,rq,0.85
QAT,2011,rq,0.5
ROM,2011,rq,0.69
RUS,2011,rq,-0.31
RWA,2011,rq,-0.18
REU,2011,rq,1.12
WSM,2011,rq,-0.32
SAU,2011,rq,0.02
SEN,2011,rq,-0.25
SRB,2011,rq,-0.02
SYC,2011,rq,-0.08
SLE,2011,rq,-0.73
SGP,2011,rq,1.78
SVK,2011,rq,1
SVN,2011,rq,0.69
SLB,2011,rq,-1.06
SOM,2011,rq,-2.33
ZAF,2011,rq,0.45
SSD,2011,rq,-1.72
ESP,2011,rq,1.06
LKA,2011,rq,-0.13
KNA,2011,rq,1.12
LCA,2011,rq,0.44
VCT,2011,rq,0.35
SDN,2011,rq,-1.32
SUR,2011,rq,-0.58
SWE,2011,rq,1.89
CHE,2011,rq,1.62
SYR,2011,rq,-0.95
STP,2011,rq,-0.75
TWN,2011,rq,1.11
TJK,2011,rq,-0.98
TZA,2011,rq,-0.45
THA,2011,rq,0.09
TMP,2011,rq,-1.05
TGO,2011,rq,-1.02
TON,2011,rq,-0.6
TTO,2011,rq,0.52
TUN,2011,rq,-0.27
TKM,2011,rq,-2.05
TUV,2011,rq,-1.18
TUR,2011,rq,0.39
UGA,2011,rq,-0.18
UKR,2011,rq,-0.56
ARE,2011,rq,0.45
GBR,2011,rq,1.65
USA,2011,rq,1.46
URY,2011,rq,0.61
UZB,2011,rq,-1.56
VUT,2011,rq,-0.68
VEN,2011,rq,-1.4
VNM,2011,rq,-0.61
VIR,2011,rq,0.63
WBG,2011,rq,0.2
YEM,2011,rq,-0.84
ZMB,2011,rq,-0.47
ZWE,2011,rq,-1.89
AFG,2011,va,-1.34
ALB,2011,va,0.06
DZA,2011,va,-1
ASM,2011,va,1.01
ADO,2011,va,1.36
AGO,2011,va,-1.13
AIA,2011,va,1.01
ATG,2011,va,0.51
ARG,2011,va,0.34
ARM,2011,va,-0.69
ABW,2011,va,1.27
AUS,2011,va,1.45
AUT,2011,va,1.4
AZE,2011,va,-1.3
BHS,2011,va,0.96
BHR,2011,va,-1.22
BGD,2011,va,-0.32
BRB,2011,va,1.11
BLR,2011,va,-1.66
BEL,2011,va,1.33
BLZ,2011,va,0.7
BEN,2011,va,0.17
BMU,2011,va,1.01
BTN,2011,va,-0.4
BOL,2011,va,-0.07
BIH,2011,va,-0.16
BWA,2011,va,0.43
BRA,2011,va,0.51
BRN,2011,va,-0.61
BGR,2011,va,0.45
BFA,2011,va,-0.28
BDI,2011,va,-0.93
KHM,2011,va,-0.91
CMR,2011,va,-1.03
CAN,2011,va,1.38
CPV,2011,va,0.97
CYM,2011,va,0.58
CAF,2011,va,-1.09
TCD,2011,va,-1.35
CHL,2011,va,1.07
CHN,2011,va,-1.64
COL,2011,va,-0.06
COM,2011,va,-0.37
ZAR,2011,va,-1.49
COG,2011,va,-1.11
COK,2011,va,-0.41
CRI,2011,va,1.05
HRV,2011,va,0.52
CUB,2011,va,-1.61
CYP,2011,va,1.05
CZE,2011,va,1.02
CIV,2011,va,-1.08
DNK,2011,va,1.55
DJI,2011,va,-1.41
DMA,2011,va,0.99
DOM,2011,va,0.09
ECU,2011,va,-0.29
EGY,2011,va,-1.14
SLV,2011,va,0.04
GNQ,2011,va,-1.9
ERI,2011,va,-2.23
EST,2011,va,1.13
SWZ,2011,va,-1.32
ETH,2011,va,-1.36
FJI,2011,va,-1.09
FIN,2011,va,1.51
FRA,2011,va,1.17
GUF,2011,va,1.09
GAB,2011,va,-0.91
GMB,2011,va,-1.22
GEO,2011,va,-0.17
DEU,2011,va,1.35
GHA,2011,va,0.48
GRC,2011,va,0.82
GRL,2011,va,1.28
GRD,2011,va,0.79
GUM,2011,va,0.78
GTM,2011,va,-0.31
GIN,2011,va,-0.89
GNB,2011,va,-0.85
GUY,2011,va,0.03
HTI,2011,va,-0.75
HND,2011,va,-0.47
HKG,2011,va,0.57
HUN,2011,va,0.84
ISL,2011,va,1.41
IND,2011,va,0.44
IDN,2011,va,-0.01
IRN,2011,va,-1.58
IRQ,2011,va,-1.07
IRL,2011,va,1.31
ISR,2011,va,0.65
ITA,2011,va,0.91
JAM,2011,va,0.48
JPN,2011,va,1.07
JEY,2011,va,1.28
JOR,2011,va,-0.8
KAZ,2011,va,-1.12
KEN,2011,va,-0.27
KIR,2011,va,0.84
PRK,2011,va,-2.24
KOR,2011,va,0.73
KSV,2011,va,-0.24
KWT,2011,va,-0.56
KGZ,2011,va,-0.68
LAO,2011,va,-1.68
LVA,2011,va,0.74
LBN,2011,va,-0.39
LSO,2011,va,-0.09
LBR,2011,va,-0.26
LBY,2011,va,-1.59
LIE,2011,va,1.56
LTU,2011,va,0.86
LUX,2011,va,1.6
MAC,2011,va,0.61
MDG,2011,va,-0.88
MWI,2011,va,-0.25
MYS,2011,va,-0.47
MDV,2011,va,-0.16
MLI,2011,va,0.17
MLT,2011,va,1.14
MHL,2011,va,1.13
MTQ,2011,va,0.56
MRT,2011,va,-0.93
MUS,2011,va,0.8
MEX,2011,va,0.12
FSM,2011,va,1
MDA,2011,va,0.05
MCO,2011,va,0.8
MNG,2011,va,0.05
MNE,2011,va,0.21
MAR,2011,va,-0.71
MOZ,2011,va,-0.2
MMR,2011,va,-1.85
NAM,2011,va,0.34
NRU,2011,va,1.1
NPL,2011,va,-0.45
NLD,2011,va,1.54
ANT,2011,va,0.34
NZL,2011,va,1.58
NIC,2011,va,-0.58
NER,2011,va,-0.25
NGA,2011,va,-0.71
NIU,2011,va,-0.41
MKD,2011,va,-0.04
NOR,2011,va,1.63
OMN,2011,va,-1.06
PAK,2011,va,-0.83
PLW,2011,va,1.21
PAN,2011,va,0.53
PNG,2011,va,-0.04
PRY,2011,va,-0.08
PER,2011,va,0.13
PHL,2011,va,-0.02
POL,2011,va,1.03
PRT,2011,va,1.11
PRI,2011,va,0.72
QAT,2011,va,-1.08
ROM,2011,va,0.38
RUS,2011,va,-0.88
RWA,2011,va,-1.33
REU,2011,va,1.23
WSM,2011,va,0.4
SMR,2011,va,1.2
SAU,2011,va,-1.91
SEN,2011,va,-0.22
SRB,2011,va,0.28
SYC,2011,va,0.02
SLE,2011,va,-0.2
SGP,2011,va,-0.1
SVK,2011,va,0.97
SVN,2011,va,1.06
SLB,2011,va,0
SOM,2011,va,-2.02
ZAF,2011,va,0.59
SSD,2011,va,-1.11
ESP,2011,va,1.09
LKA,2011,va,-0.55
KNA,2011,va,1.12
LCA,2011,va,1.16
VCT,2011,va,1.02
SDN,2011,va,-1.77
SUR,2011,va,0.38
SWE,2011,va,1.61
CHE,2011,va,1.58
SYR,2011,va,-1.81
STP,2011,va,0.25
TWN,2011,va,0.84
TJK,2011,va,-1.38
TZA,2011,va,-0.14
THA,2011,va,-0.41
TMP,2011,va,0.13
TGO,2011,va,-0.9
TON,2011,va,0.32
TTO,2011,va,0.52
TUN,2011,va,-0.37
TKM,2011,va,-2.17
TUV,2011,va,0.72
TUR,2011,va,-0.14
UGA,2011,va,-0.53
UKR,2011,va,-0.13
ARE,2011,va,-0.9
GBR,2011,va,1.3
USA,2011,va,1.13
URY,2011,va,1.12
UZB,2011,va,-2.12
VUT,2011,va,0.43
VEN,2011,va,-0.93
VNM,2011,va,-1.46
VIR,2011,va,0.78
WBG,2011,va,-1.01
YEM,2011,va,-1.39
ZMB,2011,va,-0.17
ZWE,2011,va,-1.46
AFG,2012,cc,-1.43
ALB,2012,cc,-0.78
DZA,2012,cc,-0.52
ASM,2012,cc,0.3
ADO,2012,cc,1.26
AGO,2012,cc,-1.3
AIA,2012,cc,1.26
ATG,2012,cc,1.26
ARG,2012,cc,-0.45
ARM,2012,cc,-0.59
ABW,2012,cc,1.1
AUS,2012,cc,1.98
AUT,2012,cc,1.43
AZE,2012,cc,-1.14
BHS,2012,cc,1.32
BHR,2012,cc,0.37
BGD,2012,cc,-0.86
BRB,2012,cc,1.65
BLR,2012,cc,-0.46
BEL,2012,cc,1.56
BLZ,2012,cc,-0.03
BEN,2012,cc,-0.86
BMU,2012,cc,1.26
BTN,2012,cc,0.95
BOL,2012,cc,-0.73
BIH,2012,cc,-0.31
BWA,2012,cc,0.91
BRA,2012,cc,-0.05
BRN,2012,cc,0.54
BGR,2012,cc,-0.28
BFA,2012,cc,-0.48
BDI,2012,cc,-1.47
KHM,2012,cc,-1.08
CMR,2012,cc,-1.27
CAN,2012,cc,1.92
CPV,2012,cc,0.89
CYM,2012,cc,1.35
CAF,2012,cc,-1.01
TCD,2012,cc,-1.33
CHL,2012,cc,1.54
CHN,2012,cc,-0.44
COL,2012,cc,-0.42
COM,2012,cc,-0.78
ZAR,2012,cc,-1.33
COG,2012,cc,-1.23
COK,2012,cc,-0.23
CRI,2012,cc,0.57
HRV,2012,cc,-0.03
CUB,2012,cc,0.23
CYP,2012,cc,1.24
CZE,2012,cc,0.31
CIV,2012,cc,-0.84
DNK,2012,cc,2.38
DJI,2012,cc,-0.47
DMA,2012,cc,0.7
DOM,2012,cc,-0.9
ECU,2012,cc,-0.51
EGY,2012,cc,-0.58
SLV,2012,cc,-0.41
GNQ,2012,cc,-1.24
ERI,2012,cc,-0.78
EST,2012,cc,1.09
SWZ,2012,cc,-0.22
ETH,2012,cc,-0.61
FJI,2012,cc,0.18
FIN,2012,cc,2.23
FRA,2012,cc,1.47
GUF,2012,cc,1.1
GAB,2012,cc,-0.67
GMB,2012,cc,-0.65
GEO,2012,cc,0.4
DEU,2012,cc,1.82
GHA,2012,cc,-0.13
GRC,2012,cc,-0.19
GRL,2012,cc,1.21
GRD,2012,cc,0.45
GUM,2012,cc,0.78
GTM,2012,cc,-0.68
GIN,2012,cc,-1.06
GNB,2012,cc,-1.29
GUY,2012,cc,-0.76
HTI,2012,cc,-1.24
HND,2012,cc,-0.96
HKG,2012,cc,1.73
HUN,2012,cc,0.3
ISL,2012,cc,1.88
IND,2012,cc,-0.51
IDN,2012,cc,-0.69
IRN,2012,cc,-0.8
IRQ,2012,cc,-1.25
IRL,2012,cc,1.46
ISR,2012,cc,0.9
ITA,2012,cc,0.17
JAM,2012,cc,-0.29
JPN,2012,cc,1.62
JEY,2012,cc,1.21
JOR,2012,cc,0.07
KAZ,2012,cc,-0.92
KEN,2012,cc,-1.1
KIR,2012,cc,0.02
PRK,2012,cc,-1.29
KOR,2012,cc,0.5
KSV,2012,cc,-0.65
KWT,2012,cc,-0.2
KGZ,2012,cc,-1.15
LAO,2012,cc,-1.03
LVA,2012,cc,0.24
LBN,2012,cc,-0.87
LSO,2012,cc,0.13
LBR,2012,cc,-0.61
LBY,2012,cc,-1.32
LIE,2012,cc,1.79
LTU,2012,cc,0.39
LUX,2012,cc,2.11
MAC,2012,cc,0.42
MDG,2012,cc,-0.67
MWI,2012,cc,-0.48
MYS,2012,cc,0.21
MDV,2012,cc,-0.7
MLI,2012,cc,-0.83
MLT,2012,cc,0.94
MHL,2012,cc,-0.22
MTQ,2012,cc,0.78
MRT,2012,cc,-0.79
MUS,2012,cc,0.25
MEX,2012,cc,-0.48
FSM,2012,cc,-0.12
MDA,2012,cc,-0.61
MNG,2012,cc,-0.54
MNE,2012,cc,-0.13
MAR,2012,cc,-0.49
MOZ,2012,cc,-0.57
MMR,2012,cc,-1.07
NAM,2012,cc,0.32
NRU,2012,cc,-0.02
NPL,2012,cc,-0.81
NLD,2012,cc,2.09
ANT,2012,cc,0.78
NZL,2012,cc,2.31
NIC,2012,cc,-0.78
NER,2012,cc,-0.65
NGA,2012,cc,-1.18
NIU,2012,cc,-0.44
MKD,2012,cc,-0.05
NOR,2012,cc,2.25
OMN,2012,cc,0.18
PAK,2012,cc,-1.07
PLW,2012,cc,-0.43
PAN,2012,cc,-0.4
PNG,2012,cc,-0.94
PRY,2012,cc,-0.85
PER,2012,cc,-0.4
PHL,2012,cc,-0.57
POL,2012,cc,0.66
PRT,2012,cc,0.96
PRI,2012,cc,0.53
QAT,2012,cc,1.05
ROM,2012,cc,-0.38
RUS,2012,cc,-1.05
RWA,2012,cc,0.56
REU,2012,cc,0.78
WSM,2012,cc,0.14
SAU,2012,cc,-0.05
SEN,2012,cc,-0.26
SRB,2012,cc,-0.36
SYC,2012,cc,0.58
SLE,2012,cc,-0.96
SGP,2012,cc,2.12
SVK,2012,cc,0.07
SVN,2012,cc,0.83
SLB,2012,cc,-0.36
SOM,2012,cc,-1.6
ZAF,2012,cc,-0.18
SSD,2012,cc,-1.3
ESP,2012,cc,1.17
LKA,2012,cc,-0.24
KNA,2012,cc,1.26
LCA,2012,cc,1.05
VCT,2012,cc,0.97
SDN,2012,cc,-1.5
SUR,2012,cc,-0.34
SWE,2012,cc,2.28
CHE,2012,cc,2.14
SYR,2012,cc,-1.22
STP,2012,cc,-0.17
TWN,2012,cc,0.72
TJK,2012,cc,-1.28
TZA,2012,cc,-0.76
THA,2012,cc,-0.4
TMP,2012,cc,-0.74
TGO,2012,cc,-1.01
TON,2012,cc,-0.3
TTO,2012,cc,-0.18
TUN,2012,cc,-0.03
TKM,2012,cc,-1.31
TUV,2012,cc,-0.35
TUR,2012,cc,0.16
UGA,2012,cc,-1
UKR,2012,cc,-1.12
ARE,2012,cc,1.16
GBR,2012,cc,1.67
USA,2012,cc,1.4
URY,2012,cc,1.38
UZB,2012,cc,-1.31
VUT,2012,cc,0.34
VEN,2012,cc,-1.26
VNM,2012,cc,-0.53
VIR,2012,cc,0.78
WBG,2012,cc,-0.26
YEM,2012,cc,-1.26
ZMB,2012,cc,-0.29
ZWE,2012,cc,-1.38
AFG,2012,ge,-1.38
ALB,2012,ge,-0.27
DZA,2012,ge,-0.45
ASM,2012,ge,0.48
ADO,2012,ge,1.52
AGO,2012,ge,-0.99
AIA,2012,ge,1.52
ATG,2012,ge,0.48
ARG,2012,ge,-0.21
ARM,2012,ge,-0.03
ABW,2012,ge,1.25
AUS,2012,ge,1.61
AUT,2012,ge,1.56
AZE,2012,ge,-0.79
BHS,2012,ge,0.98
BHR,2012,ge,0.52
BGD,2012,ge,-0.81
BRB,2012,ge,1.45
BLR,2012,ge,-0.97
BEL,2012,ge,1.67
BLZ,2012,ge,-0.17
BEN,2012,ge,-0.53
BMU,2012,ge,1
BTN,2012,ge,0.54
BOL,2012,ge,-0.36
BIH,2012,ge,-0.45
BWA,2012,ge,0.42
BRA,2012,ge,-0.16
BRN,2012,ge,0.84
BGR,2012,ge,-0.03
BFA,2012,ge,-0.63
BDI,2012,ge,-1.31
KHM,2012,ge,-0.82
CMR,2012,ge,-0.91
CAN,2012,ge,1.76
CPV,2012,ge,0.05
CYM,2012,ge,1.25
CAF,2012,ge,-1.45
TCD,2012,ge,-1.49
CHL,2012,ge,1.18
CHN,2012,ge,0.02
COL,2012,ge,0
COM,2012,ge,-1.6
ZAR,2012,ge,-1.64
COG,2012,ge,-1.17
COK,2012,ge,-1
CRI,2012,ge,0.47
HRV,2012,ge,0.68
CUB,2012,ge,-0.38
CYP,2012,ge,1.38
CZE,2012,ge,0.92
CIV,2012,ge,-1.11
DNK,2012,ge,1.99
DJI,2012,ge,-1.08
DMA,2012,ge,0.75
DOM,2012,ge,-0.54
ECU,2012,ge,-0.47
EGY,2012,ge,-0.68
SLV,2012,ge,-0.13
GNQ,2012,ge,-1.25
ERI,2012,ge,-1.51
EST,2012,ge,0.95
SWZ,2012,ge,-0.39
ETH,2012,ge,-0.45
FJI,2012,ge,-1.05
FIN,2012,ge,2.21
FRA,2012,ge,1.37
GUF,2012,ge,1.14
GAB,2012,ge,-0.96
GMB,2012,ge,-0.58
GEO,2012,ge,0.63
DEU,2012,ge,1.53
GHA,2012,ge,-0.09
GRC,2012,ge,0.28
GRL,2012,ge,1
GRD,2012,ge,0.32
GUM,2012,ge,-0.04
GTM,2012,ge,-0.79
GIN,2012,ge,-1.26
GNB,2012,ge,-1.29
GUY,2012,ge,-0.1
HTI,2012,ge,-1.66
HND,2012,ge,-0.69
HKG,2012,ge,1.83
HUN,2012,ge,0.61
ISL,2012,ge,1.48
IND,2012,ge,-0.16
IDN,2012,ge,-0.33
IRN,2012,ge,-0.54
IRQ,2012,ge,-1.06
IRL,2012,ge,1.54
ISR,2012,ge,1.27
ITA,2012,ge,0.45
JAM,2012,ge,0.05
JPN,2012,ge,1.41
JEY,2012,ge,1.44
JOR,2012,ge,0.04
KAZ,2012,ge,-0.53
KEN,2012,ge,-0.54
KIR,2012,ge,-0.8
PRK,2012,ge,-1.91
KOR,2012,ge,1.07
KSV,2012,ge,-0.32
KWT,2012,ge,-0.09
KGZ,2012,ge,-0.65
LAO,2012,ge,-0.84
LVA,2012,ge,0.83
LBN,2012,ge,-0.24
LSO,2012,ge,-0.43
LBR,2012,ge,-1.16
LBY,2012,ge,-1.27
LIE,2012,ge,1.78
LTU,2012,ge,0.83
LUX,2012,ge,1.66
MAC,2012,ge,1.09
MDG,2012,ge,-1.12
MWI,2012,ge,-0.51
MYS,2012,ge,0.91
MDV,2012,ge,-0.19
MLI,2012,ge,-0.98
MLT,2012,ge,1.24
MHL,2012,ge,-1.52
MTQ,2012,ge,0.74
MRT,2012,ge,-0.91
MUS,2012,ge,1.04
MEX,2012,ge,0.3
FSM,2012,ge,-0.64
MDA,2012,ge,-0.56
MNG,2012,ge,-0.63
MNE,2012,ge,0.12
MAR,2012,ge,-0.14
MOZ,2012,ge,-0.65
MMR,2012,ge,-1.48
NAM,2012,ge,0.24
NRU,2012,ge,-0.56
NPL,2012,ge,-0.99
NLD,2012,ge,1.84
ANT,2012,ge,0.74
NZL,2012,ge,1.79
NIC,2012,ge,-0.89
NER,2012,ge,-0.7
NGA,2012,ge,-1
NIU,2012,ge,-1
MKD,2012,ge,-0.21
NOR,2012,ge,1.9
OMN,2012,ge,0.24
PAK,2012,ge,-0.78
PLW,2012,ge,-0.56
PAN,2012,ge,0.32
PNG,2012,ge,-0.74
PRY,2012,ge,-0.9
PER,2012,ge,-0.19
PHL,2012,ge,0.21
POL,2012,ge,0.66
PRT,2012,ge,1
PRI,2012,ge,0.4
QAT,2012,ge,0.95
ROM,2012,ge,-0.17
RUS,2012,ge,-0.53
RWA,2012,ge,-0.1
REU,2012,ge,1
WSM,2012,ge,0.02
SAU,2012,ge,0.02
SEN,2012,ge,-0.47
SRB,2012,ge,-0.17
SYC,2012,ge,0.67
SLE,2012,ge,-1.22
SGP,2012,ge,2.2
SVK,2012,ge,0.78
SVN,2012,ge,1.02
SLB,2012,ge,-0.81
SOM,2012,ge,-2.19
ZAF,2012,ge,0.17
SSD,2012,ge,-1.61
ESP,2012,ge,1.06
LKA,2012,ge,-0.2
KNA,2012,ge,1.26
LCA,2012,ge,0.74
VCT,2012,ge,0.94
SDN,2012,ge,-1.43
SUR,2012,ge,-0.01
SWE,2012,ge,1.91
CHE,2012,ge,1.88
SYR,2012,ge,-1.16
STP,2012,ge,-0.74
TWN,2012,ge,1.15
TJK,2012,ge,-0.94
TZA,2012,ge,-0.7
THA,2012,ge,0.13
TMP,2012,ge,-1.2
TGO,2012,ge,-1.3
TON,2012,ge,-0.39
TTO,2012,ge,0.48
TUN,2012,ge,-0.05
TKM,2012,ge,-1.13
TUV,2012,ge,-0.69
TUR,2012,ge,0.43
UGA,2012,ge,-0.6
UKR,2012,ge,-0.59
ARE,2012,ge,1.16
GBR,2012,ge,1.59
USA,2012,ge,1.52
URY,2012,ge,0.42
UZB,2012,ge,-0.93
VUT,2012,ge,-0.19
VEN,2012,ge,-1.08
VNM,2012,ge,-0.25
VIR,2012,ge,1.26
WBG,2012,ge,-0.71
YEM,2012,ge,-1.28
ZMB,2012,ge,-0.51
ZWE,2012,ge,-1.37
AFG,2012,pv,-2.42
ALB,2012,pv,-0.14
DZA,2012,pv,-1.33
ASM,2012,pv,0.95
ADO,2012,pv,1.29
AGO,2012,pv,-0.39
AIA,2012,pv,1.48
ATG,2012,pv,0.98
ARG,2012,pv,0.1
ARM,2012,pv,0.15
ABW,2012,pv,1.26
AUS,2012,pv,1
AUT,2012,pv,1.34
AZE,2012,pv,-0.72
BHS,2012,pv,1.18
BHR,2012,pv,-1.13
BGD,2012,pv,-1.38
BRB,2012,pv,1.19
BLR,2012,pv,0.07
BEL,2012,pv,0.92
BLZ,2012,pv,0.18
BEN,2012,pv,0.36
BMU,2012,pv,0.98
BTN,2012,pv,0.78
BOL,2012,pv,-0.46
BIH,2012,pv,-0.54
BWA,2012,pv,1.1
BRA,2012,pv,0.05
BRN,2012,pv,0.91
BGR,2012,pv,0.38
BFA,2012,pv,-0.57
BDI,2012,pv,-1.7
KHM,2012,pv,-0.1
CMR,2012,pv,-0.59
CAN,2012,pv,1.11
CPV,2012,pv,0.81
CYM,2012,pv,0.96
CAF,2012,pv,-1.85
TCD,2012,pv,-1.04
CHL,2012,pv,0.33
CHN,2012,pv,-0.54
COL,2012,pv,-1.4
COM,2012,pv,-0.45
ZAR,2012,pv,-2.09
COG,2012,pv,-0.49
CRI,2012,pv,0.64
HRV,2012,pv,0.61
CUB,2012,pv,0.31
CYP,2012,pv,0.64
CZE,2012,pv,1.05
CIV,2012,pv,-1.26
DNK,2012,pv,0.91
DJI,2012,pv,0.16
DMA,2012,pv,0.98
DOM,2012,pv,0.25
ECU,2012,pv,-0.57
EGY,2012,pv,-1.44
SLV,2012,pv,0.23
GNQ,2012,pv,0.23
ERI,2012,pv,-0.7
EST,2012,pv,0.64
SWZ,2012,pv,-0.41
ETH,2012,pv,-1.56
FJI,2012,pv,-0.07
FIN,2012,pv,1.4
FRA,2012,pv,0.55
GUF,2012,pv,0.22
GAB,2012,pv,0.29
GMB,2012,pv,0
GEO,2012,pv,-0.68
DEU,2012,pv,0.78
GHA,2012,pv,0.13
GRC,2012,pv,-0.22
GRL,2012,pv,1.93
GRD,2012,pv,0.49
GUM,2012,pv,0.78
GTM,2012,pv,-0.63
GIN,2012,pv,-1.29
GNB,2012,pv,-0.97
GUY,2012,pv,-0.5
HTI,2012,pv,-0.79
HND,2012,pv,-0.35
HKG,2012,pv,1.01
HUN,2012,pv,0.68
ISL,2012,pv,1.25
IND,2012,pv,-1.29
IDN,2012,pv,-0.59
IRN,2012,pv,-1.32
IRQ,2012,pv,-1.93
IRL,2012,pv,0.94
ISR,2012,pv,-1.08
ITA,2012,pv,0.51
JAM,2012,pv,0.12
JPN,2012,pv,0.95
JEY,2012,pv,1.48
JOR,2012,pv,-0.52
KAZ,2012,pv,-0.41
KEN,2012,pv,-1.32
KIR,2012,pv,1.29
PRK,2012,pv,-0.01
KOR,2012,pv,0.27
KSV,2012,pv,-1.04
KWT,2012,pv,0.2
KGZ,2012,pv,-0.91
LAO,2012,pv,0.03
LVA,2012,pv,0.45
LBN,2012,pv,-1.66
LSO,2012,pv,0.27
LBR,2012,pv,-0.48
LBY,2012,pv,-1.59
LIE,2012,pv,1.39
LTU,2012,pv,0.79
LUX,2012,pv,1.33
MAC,2012,pv,0.63
MDG,2012,pv,-0.54
MWI,2012,pv,0
MYS,2012,pv,-0.01
MDV,2012,pv,-0.37
MLI,2012,pv,-2.03
MLT,2012,pv,1.07
MHL,2012,pv,1.03
MTQ,2012,pv,0.58
MRT,2012,pv,-1.13
MUS,2012,pv,0.97
MEX,2012,pv,-0.66
FSM,2012,pv,1.15
MDA,2012,pv,0.05
MCO,2012,pv,1.05
MNG,2012,pv,0.47
MNE,2012,pv,0.6
MAR,2012,pv,-0.47
MOZ,2012,pv,0.39
MMR,2012,pv,-0.94
NAM,2012,pv,0.98
NRU,2012,pv,1.03
NPL,2012,pv,-1.38
NLD,2012,pv,1.19
ANT,2012,pv,1.08
NZL,2012,pv,1.36
NIC,2012,pv,-0.35
NER,2012,pv,-1.15
NGA,2012,pv,-2.04
MKD,2012,pv,-0.49
NOR,2012,pv,1.33
OMN,2012,pv,0.46
PAK,2012,pv,-2.68
PLW,2012,pv,1.03
PAN,2012,pv,-0.18
PNG,2012,pv,-0.59
PRY,2012,pv,-0.87
PER,2012,pv,-0.91
PHL,2012,pv,-1.19
POL,2012,pv,1.05
PRT,2012,pv,0.78
PRI,2012,pv,0.58
QAT,2012,pv,1.22
ROM,2012,pv,0.08
RUS,2012,pv,-0.82
RWA,2012,pv,-0.23
REU,2012,pv,0.43
WSM,2012,pv,1
SMR,2012,pv,1.03
SAU,2012,pv,-0.48
SEN,2012,pv,-0.11
SRB,2012,pv,-0.22
SYC,2012,pv,0.74
SLE,2012,pv,-0.28
SGP,2012,pv,1.37
SVK,2012,pv,1.09
SVN,2012,pv,0.94
SLB,2012,pv,0.19
SOM,2012,pv,-2.86
ZAF,2012,pv,-0.03
SSD,2012,pv,-1.16
ESP,2012,pv,-0.03
LKA,2012,pv,-0.72
KNA,2012,pv,0.98
LCA,2012,pv,0.89
VCT,2012,pv,0.93
SDN,2012,pv,-2.26
SUR,2012,pv,0.08
SWE,2012,pv,1.17
CHE,2012,pv,1.42
SYR,2012,pv,-2.68
STP,2012,pv,0.01
TWN,2012,pv,0.89
TJK,2012,pv,-1.24
TZA,2012,pv,0.05
THA,2012,pv,-1.22
TMP,2012,pv,-0.28
TGO,2012,pv,-0.39
TON,2012,pv,0.89
TTO,2012,pv,0.1
TUN,2012,pv,-0.72
TKM,2012,pv,0.43
TUV,2012,pv,1.29
TUR,2012,pv,-1.22
UGA,2012,pv,-0.87
UKR,2012,pv,-0.09
ARE,2012,pv,0.86
GBR,2012,pv,0.4
USA,2012,pv,0.63
URY,2012,pv,0.71
UZB,2012,pv,-0.52
VUT,2012,pv,1.2
VEN,2012,pv,-1.03
VNM,2012,pv,0.27
VIR,2012,pv,0.68
WBG,2012,pv,-1.96
YEM,2012,pv,-2.43
ZMB,2012,pv,0.66
ZWE,2012,pv,-0.78
AFG,2012,rl,-1.65
ALB,2012,rl,-0.52
DZA,2012,rl,-0.81
ASM,2012,rl,1.1
ADO,2012,rl,1.4
AGO,2012,rl,-1.3
AIA,2012,rl,1.36
ATG,2012,rl,0.95
ARG,2012,rl,-0.62
ARM,2012,rl,-0.42
ABW,2012,rl,1.31
AUS,2012,rl,1.76
AUT,2012,rl,1.86
AZE,2012,rl,-0.88
BHS,2012,rl,0.61
BHR,2012,rl,0.25
BGD,2012,rl,-0.94
BRB,2012,rl,1.03
BLR,2012,rl,-0.92
BEL,2012,rl,1.45
BLZ,2012,rl,-0.44
BEN,2012,rl,-0.57
BMU,2012,rl,1.1
BTN,2012,rl,0.26
BOL,2012,rl,-1.02
BIH,2012,rl,-0.2
BWA,2012,rl,0.59
BRA,2012,rl,-0.08
BRN,2012,rl,0.79
BGR,2012,rl,-0.12
BFA,2012,rl,-0.43
BDI,2012,rl,-1.08
KHM,2012,rl,-0.98
CMR,2012,rl,-1.04
CAN,2012,rl,1.76
CPV,2012,rl,0.51
CYM,2012,rl,0.89
CAF,2012,rl,-1.44
TCD,2012,rl,-1.46
CHL,2012,rl,1.29
CHN,2012,rl,-0.55
COL,2012,rl,-0.33
COM,2012,rl,-1.08
ZAR,2012,rl,-1.66
COG,2012,rl,-1.14
COK,2012,rl,-0.94
CRI,2012,rl,0.53
HRV,2012,rl,0.15
CUB,2012,rl,-0.71
CYP,2012,rl,1.09
CZE,2012,rl,1.02
CIV,2012,rl,-1.09
DNK,2012,rl,1.88
DJI,2012,rl,-0.8
DMA,2012,rl,0.7
DOM,2012,rl,-0.72
ECU,2012,rl,-1.06
EGY,2012,rl,-0.54
SLV,2012,rl,-0.73
GNQ,2012,rl,-1.05
ERI,2012,rl,-1.43
EST,2012,rl,1.15
SWZ,2012,rl,-0.54
ETH,2012,rl,-0.68
FJI,2012,rl,-0.67
FIN,2012,rl,1.94
FRA,2012,rl,1.44
GUF,2012,rl,1.15
GAB,2012,rl,-0.41
GMB,2012,rl,-0.6
GEO,2012,rl,-0.01
DEU,2012,rl,1.67
GHA,2012,rl,0.02
GRC,2012,rl,0.39
GRL,2012,rl,1.71
GRD,2012,rl,0.19
GUM,2012,rl,1.1
GTM,2012,rl,-1.08
GIN,2012,rl,-1.4
GNB,2012,rl,-1.54
GUY,2012,rl,-0.52
HTI,2012,rl,-1.33
HND,2012,rl,-1.15
HKG,2012,rl,1.57
HUN,2012,rl,0.61
ISL,2012,rl,1.68
IND,2012,rl,-0.06
IDN,2012,rl,-0.58
IRN,2012,rl,-0.92
IRQ,2012,rl,-1.57
IRL,2012,rl,1.73
ISR,2012,rl,0.93
ITA,2012,rl,0.43
JAM,2012,rl,-0.35
JPN,2012,rl,1.35
JEY,2012,rl,1.71
JOR,2012,rl,0.35
KAZ,2012,rl,-0.77
KEN,2012,rl,-0.83
KIR,2012,rl,0.18
PRK,2012,rl,-1.35
KOR,2012,rl,0.98
KSV,2012,rl,-0.53
KWT,2012,rl,0.36
KGZ,2012,rl,-1.13
LAO,2012,rl,-0.86
LVA,2012,rl,0.78
LBN,2012,rl,-0.7
LSO,2012,rl,-0.27
LBR,2012,rl,-0.89
LBY,2012,rl,-0.98
LIE,2012,rl,1.59
LTU,2012,rl,0.84
LUX,2012,rl,1.79
MAC,2012,rl,0.65
MDG,2012,rl,-0.93
MWI,2012,rl,-0.24
MYS,2012,rl,0.38
MDV,2012,rl,-0.54
MLI,2012,rl,-0.66
MLT,2012,rl,1.34
MHL,2012,rl,0.11
MTQ,2012,rl,0.83
MRT,2012,rl,-0.94
MUS,2012,rl,1.02
MEX,2012,rl,-0.54
FSM,2012,rl,0.03
MDA,2012,rl,-0.32
MCO,2012,rl,0.93
MNG,2012,rl,-0.37
MNE,2012,rl,-0.06
MAR,2012,rl,-0.29
MOZ,2012,rl,-0.6
MMR,2012,rl,-1.36
NAM,2012,rl,0.3
NRU,2012,rl,0.73
NPL,2012,rl,-0.74
NLD,2012,rl,1.85
ANT,2012,rl,0.83
NZL,2012,rl,1.88
NIC,2012,rl,-0.73
NER,2012,rl,-0.66
NGA,2012,rl,-1.14
NIU,2012,rl,-0.79
MKD,2012,rl,-0.25
NOR,2012,rl,1.95
OMN,2012,rl,0.52
PAK,2012,rl,-0.88
PLW,2012,rl,0.9
PAN,2012,rl,-0.22
PNG,2012,rl,-0.83
PRY,2012,rl,-0.81
PER,2012,rl,-0.58
PHL,2012,rl,-0.52
POL,2012,rl,0.82
PRT,2012,rl,1.04
PRI,2012,rl,0.79
QAT,2012,rl,0.95
ROM,2012,rl,0.09
RUS,2012,rl,-0.86
RWA,2012,rl,-0.25
REU,2012,rl,0.83
WSM,2012,rl,0.74
SMR,2012,rl,0.93
SAU,2012,rl,0.14
SEN,2012,rl,-0.28
SRB,2012,rl,-0.33
SYC,2012,rl,0.06
SLE,2012,rl,-0.87
SGP,2012,rl,1.72
SVK,2012,rl,0.49
SVN,2012,rl,1.01
SLB,2012,rl,-0.53
SOM,2012,rl,-2.42
ZAF,2012,rl,0.08
SSD,2012,rl,-1.42
ESP,2012,rl,1.04
LKA,2012,rl,-0.11
KNA,2012,rl,0.97
LCA,2012,rl,0.72
VCT,2012,rl,0.99
SDN,2012,rl,-1.24
SUR,2012,rl,-0.06
SWE,2012,rl,1.93
CHE,2012,rl,1.81
SYR,2012,rl,-1.13
STP,2012,rl,-0.75
TWN,2012,rl,1.04
TJK,2012,rl,-1.21
TZA,2012,rl,-0.54
THA,2012,rl,-0.17
TMP,2012,rl,-1.14
TGO,2012,rl,-0.95
TON,2012,rl,-0.02
TTO,2012,rl,-0.17
TUN,2012,rl,-0.16
TKM,2012,rl,-1.38
TUV,2012,rl,0.56
TUR,2012,rl,-0.04
UGA,2012,rl,-0.36
UKR,2012,rl,-0.82
ARE,2012,rl,0.53
GBR,2012,rl,1.73
USA,2012,rl,1.62
URY,2012,rl,0.61
UZB,2012,rl,-1.3
VUT,2012,rl,0.34
VEN,2012,rl,-1.71
VNM,2012,rl,-0.55
VIR,2012,rl,0.83
WBG,2012,rl,-0.45
YEM,2012,rl,-1.28
ZMB,2012,rl,-0.36
ZWE,2012,rl,-1.63
AFG,2012,rq,-1.19
ALB,2012,rq,0.24
DZA,2012,rq,-1.32
ASM,2012,rq,0.36
ADO,2012,rq,1.56
AGO,2012,rq,-0.99
AIA,2012,rq,1.32
ATG,2012,rq,0.6
ARG,2012,rq,-0.9
ARM,2012,rq,0.33
ABW,2012,rq,1.4
AUS,2012,rq,1.78
AUT,2012,rq,1.52
AZE,2012,rq,-0.49
BHS,2012,rq,0.39
BHR,2012,rq,0.68
BGD,2012,rq,-0.96
BRB,2012,rq,0.45
BLR,2012,rq,-1.17
BEL,2012,rq,1.22
BLZ,2012,rq,-0.44
BEN,2012,rq,-0.4
BMU,2012,rq,1.32
BTN,2012,rq,-1.09
BOL,2012,rq,-0.83
BIH,2012,rq,-0.06
BWA,2012,rq,0.69
BRA,2012,rq,0.17
BRN,2012,rq,1.15
BGR,2012,rq,0.57
BFA,2012,rq,-0.14
BDI,2012,rq,-0.95
KHM,2012,rq,-0.36
CMR,2012,rq,-0.93
CAN,2012,rq,1.71
CPV,2012,rq,0.02
CYM,2012,rq,1.1
CAF,2012,rq,-1.07
TCD,2012,rq,-1.07
CHL,2012,rq,1.54
CHN,2012,rq,-0.28
COL,2012,rq,0.33
COM,2012,rq,-1.39
ZAR,2012,rq,-1.48
COG,2012,rq,-1.35
COK,2012,rq,-1.14
CRI,2012,rq,0.74
HRV,2012,rq,0.35
CUB,2012,rq,-1.56
CYP,2012,rq,1.12
CZE,2012,rq,1.05
CIV,2012,rq,-0.78
DNK,2012,rq,1.8
DJI,2012,rq,-0.46
DMA,2012,rq,0.3
DOM,2012,rq,-0.06
ECU,2012,rq,-0.94
EGY,2012,rq,-0.39
SLV,2012,rq,0.23
GNQ,2012,rq,-1.6
ERI,2012,rq,-2.2
EST,2012,rq,1.41
SWZ,2012,rq,-0.3
ETH,2012,rq,-1.05
FJI,2012,rq,-0.59
FIN,2012,rq,1.82
FRA,2012,rq,1.12
GUF,2012,rq,1.27
GAB,2012,rq,-0.53
GMB,2012,rq,-0.26
GEO,2012,rq,0.66
DEU,2012,rq,1.53
GHA,2012,rq,0.1
GRC,2012,rq,0.52
GRL,2012,rq,1.37
GRD,2012,rq,0.25
GUM,2012,rq,0.6
GTM,2012,rq,-0.26
GIN,2012,rq,-1.02
GNB,2012,rq,-1.23
GUY,2012,rq,-0.63
HTI,2012,rq,-0.95
HND,2012,rq,-0.21
HKG,2012,rq,1.94
HUN,2012,rq,0.98
ISL,2012,rq,1.11
IND,2012,rq,-0.48
IDN,2012,rq,-0.22
IRN,2012,rq,-1.43
IRQ,2012,rq,-1.14
IRL,2012,rq,1.56
ISR,2012,rq,1.17
ITA,2012,rq,0.74
JAM,2012,rq,0.18
JPN,2012,rq,1.14
JEY,2012,rq,1.15
JOR,2012,rq,0.23
KAZ,2012,rq,-0.39
KEN,2012,rq,-0.32
KIR,2012,rq,-1.33
PRK,2012,rq,-2.53
KOR,2012,rq,0.87
KSV,2012,rq,-0.04
KWT,2012,rq,-0.04
KGZ,2012,rq,-0.34
LAO,2012,rq,-0.83
LVA,2012,rq,1.01
LBN,2012,rq,-0.14
LSO,2012,rq,-0.54
LBR,2012,rq,-1.05
LBY,2012,rq,-1.62
LIE,2012,rq,1.55
LTU,2012,rq,1.12
LUX,2012,rq,1.76
MAC,2012,rq,1.35
MDG,2012,rq,-0.58
MWI,2012,rq,-0.71
MYS,2012,rq,0.48
MDV,2012,rq,-0.4
MLI,2012,rq,-0.43
MLT,2012,rq,1.32
MHL,2012,rq,-1.06
MTQ,2012,rq,0.84
MRT,2012,rq,-0.65
MUS,2012,rq,0.93
MEX,2012,rq,0.42
FSM,2012,rq,-0.95
MDA,2012,rq,-0.12
MNG,2012,rq,-0.22
MNE,2012,rq,0.03
MAR,2012,rq,-0.11
MOZ,2012,rq,-0.47
MMR,2012,rq,-1.83
NAM,2012,rq,0.16
NRU,2012,rq,-1.19
NPL,2012,rq,-0.81
NLD,2012,rq,1.75
ANT,2012,rq,0.84
NZL,2012,rq,1.84
NIC,2012,rq,-0.31
NER,2012,rq,-0.61
NGA,2012,rq,-0.72
NIU,2012,rq,-0.91
MKD,2012,rq,0.26
NOR,2012,rq,1.54
OMN,2012,rq,0.47
PAK,2012,rq,-0.72
PLW,2012,rq,-0.99
PAN,2012,rq,0.47
PNG,2012,rq,-0.52
PRY,2012,rq,-0.26
PER,2012,rq,0.44
PHL,2012,rq,0.04
POL,2012,rq,1
PRT,2012,rq,0.82
PRI,2012,rq,0.91
QAT,2012,rq,0.8
ROM,2012,rq,0.56
RUS,2012,rq,-0.35
RWA,2012,rq,-0.13
REU,2012,rq,1.08
WSM,2012,rq,-0.36
SAU,2012,rq,0.1
SEN,2012,rq,-0.11
SRB,2012,rq,-0.07
SYC,2012,rq,-0.13
SLE,2012,rq,-0.71
SGP,2012,rq,1.96
SVK,2012,rq,1.04
SVN,2012,rq,0.63
SLB,2012,rq,-1.04
SOM,2012,rq,-2.22
ZAF,2012,rq,0.4
SSD,2012,rq,-1.45
ESP,2012,rq,0.95
LKA,2012,rq,-0.13
KNA,2012,rq,1.08
LCA,2012,rq,0.31
VCT,2012,rq,0.34
SDN,2012,rq,-1.48
SUR,2012,rq,-0.48
SWE,2012,rq,1.9
CHE,2012,rq,1.65
SYR,2012,rq,-1.53
STP,2012,rq,-0.8
TWN,2012,rq,1.18
TJK,2012,rq,-1.01
TZA,2012,rq,-0.41
THA,2012,rq,0.14
TMP,2012,rq,-1.02
TGO,2012,rq,-0.86
TON,2012,rq,-0.65
TTO,2012,rq,0.25
TUN,2012,rq,-0.24
TKM,2012,rq,-2.11
TUV,2012,rq,-1.23
TUR,2012,rq,0.45
UGA,2012,rq,-0.26
UKR,2012,rq,-0.55
ARE,2012,rq,0.67
GBR,2012,rq,1.64
USA,2012,rq,1.29
URY,2012,rq,0.6
UZB,2012,rq,-1.58
VUT,2012,rq,-0.74
VEN,2012,rq,-1.44
VNM,2012,rq,-0.68
VIR,2012,rq,0.6
WBG,2012,rq,0.07
YEM,2012,rq,-0.7
ZMB,2012,rq,-0.44
ZWE,2012,rq,-1.87
AFG,2012,va,-1.27
ALB,2012,va,0.02
DZA,2012,va,-0.91
ASM,2012,va,1.03
ADO,2012,va,1.43
AGO,2012,va,-1.08
AIA,2012,va,1.03
ATG,2012,va,0.64
ARG,2012,va,0.3
ARM,2012,va,-0.57
ABW,2012,va,1.28
AUS,2012,va,1.5
AUT,2012,va,1.45
AZE,2012,va,-1.3
BHS,2012,va,0.93
BHR,2012,va,-1.32
BGD,2012,va,-0.4
BRB,2012,va,1.13
BLR,2012,va,-1.57
BEL,2012,va,1.35
BLZ,2012,va,0.7
BEN,2012,va,0.12
BMU,2012,va,1.03
BTN,2012,va,-0.28
BOL,2012,va,-0.08
BIH,2012,va,-0.1
BWA,2012,va,0.53
BRA,2012,va,0.48
BRN,2012,va,-0.51
BGR,2012,va,0.4
BFA,2012,va,-0.3
BDI,2012,va,-0.89
KHM,2012,va,-0.96
CMR,2012,va,-1.02
CAN,2012,va,1.44
CPV,2012,va,0.94
CYM,2012,va,0.57
CAF,2012,va,-1.24
TCD,2012,va,-1.34
CHL,2012,va,1.08
CHN,2012,va,-1.64
COL,2012,va,-0.06
COM,2012,va,-0.47
ZAR,2012,va,-1.48
COG,2012,va,-1.16
COK,2012,va,-0.48
CRI,2012,va,1.09
HRV,2012,va,0.54
CUB,2012,va,-1.51
CYP,2012,va,1.02
CZE,2012,va,0.97
CIV,2012,va,-0.78
DNK,2012,va,1.67
DJI,2012,va,-1.43
DMA,2012,va,0.95
DOM,2012,va,0.12
ECU,2012,va,-0.3
EGY,2012,va,-0.77
SLV,2012,va,-0.04
GNQ,2012,va,-1.91
ERI,2012,va,-2.21
EST,2012,va,1.11
SWZ,2012,va,-1.28
ETH,2012,va,-1.31
FJI,2012,va,-0.98
FIN,2012,va,1.6
FRA,2012,va,1.24
GUF,2012,va,1.12
GAB,2012,va,-0.86
GMB,2012,va,-1.29
GEO,2012,va,0.02
DEU,2012,va,1.39
GHA,2012,va,0.43
GRC,2012,va,0.7
GRL,2012,va,1.29
GRD,2012,va,0.75
GUM,2012,va,0.8
GTM,2012,va,-0.36
GIN,2012,va,-1.01
GNB,2012,va,-1.33
GUY,2012,va,0
HTI,2012,va,-0.76
HND,2012,va,-0.47
HKG,2012,va,0.64
HUN,2012,va,0.75
ISL,2012,va,1.44
IND,2012,va,0.4
IDN,2012,va,0.07
IRN,2012,va,-1.6
IRQ,2012,va,-1.08
IRL,2012,va,1.32
ISR,2012,va,0.64
ITA,2012,va,0.92
JAM,2012,va,0.49
JPN,2012,va,1.1
JEY,2012,va,1.29
JOR,2012,va,-0.73
KAZ,2012,va,-1.18
KEN,2012,va,-0.29
KIR,2012,va,0.77
PRK,2012,va,-2.24
KOR,2012,va,0.73
KSV,2012,va,-0.22
KWT,2012,va,-0.64
KGZ,2012,va,-0.61
LAO,2012,va,-1.64
LVA,2012,va,0.78
LBN,2012,va,-0.39
LSO,2012,va,0.07
LBR,2012,va,-0.31
LBY,2012,va,-0.9
LIE,2012,va,1.51
LTU,2012,va,0.93
LUX,2012,va,1.65
MAC,2012,va,-0.24
MDG,2012,va,-0.88
MWI,2012,va,-0.21
MYS,2012,va,-0.35
MDV,2012,va,-0.47
MLI,2012,va,-0.5
MLT,2012,va,1.17
MHL,2012,va,1.1
MTQ,2012,va,0.58
MRT,2012,va,-0.91
MUS,2012,va,0.88
MEX,2012,va,0.11
FSM,2012,va,0.98
MDA,2012,va,-0.03
MCO,2012,va,0.8
MNG,2012,va,0.07
MNE,2012,va,0.22
MAR,2012,va,-0.61
MOZ,2012,va,-0.2
MMR,2012,va,-1.62
NAM,2012,va,0.38
NRU,2012,va,1.1
NPL,2012,va,-0.64
NLD,2012,va,1.61
ANT,2012,va,0.35
NZL,2012,va,1.62
NIC,2012,va,-0.54
NER,2012,va,-0.28
NGA,2012,va,-0.7
NIU,2012,va,-0.48
MKD,2012,va,-0.03
NOR,2012,va,1.73
OMN,2012,va,-1.02
PAK,2012,va,-0.84
PLW,2012,va,1.21
PAN,2012,va,0.47
PNG,2012,va,-0.06
PRY,2012,va,-0.11
PER,2012,va,0.11
PHL,2012,va,-0.03
POL,2012,va,1.06
PRT,2012,va,1.03
PRI,2012,va,0.69
QAT,2012,va,-0.92
ROM,2012,va,0.32
RUS,2012,va,-0.98
RWA,2012,va,-1.28
REU,2012,va,1.25
WSM,2012,va,0.35
SMR,2012,va,1.21
SAU,2012,va,-1.87
SEN,2012,va,0
SRB,2012,va,0.2
SYC,2012,va,0.05
SLE,2012,va,-0.32
SGP,2012,va,0.05
SVK,2012,va,0.97
SVN,2012,va,1
SLB,2012,va,-0.03
SOM,2012,va,-2.2
ZAF,2012,va,0.58
SSD,2012,va,-1.33
ESP,2012,va,1.06
LKA,2012,va,-0.58
KNA,2012,va,1.12
LCA,2012,va,1.11
VCT,2012,va,1.02
SDN,2012,va,-1.77
SUR,2012,va,0.34
SWE,2012,va,1.69
CHE,2012,va,1.64
SYR,2012,va,-1.84
STP,2012,va,0.18
TWN,2012,va,0.85
TJK,2012,va,-1.42
TZA,2012,va,-0.18
THA,2012,va,-0.32
TMP,2012,va,0.1
TGO,2012,va,-1
TON,2012,va,0.34
TTO,2012,va,0.5
TUN,2012,va,-0.17
TKM,2012,va,-2.25
TUV,2012,va,0.66
TUR,2012,va,-0.21
UGA,2012,va,-0.49
UKR,2012,va,-0.28
ARE,2012,va,-1
GBR,2012,va,1.34
USA,2012,va,1.16
URY,2012,va,1.06
UZB,2012,va,-2.03
VUT,2012,va,0.4
VEN,2012,va,-0.91
VNM,2012,va,-1.42
VIR,2012,va,0.8
WBG,2012,va,-0.94
YEM,2012,va,-1.35
ZMB,2012,va,-0.13
ZWE,2012,va,-1.47
AFG,2013,cc,-1.45
ALB,2013,cc,-0.75
DZA,2013,cc,-0.47
ASM,2013,cc,0.3
ADO,2013,cc,1.25
AGO,2013,cc,-1.34
AIA,2013,cc,1.25
ATG,2013,cc,1.25
ARG,2013,cc,-0.43
ARM,2013,cc,-0.53
ABW,2013,cc,1.12
AUS,2013,cc,1.78
AUT,2013,cc,1.54
AZE,2013,cc,-0.97
BHS,2013,cc,1.33
BHR,2013,cc,0.43
BGD,2013,cc,-0.89
BRB,2013,cc,1.61
BLR,2013,cc,-0.41
BEL,2013,cc,1.6
BLZ,2013,cc,0.02
BEN,2013,cc,-0.75
BMU,2013,cc,1.25
BTN,2013,cc,0.91
BOL,2013,cc,-0.59
BIH,2013,cc,-0.24
BWA,2013,cc,0.89
BRA,2013,cc,-0.1
BRN,2013,cc,0.64
BGR,2013,cc,-0.33
BFA,2013,cc,-0.53
BDI,2013,cc,-1.43
KHM,2013,cc,-1.06
CMR,2013,cc,-1.22
CAN,2013,cc,1.88
CPV,2013,cc,0.85
CYM,2013,cc,1.35
CAF,2013,cc,-1.1
TCD,2013,cc,-1.37
CHL,2013,cc,1.5
CHN,2013,cc,-0.36
COL,2013,cc,-0.44
COM,2013,cc,-0.73
ZAR,2013,cc,-1.34
COG,2013,cc,-1.18
COK,2013,cc,-0.22
CRI,2013,cc,0.58
HRV,2013,cc,0.11
CUB,2013,cc,0.11
CYP,2013,cc,1.24
CZE,2013,cc,0.3
CIV,2013,cc,-0.74
DNK,2013,cc,2.4
DJI,2013,cc,-0.55
DMA,2013,cc,0.69
DOM,2013,cc,-0.91
ECU,2013,cc,-0.5
EGY,2013,cc,-0.61
SLV,2013,cc,-0.35
GNQ,2013,cc,-1.32
ERI,2013,cc,-0.91
EST,2013,cc,1.18
SWZ,2013,cc,-0.23
ETH,2013,cc,-0.5
FJI,2013,cc,0.2
FIN,2013,cc,2.2
FRA,2013,cc,1.3
GUF,2013,cc,1.12
GAB,2013,cc,-0.63
GMB,2013,cc,-0.71
GEO,2013,cc,0.46
DEU,2013,cc,1.8
GHA,2013,cc,-0.1
GRC,2013,cc,-0.08
GRL,2013,cc,1.24
GRD,2013,cc,0.45
GUM,2013,cc,0.78
GTM,2013,cc,-0.64
GIN,2013,cc,-1.05
GNB,2013,cc,-1.34
GUY,2013,cc,-0.65
HTI,2013,cc,-1.14
HND,2013,cc,-0.95
HKG,2013,cc,1.64
HUN,2013,cc,0.29
ISL,2013,cc,1.9
IND,2013,cc,-0.52
IDN,2013,cc,-0.66
IRN,2013,cc,-0.69
IRQ,2013,cc,-1.32
IRL,2013,cc,1.65
ISR,2013,cc,0.91
ITA,2013,cc,0.07
JAM,2013,cc,-0.3
JPN,2013,cc,1.65
JEY,2013,cc,1.24
JOR,2013,cc,0.07
KAZ,2013,cc,-0.93
KEN,2013,cc,-1.04
KIR,2013,cc,-0.03
PRK,2013,cc,-1.29
KOR,2013,cc,0.58
KSV,2013,cc,-0.65
KWT,2013,cc,-0.2
KGZ,2013,cc,-1.16
LAO,2013,cc,-0.94
LVA,2013,cc,0.32
LBN,2013,cc,-0.92
LSO,2013,cc,0.28
LBR,2013,cc,-0.72
LBY,2013,cc,-1.44
LIE,2013,cc,1.83
LTU,2013,cc,0.42
LUX,2013,cc,2.12
MAC,2013,cc,0.55
MDG,2013,cc,-0.76
MWI,2013,cc,-0.62
MYS,2013,cc,0.33
MDV,2013,cc,-0.71
MLI,2013,cc,-0.79
MLT,2013,cc,0.98
MHL,2013,cc,0
MTQ,2013,cc,0.78
MRT,2013,cc,-0.85
MUS,2013,cc,0.25
MEX,2013,cc,-0.59
FSM,2013,cc,-0.18
MDA,2013,cc,-0.75
MNG,2013,cc,-0.48
MNE,2013,cc,-0.29
MAR,2013,cc,-0.42
MOZ,2013,cc,-0.6
MMR,2013,cc,-1.01
NAM,2013,cc,0.3
NRU,2013,cc,-0.65
NPL,2013,cc,-0.69
NLD,2013,cc,2.02
ANT,2013,cc,0.78
NZL,2013,cc,2.33
NIC,2013,cc,-0.74
NER,2013,cc,-0.62
NGA,2013,cc,-1.23
NIU,2013,cc,-0.43
MKD,2013,cc,-0.06
NOR,2013,cc,2.29
OMN,2013,cc,0.15
PAK,2013,cc,-0.96
PLW,2013,cc,-0.65
PAN,2013,cc,-0.38
PNG,2013,cc,-0.96
PRY,2013,cc,-1.05
PER,2013,cc,-0.46
PHL,2013,cc,-0.38
POL,2013,cc,0.65
PRT,2013,cc,0.91
PRI,2013,cc,0.47
QAT,2013,cc,1.1
ROM,2013,cc,-0.3
RUS,2013,cc,-1.02
RWA,2013,cc,0.62
REU,2013,cc,0.78
WSM,2013,cc,0.18
SAU,2013,cc,-0.03
SEN,2013,cc,-0.19
SRB,2013,cc,-0.33
SYC,2013,cc,0.6
SLE,2013,cc,-0.91
SGP,2013,cc,2.07
SVK,2013,cc,0.05
SVN,2013,cc,0.72
SLB,2013,cc,-0.4
SOM,2013,cc,-1.58
ZAF,2013,cc,-0.14
SSD,2013,cc,-1.4
ESP,2013,cc,0.93
LKA,2013,cc,-0.22
KNA,2013,cc,1.25
LCA,2013,cc,1.08
VCT,2013,cc,0.96
SDN,2013,cc,-1.49
SUR,2013,cc,-0.28
SWE,2013,cc,2.24
CHE,2013,cc,2.12
SYR,2013,cc,-1.27
STP,2013,cc,-0.17
TWN,2013,cc,0.67
TJK,2013,cc,-1.29
TZA,2013,cc,-0.78
THA,2013,cc,-0.37
TMP,2013,cc,-0.69
TGO,2013,cc,-1.03
TON,2013,cc,-0.26
TTO,2013,cc,-0.25
TUN,2013,cc,-0.04
TKM,2013,cc,-1.29
TUV,2013,cc,-0.39
TUR,2013,cc,0.09
UGA,2013,cc,-1.06
UKR,2013,cc,-1.18
ARE,2013,cc,1.27
GBR,2013,cc,1.72
USA,2013,cc,1.31
URY,2013,cc,1.4
UZB,2013,cc,-1.27
VUT,2013,cc,0.29
VEN,2013,cc,-1.31
VNM,2013,cc,-0.48
VIR,2013,cc,0.78
WBG,2013,cc,-0.26
YEM,2013,cc,-1.26
ZMB,2013,cc,-0.32
ZWE,2013,cc,-1.42
AFG,2013,ge,-1.4
ALB,2013,ge,-0.32
DZA,2013,ge,-0.43
ASM,2013,ge,0.49
ADO,2013,ge,1.53
AGO,2013,ge,-1.24
AIA,2013,ge,1.53
ATG,2013,ge,0.49
ARG,2013,ge,-0.25
ARM,2013,ge,0.08
ABW,2013,ge,1.22
AUS,2013,ge,1.63
AUT,2013,ge,1.57
AZE,2013,ge,-0.45
BHS,2013,ge,0.87
BHR,2013,ge,0.56
BGD,2013,ge,-0.8
BRB,2013,ge,1.35
BLR,2013,ge,-0.96
BEL,2013,ge,1.7
BLZ,2013,ge,-0.15
BEN,2013,ge,-0.51
BMU,2013,ge,1.01
BTN,2013,ge,0.42
BOL,2013,ge,-0.38
BIH,2013,ge,-0.43
BWA,2013,ge,0.38
BRA,2013,ge,-0.12
BRN,2013,ge,0.86
BGR,2013,ge,-0.01
BFA,2013,ge,-0.67
BDI,2013,ge,-1.07
KHM,2013,ge,-0.91
CMR,2013,ge,-0.93
CAN,2013,ge,1.78
CPV,2013,ge,0.04
CYM,2013,ge,1.22
CAF,2013,ge,-1.63
TCD,2013,ge,-1.39
CHL,2013,ge,1.16
CHN,2013,ge,-0.01
COL,2013,ge,0.05
COM,2013,ge,-1.61
ZAR,2013,ge,-1.47
COG,2013,ge,-1.16
COK,2013,ge,-0.99
CRI,2013,ge,0.46
HRV,2013,ge,0.68
CUB,2013,ge,-0.41
CYP,2013,ge,1.36
CZE,2013,ge,0.92
CIV,2013,ge,-0.94
DNK,2013,ge,1.94
DJI,2013,ge,-0.98
DMA,2013,ge,0.8
DOM,2013,ge,-0.49
ECU,2013,ge,-0.45
EGY,2013,ge,-0.78
SLV,2013,ge,-0.12
GNQ,2013,ge,-1.36
ERI,2013,ge,-1.55
EST,2013,ge,0.97
SWZ,2013,ge,-0.37
ETH,2013,ge,-0.62
FJI,2013,ge,-1.03
FIN,2013,ge,2.18
FRA,2013,ge,1.48
GUF,2013,ge,1.1
GAB,2013,ge,-0.87
GMB,2013,ge,-0.74
GEO,2013,ge,0.61
DEU,2013,ge,1.51
GHA,2013,ge,-0.13
GRC,2013,ge,0.36
GRL,2013,ge,0.94
GRD,2013,ge,0.28
GUM,2013,ge,-0.04
GTM,2013,ge,-0.73
GIN,2013,ge,-1.17
GNB,2013,ge,-1.46
GUY,2013,ge,-0.1
HTI,2013,ge,-1.59
HND,2013,ge,-0.72
HKG,2013,ge,1.74
HUN,2013,ge,0.68
ISL,2013,ge,1.48
IND,2013,ge,-0.16
IDN,2013,ge,-0.24
IRN,2013,ge,-0.69
IRQ,2013,ge,-1.05
IRL,2013,ge,1.5
ISR,2013,ge,1.24
ITA,2013,ge,0.53
JAM,2013,ge,0.07
JPN,2013,ge,1.61
JEY,2013,ge,1.37
JOR,2013,ge,-0.01
KAZ,2013,ge,-0.62
KEN,2013,ge,-0.48
KIR,2013,ge,-0.77
PRK,2013,ge,-1.9
KOR,2013,ge,1
KSV,2013,ge,-0.36
KWT,2013,ge,-0.09
KGZ,2013,ge,-0.65
LAO,2013,ge,-0.74
LVA,2013,ge,0.88
LBN,2013,ge,-0.31
LSO,2013,ge,-0.46
LBR,2013,ge,-1.36
LBY,2013,ge,-1.32
LIE,2013,ge,1.75
LTU,2013,ge,0.83
LUX,2013,ge,1.62
MAC,2013,ge,1.06
MDG,2013,ge,-1.15
MWI,2013,ge,-0.51
MYS,2013,ge,0.99
MDV,2013,ge,-0.24
MLI,2013,ge,-0.9
MLT,2013,ge,1.25
MHL,2013,ge,-1.7
MTQ,2013,ge,0.75
MRT,2013,ge,-0.99
MUS,2013,ge,0.92
MEX,2013,ge,0.3
FSM,2013,ge,-0.56
MDA,2013,ge,-0.41
MNG,2013,ge,-0.54
MNE,2013,ge,0.15
MAR,2013,ge,-0.09
MOZ,2013,ge,-0.64
MMR,2013,ge,-1.51
NAM,2013,ge,0.27
NRU,2013,ge,-0.57
NPL,2013,ge,-0.93
NLD,2013,ge,1.81
ANT,2013,ge,0.75
NZL,2013,ge,1.75
NIC,2013,ge,-0.81
NER,2013,ge,-0.73
NGA,2013,ge,-1
NIU,2013,ge,-0.99
MKD,2013,ge,-0.17
NOR,2013,ge,1.88
OMN,2013,ge,0.19
PAK,2013,ge,-0.8
PLW,2013,ge,-0.57
PAN,2013,ge,0.32
PNG,2013,ge,-0.66
PRY,2013,ge,-0.88
PER,2013,ge,-0.15
PHL,2013,ge,0.21
POL,2013,ge,0.66
PRT,2013,ge,1.19
PRI,2013,ge,0.36
QAT,2013,ge,1.07
ROM,2013,ge,0.13
RUS,2013,ge,-0.45
RWA,2013,ge,-0.03
REU,2013,ge,1.01
WSM,2013,ge,0.07
SAU,2013,ge,0.06
SEN,2013,ge,-0.43
SRB,2013,ge,-0.18
SYC,2013,ge,0.55
SLE,2013,ge,-1.22
SGP,2013,ge,2.13
SVK,2013,ge,0.73
SVN,2013,ge,1
SLB,2013,ge,-0.83
SOM,2013,ge,-2.2
ZAF,2013,ge,0.31
SSD,2013,ge,-1.68
ESP,2013,ge,1.17
LKA,2013,ge,-0.17
KNA,2013,ge,1.27
LCA,2013,ge,0.78
VCT,2013,ge,0.99
SDN,2013,ge,-1.49
SUR,2013,ge,-0.02
SWE,2013,ge,1.79
CHE,2013,ge,1.82
SYR,2013,ge,-1.41
STP,2013,ge,-0.76
TWN,2013,ge,1.2
TJK,2013,ge,-1.07
TZA,2013,ge,-0.71
THA,2013,ge,0.16
TMP,2013,ge,-1.25
TGO,2013,ge,-1.29
TON,2013,ge,-0.39
TTO,2013,ge,0.42
TUN,2013,ge,-0.06
TKM,2013,ge,-1.14
TUV,2013,ge,-0.66
TUR,2013,ge,0.4
UGA,2013,ge,-0.61
UKR,2013,ge,-0.66
ARE,2013,ge,1.19
GBR,2013,ge,1.51
USA,2013,ge,1.52
URY,2013,ge,0.4
UZB,2013,ge,-0.93
VUT,2013,ge,-0.18
VEN,2013,ge,-1.11
VNM,2013,ge,-0.25
VIR,2013,ge,1.27
WBG,2013,ge,-0.73
YEM,2013,ge,-1.23
ZMB,2013,ge,-0.52
ZWE,2013,ge,-1.31
AFG,2013,pv,-2.52
ALB,2013,pv,0.09
DZA,2013,pv,-1.2
ASM,2013,pv,0.93
ADO,2013,pv,1.28
AGO,2013,pv,-0.39
AIA,2013,pv,1.53
ATG,2013,pv,0.96
ARG,2013,pv,0.07
ARM,2013,pv,0.11
ABW,2013,pv,1.31
AUS,2013,pv,1.03
AUT,2013,pv,1.36
AZE,2013,pv,-0.41
BHS,2013,pv,1.13
BHR,2013,pv,-1.34
BGD,2013,pv,-1.63
BRB,2013,pv,1.27
BLR,2013,pv,0.01
BEL,2013,pv,0.94
BLZ,2013,pv,0.18
BEN,2013,pv,0.3
BMU,2013,pv,0.97
BTN,2013,pv,0.78
BOL,2013,pv,-0.33
BIH,2013,pv,-0.4
BWA,2013,pv,1.1
BRA,2013,pv,-0.26
BRN,2013,pv,1.07
BGR,2013,pv,0.17
BFA,2013,pv,-0.76
BDI,2013,pv,-1.35
KHM,2013,pv,-0.14
CMR,2013,pv,-0.53
CAN,2013,pv,1.06
CPV,2013,pv,0.78
CYM,2013,pv,1.02
CAF,2013,pv,-2.15
TCD,2013,pv,-1.09
CHL,2013,pv,0.36
CHN,2013,pv,-0.54
COL,2013,pv,-1.29
COM,2013,pv,-0.26
ZAR,2013,pv,-2.19
COG,2013,pv,-0.48
CRI,2013,pv,0.68
HRV,2013,pv,0.64
CUB,2013,pv,0.37
CYP,2013,pv,0.56
CZE,2013,pv,1.08
CIV,2013,pv,-1.05
DNK,2013,pv,0.96
DJI,2013,pv,-0.1
DMA,2013,pv,1.12
DOM,2013,pv,0.21
ECU,2013,pv,-0.18
EGY,2013,pv,-1.64
SLV,2013,pv,-0.03
GNQ,2013,pv,0.12
ERI,2013,pv,-0.77
EST,2013,pv,0.75
SWZ,2013,pv,-0.43
ETH,2013,pv,-1.41
FJI,2013,pv,-0.05
FIN,2013,pv,1.39
FRA,2013,pv,0.45
GUF,2013,pv,0.22
GAB,2013,pv,0.33
GMB,2013,pv,-0.05
GEO,2013,pv,-0.44
DEU,2013,pv,0.93
GHA,2013,pv,0.06
GRC,2013,pv,-0.17
GRL,2013,pv,1.93
GRD,2013,pv,0.43
GUM,2013,pv,0.8
GTM,2013,pv,-0.67
GIN,2013,pv,-1.23
GNB,2013,pv,-0.9
GUY,2013,pv,-0.46
HTI,2013,pv,-0.63
HND,2013,pv,-0.44
HKG,2013,pv,0.92
HUN,2013,pv,0.8
ISL,2013,pv,1.29
IND,2013,pv,-1.23
IDN,2013,pv,-0.52
IRN,2013,pv,-1.25
IRQ,2013,pv,-2.01
IRL,2013,pv,0.9
ISR,2013,pv,-1.1
ITA,2013,pv,0.5
JAM,2013,pv,0.18
JPN,2013,pv,1.02
JEY,2013,pv,1.49
JOR,2013,pv,-0.61
KAZ,2013,pv,-0.4
KEN,2013,pv,-1.17
KIR,2013,pv,1.28
PRK,2013,pv,-0.44
KOR,2013,pv,0.28
KSV,2013,pv,-0.97
KWT,2013,pv,0.17
KGZ,2013,pv,-0.91
LAO,2013,pv,0.07
LVA,2013,pv,0.59
LBN,2013,pv,-1.69
LSO,2013,pv,0.34
LBR,2013,pv,-0.48
LBY,2013,pv,-1.84
LIE,2013,pv,1.4
LTU,2013,pv,0.96
LUX,2013,pv,1.34
MAC,2013,pv,0.76
MDG,2013,pv,-0.66
MWI,2013,pv,-0.21
MYS,2013,pv,0.05
MDV,2013,pv,0.13
MLI,2013,pv,-1.72
MLT,2013,pv,1.04
MHL,2013,pv,1.05
MTQ,2013,pv,0.63
MRT,2013,pv,-1.01
MUS,2013,pv,0.94
MEX,2013,pv,-0.71
FSM,2013,pv,1.1
MDA,2013,pv,0
MCO,2013,pv,1.06
MNG,2013,pv,0.49
MNE,2013,pv,0.5
MAR,2013,pv,-0.49
MOZ,2013,pv,-0.23
MMR,2013,pv,-1.14
NAM,2013,pv,0.96
NRU,2013,pv,1.05
NPL,2013,pv,-1.13
NLD,2013,pv,1.14
ANT,2013,pv,0.68
NZL,2013,pv,1.45
NIC,2013,pv,-0.25
NER,2013,pv,-1.32
NGA,2013,pv,-2.09
MKD,2013,pv,-0.42
NOR,2013,pv,1.35
OMN,2013,pv,0.46
PAK,2013,pv,-2.6
PLW,2013,pv,1.05
PAN,2013,pv,-0.14
PNG,2013,pv,-0.52
PRY,2013,pv,-0.74
PER,2013,pv,-0.81
PHL,2013,pv,-1.08
POL,2013,pv,0.97
PRT,2013,pv,0.75
PRI,2013,pv,0.25
QAT,2013,pv,1.21
ROM,2013,pv,0.18
RUS,2013,pv,-0.74
RWA,2013,pv,-0.11
REU,2013,pv,0.42
WSM,2013,pv,0.99
SMR,2013,pv,1.05
SAU,2013,pv,-0.43
SEN,2013,pv,-0.06
SRB,2013,pv,-0.08
SYC,2013,pv,0.83
SLE,2013,pv,-0.17
SGP,2013,pv,1.38
SVK,2013,pv,1.12
SVN,2013,pv,0.88
SLB,2013,pv,0.3
SOM,2013,pv,-2.76
ZAF,2013,pv,-0.05
SSD,2013,pv,-1.73
ESP,2013,pv,0.01
LKA,2013,pv,-0.61
KNA,2013,pv,0.96
LCA,2013,pv,0.85
VCT,2013,pv,0.85
SDN,2013,pv,-2.19
SUR,2013,pv,0.13
SWE,2013,pv,1.13
CHE,2013,pv,1.4
SYR,2013,pv,-2.68
STP,2013,pv,0.11
TWN,2013,pv,0.87
TJK,2013,pv,-1.18
TZA,2013,pv,-0.16
THA,2013,pv,-1.31
TMP,2013,pv,-0.38
TGO,2013,pv,-0.35
TON,2013,pv,0.94
TTO,2013,pv,0.09
TUN,2013,pv,-0.9
TKM,2013,pv,0.25
TUV,2013,pv,1.28
TUR,2013,pv,-1.25
UGA,2013,pv,-0.84
UKR,2013,pv,-0.78
ARE,2013,pv,0.89
GBR,2013,pv,0.49
USA,2013,pv,0.64
URY,2013,pv,0.8
UZB,2013,pv,-0.54
VUT,2013,pv,1.16
VEN,2013,pv,-1.08
VNM,2013,pv,0.25
VIR,2013,pv,0.85
WBG,2013,pv,-1.78
YEM,2013,pv,-2.37
ZMB,2013,pv,0.44
ZWE,2013,pv,-0.67
AFG,2013,rl,-1.61
ALB,2013,rl,-0.52
DZA,2013,rl,-0.69
ASM,2013,rl,1.1
ADO,2013,rl,1.4
AGO,2013,rl,-1.29
AIA,2013,rl,1.36
ATG,2013,rl,0.83
ARG,2013,rl,-0.66
ARM,2013,rl,-0.34
ABW,2013,rl,1.29
AUS,2013,rl,1.77
AUT,2013,rl,1.83
AZE,2013,rl,-0.76
BHS,2013,rl,0.63
BHR,2013,rl,0.33
BGD,2013,rl,-0.87
BRB,2013,rl,1.04
BLR,2013,rl,-0.88
BEL,2013,rl,1.46
BLZ,2013,rl,-0.45
BEN,2013,rl,-0.57
BMU,2013,rl,1.1
BTN,2013,rl,0.32
BOL,2013,rl,-1.05
BIH,2013,rl,-0.14
BWA,2013,rl,0.49
BRA,2013,rl,-0.09
BRN,2013,rl,0.59
BGR,2013,rl,-0.15
BFA,2013,rl,-0.53
BDI,2013,rl,-1.08
KHM,2013,rl,-1.01
CMR,2013,rl,-1.06
CAN,2013,rl,1.75
CPV,2013,rl,0.55
CYM,2013,rl,0.9
CAF,2013,rl,-1.81
TCD,2013,rl,-1.4
CHL,2013,rl,1.26
CHN,2013,rl,-0.53
COL,2013,rl,-0.39
COM,2013,rl,-0.96
ZAR,2013,rl,-1.59
COG,2013,rl,-1.12
COK,2013,rl,-0.93
CRI,2013,rl,0.56
HRV,2013,rl,0.18
CUB,2013,rl,-0.7
CYP,2013,rl,1.03
CZE,2013,rl,1.02
CIV,2013,rl,-0.91
DNK,2013,rl,1.9
DJI,2013,rl,-0.77
DMA,2013,rl,0.72
DOM,2013,rl,-0.53
ECU,2013,rl,-0.87
EGY,2013,rl,-0.74
SLV,2013,rl,-0.64
GNQ,2013,rl,-1.17
ERI,2013,rl,-1.43
EST,2013,rl,1.19
SWZ,2013,rl,-0.49
ETH,2013,rl,-0.65
FJI,2013,rl,-0.73
FIN,2013,rl,1.96
FRA,2013,rl,1.4
GUF,2013,rl,1.12
GAB,2013,rl,-0.52
GMB,2013,rl,-0.65
GEO,2013,rl,0
DEU,2013,rl,1.64
GHA,2013,rl,0.15
GRC,2013,rl,0.47
GRL,2013,rl,1.69
GRD,2013,rl,0.2
GUM,2013,rl,1.1
GTM,2013,rl,-1.09
GIN,2013,rl,-1.38
GNB,2013,rl,-1.61
GUY,2013,rl,-0.52
HTI,2013,rl,-1.3
HND,2013,rl,-1.17
HKG,2013,rl,1.57
HUN,2013,rl,0.58
ISL,2013,rl,1.65
IND,2013,rl,-0.05
IDN,2013,rl,-0.53
IRN,2013,rl,-1
IRQ,2013,rl,-1.56
IRL,2013,rl,1.71
ISR,2013,rl,0.97
ITA,2013,rl,0.44
JAM,2013,rl,-0.32
JPN,2013,rl,1.44
JEY,2013,rl,1.69
JOR,2013,rl,0.38
KAZ,2013,rl,-0.72
KEN,2013,rl,-0.72
KIR,2013,rl,0.23
PRK,2013,rl,-1.38
KOR,2013,rl,0.95
KSV,2013,rl,-0.54
KWT,2013,rl,0.36
KGZ,2013,rl,-1.12
LAO,2013,rl,-0.8
LVA,2013,rl,0.76
LBN,2013,rl,-0.73
LSO,2013,rl,-0.2
LBR,2013,rl,-0.88
LBY,2013,rl,-1.26
LIE,2013,rl,1.58
LTU,2013,rl,0.83
LUX,2013,rl,1.81
MAC,2013,rl,0.64
MDG,2013,rl,-0.92
MWI,2013,rl,-0.16
MYS,2013,rl,0.34
MDV,2013,rl,-0.72
MLI,2013,rl,-0.75
MLT,2013,rl,1.33
MHL,2013,rl,0.24
MTQ,2013,rl,0.84
MRT,2013,rl,-1.01
MUS,2013,rl,0.97
MEX,2013,rl,-0.55
FSM,2013,rl,0.12
MDA,2013,rl,-0.37
MCO,2013,rl,0.93
MNG,2013,rl,-0.36
MNE,2013,rl,-0.03
MAR,2013,rl,-0.34
MOZ,2013,rl,-0.82
MMR,2013,rl,-1.24
NAM,2013,rl,0.32
NRU,2013,rl,0.62
NPL,2013,rl,-0.72
NLD,2013,rl,1.83
ANT,2013,rl,0.84
NZL,2013,rl,1.87
NIC,2013,rl,-0.67
NER,2013,rl,-0.67
NGA,2013,rl,-1.12
NIU,2013,rl,-0.79
MKD,2013,rl,-0.23
NOR,2013,rl,1.97
OMN,2013,rl,0.49
PAK,2013,rl,-0.86
PLW,2013,rl,0.9
PAN,2013,rl,-0.25
PNG,2013,rl,-0.94
PRY,2013,rl,-0.77
PER,2013,rl,-0.57
PHL,2013,rl,-0.47
POL,2013,rl,0.84
PRT,2013,rl,1.04
PRI,2013,rl,0.67
QAT,2013,rl,0.95
ROM,2013,rl,0.19
RUS,2013,rl,-0.82
RWA,2013,rl,-0.15
REU,2013,rl,0.84
WSM,2013,rl,0.75
SMR,2013,rl,0.93
SAU,2013,rl,0.15
SEN,2013,rl,-0.24
SRB,2013,rl,-0.3
SYC,2013,rl,0.17
SLE,2013,rl,-0.87
SGP,2013,rl,1.7
SVK,2013,rl,0.46
SVN,2013,rl,0.99
SLB,2013,rl,-0.51
SOM,2013,rl,-2.41
ZAF,2013,rl,0.14
SSD,2013,rl,-1.54
ESP,2013,rl,1.03
LKA,2013,rl,-0.27
KNA,2013,rl,0.97
LCA,2013,rl,0.77
VCT,2013,rl,0.96
SDN,2013,rl,-1.28
SUR,2013,rl,-0.05
SWE,2013,rl,1.95
CHE,2013,rl,1.8
SYR,2013,rl,-1.41
STP,2013,rl,-0.77
TWN,2013,rl,1.04
TJK,2013,rl,-1.26
TZA,2013,rl,-0.48
THA,2013,rl,-0.14
TMP,2013,rl,-1.21
TGO,2013,rl,-0.98
TON,2013,rl,0.02
TTO,2013,rl,-0.2
TUN,2013,rl,-0.18
TKM,2013,rl,-1.36
TUV,2013,rl,0.59
TUR,2013,rl,0
UGA,2013,rl,-0.35
UKR,2013,rl,-0.84
ARE,2013,rl,0.61
GBR,2013,rl,1.69
USA,2013,rl,1.55
URY,2013,rl,0.58
UZB,2013,rl,-1.24
VUT,2013,rl,0.37
VEN,2013,rl,-1.79
VNM,2013,rl,-0.52
VIR,2013,rl,0.84
WBG,2013,rl,-0.4
YEM,2013,rl,-1.19
ZMB,2013,rl,-0.26
ZWE,2013,rl,-1.59
AFG,2013,rq,-1.19
ALB,2013,rq,0.25
DZA,2013,rq,-1.14
ASM,2013,rq,0.36
ADO,2013,rq,1.56
AGO,2013,rq,-1.04
AIA,2013,rq,1.32
ATG,2013,rq,0.6
ARG,2013,rq,-0.93
ARM,2013,rq,0.24
ABW,2013,rq,1.42
AUS,2013,rq,1.79
AUT,2013,rq,1.48
AZE,2013,rq,-0.43
BHS,2013,rq,0.19
BHR,2013,rq,0.6
BGD,2013,rq,-0.92
BRB,2013,rq,0.45
BLR,2013,rq,-1.16
BEL,2013,rq,1.28
BLZ,2013,rq,-0.45
BEN,2013,rq,-0.42
BMU,2013,rq,1.32
BTN,2013,rq,-1.09
BOL,2013,rq,-0.79
BIH,2013,rq,-0.07
BWA,2013,rq,0.64
BRA,2013,rq,0.15
BRN,2013,rq,1.1
BGR,2013,rq,0.55
BFA,2013,rq,-0.2
BDI,2013,rq,-0.9
KHM,2013,rq,-0.35
CMR,2013,rq,-0.96
CAN,2013,rq,1.73
CPV,2013,rq,-0.12
CYM,2013,rq,1.11
CAF,2013,rq,-1.17
TCD,2013,rq,-1.01
CHL,2013,rq,1.48
CHN,2013,rq,-0.33
COL,2013,rq,0.34
COM,2013,rq,-1.22
ZAR,2013,rq,-1.26
COG,2013,rq,-1.35
COK,2013,rq,-1.16
CRI,2013,rq,0.75
HRV,2013,rq,0.37
CUB,2013,rq,-1.58
CYP,2013,rq,0.91
CZE,2013,rq,1.08
CIV,2013,rq,-0.75
DNK,2013,rq,1.8
DJI,2013,rq,-0.54
DMA,2013,rq,0.29
DOM,2013,rq,-0.02
ECU,2013,rq,-0.84
EGY,2013,rq,-0.56
SLV,2013,rq,0.23
GNQ,2013,rq,-1.54
ERI,2013,rq,-2.23
EST,2013,rq,1.44
SWZ,2013,rq,-0.15
ETH,2013,rq,-1.14
FJI,2013,rq,-0.53
FIN,2013,rq,1.84
FRA,2013,rq,1.15
GUF,2013,rq,1.28
GAB,2013,rq,-0.61
GMB,2013,rq,-0.38
GEO,2013,rq,0.73
DEU,2013,rq,1.54
GHA,2013,rq,0.06
GRC,2013,rq,0.63
GRL,2013,rq,1.39
GRD,2013,rq,0.25
GUM,2013,rq,0.6
GTM,2013,rq,-0.29
GIN,2013,rq,-1.02
GNB,2013,rq,-1.29
GUY,2013,rq,-0.61
HTI,2013,rq,-0.94
HND,2013,rq,-0.2
HKG,2013,rq,1.92
HUN,2013,rq,0.9
ISL,2013,rq,1.13
IND,2013,rq,-0.48
IDN,2013,rq,-0.12
IRN,2013,rq,-1.49
IRQ,2013,rq,-1.13
IRL,2013,rq,1.57
ISR,2013,rq,1.16
ITA,2013,rq,0.78
JAM,2013,rq,0.18
JPN,2013,rq,1.11
JEY,2013,rq,1.18
JOR,2013,rq,0.17
KAZ,2013,rq,-0.38
KEN,2013,rq,-0.33
KIR,2013,rq,-1.35
PRK,2013,rq,-2.52
KOR,2013,rq,0.99
KSV,2013,rq,-0.04
KWT,2013,rq,-0.07
KGZ,2013,rq,-0.33
LAO,2013,rq,-0.86
LVA,2013,rq,1.04
LBN,2013,rq,-0.08
LSO,2013,rq,-0.38
LBR,2013,rq,-0.92
LBY,2013,rq,-1.75
LIE,2013,rq,1.57
LTU,2013,rq,1.15
LUX,2013,rq,1.77
MAC,2013,rq,1.34
MDG,2013,rq,-0.66
MWI,2013,rq,-0.68
MYS,2013,rq,0.57
MDV,2013,rq,-0.46
MLI,2013,rq,-0.52
MLT,2013,rq,1.29
MHL,2013,rq,-1.11
MTQ,2013,rq,0.84
MRT,2013,rq,-0.67
MUS,2013,rq,0.89
MEX,2013,rq,0.42
FSM,2013,rq,-0.94
MDA,2013,rq,-0.09
MNG,2013,rq,-0.33
MNE,2013,rq,0.09
MAR,2013,rq,-0.09
MOZ,2013,rq,-0.42
MMR,2013,rq,-1.5
NAM,2013,rq,0.16
NRU,2013,rq,-1.38
NPL,2013,rq,-0.86
NLD,2013,rq,1.76
ANT,2013,rq,0.84
NZL,2013,rq,1.82
NIC,2013,rq,-0.31
NER,2013,rq,-0.58
NGA,2013,rq,-0.68
NIU,2013,rq,-0.92
MKD,2013,rq,0.25
NOR,2013,rq,1.66
OMN,2013,rq,0.47
PAK,2013,rq,-0.71
PLW,2013,rq,-0.99
PAN,2013,rq,0.45
PNG,2013,rq,-0.52
PRY,2013,rq,-0.25
PER,2013,rq,0.41
PHL,2013,rq,0.02
POL,2013,rq,1.05
PRT,2013,rq,0.8
PRI,2013,rq,0.85
QAT,2013,rq,0.74
ROM,2013,rq,0.63
RUS,2013,rq,-0.36
RWA,2013,rq,-0.03
REU,2013,rq,1.08
WSM,2013,rq,-0.27
SAU,2013,rq,0.08
SEN,2013,rq,-0.07
SRB,2013,rq,-0.06
SYC,2013,rq,-0.11
SLE,2013,rq,-0.72
SGP,2013,rq,1.96
SVK,2013,rq,0.93
SVN,2013,rq,0.62
SLB,2013,rq,-1.11
SOM,2013,rq,-2.21
ZAF,2013,rq,0.38
SSD,2013,rq,-1.52
ESP,2013,rq,0.93
LKA,2013,rq,-0.17
KNA,2013,rq,1.08
LCA,2013,rq,0.29
VCT,2013,rq,0.32
SDN,2013,rq,-1.46
SUR,2013,rq,-0.45
SWE,2013,rq,1.9
CHE,2013,rq,1.62
SYR,2013,rq,-1.55
STP,2013,rq,-0.81
TWN,2013,rq,1.14
TJK,2013,rq,-1.07
TZA,2013,rq,-0.35
THA,2013,rq,0.13
TMP,2013,rq,-0.99
TGO,2013,rq,-0.94
TON,2013,rq,-0.66
TTO,2013,rq,0.21
TUN,2013,rq,-0.29
TKM,2013,rq,-2.13
TUV,2013,rq,-1.31
TUR,2013,rq,0.46
UGA,2013,rq,-0.28
UKR,2013,rq,-0.59
ARE,2013,rq,0.77
GBR,2013,rq,1.76
USA,2013,rq,1.26
URY,2013,rq,0.72
UZB,2013,rq,-1.6
VUT,2013,rq,-0.54
VEN,2013,rq,-1.53
VNM,2013,rq,-0.65
VIR,2013,rq,0.6
WBG,2013,rq,0.12
YEM,2013,rq,-0.74
ZMB,2013,rq,-0.49
ZWE,2013,rq,-1.85
AFG,2013,va,-1.24
ALB,2013,va,0.05
DZA,2013,va,-0.89
ASM,2013,va,1
ADO,2013,va,1.41
AGO,2013,va,-1.11
AIA,2013,va,1
ATG,2013,va,0.62
ARG,2013,va,0.28
ARM,2013,va,-0.59
ABW,2013,va,1.28
AUS,2013,va,1.44
AUT,2013,va,1.46
AZE,2013,va,-1.4
BHS,2013,va,0.92
BHR,2013,va,-1.32
BGD,2013,va,-0.41
BRB,2013,va,1.14
BLR,2013,va,-1.54
BEL,2013,va,1.37
BLZ,2013,va,0.71
BEN,2013,va,0.16
BMU,2013,va,1
BTN,2013,va,-0.16
BOL,2013,va,-0.07
BIH,2013,va,-0.12
BWA,2013,va,0.49
BRA,2013,va,0.42
BRN,2013,va,-0.51
BGR,2013,va,0.34
BFA,2013,va,-0.26
BDI,2013,va,-0.95
KHM,2013,va,-0.98
CMR,2013,va,-1.04
CAN,2013,va,1.45
CPV,2013,va,0.92
CYM,2013,va,0.55
CAF,2013,va,-1.47
TCD,2013,va,-1.37
CHL,2013,va,1.11
CHN,2013,va,-1.63
COL,2013,va,-0.08
COM,2013,va,-0.46
ZAR,2013,va,-1.46
COG,2013,va,-1.12
COK,2013,va,-0.46
CRI,2013,va,1.08
HRV,2013,va,0.51
CUB,2013,va,-1.48
CYP,2013,va,0.98
CZE,2013,va,0.98
CIV,2013,va,-0.75
DNK,2013,va,1.67
DJI,2013,va,-1.47
DMA,2013,va,0.97
DOM,2013,va,0.12
ECU,2013,va,-0.25
EGY,2013,va,-1.05
SLV,2013,va,-0.01
GNQ,2013,va,-1.97
ERI,2013,va,-2.2
EST,2013,va,1.12
SWZ,2013,va,-1.26
ETH,2013,va,-1.31
FJI,2013,va,-0.91
FIN,2013,va,1.57
FRA,2013,va,1.22
GUF,2013,va,1.15
GAB,2013,va,-0.86
GMB,2013,va,-1.26
GEO,2013,va,0.14
DEU,2013,va,1.41
GHA,2013,va,0.44
GRC,2013,va,0.69
GRL,2013,va,1.28
GRD,2013,va,0.77
GUM,2013,va,0.78
GTM,2013,va,-0.37
GIN,2013,va,-1.02
GNB,2013,va,-1.34
GUY,2013,va,0.02
HTI,2013,va,-0.75
HND,2013,va,-0.47
HKG,2013,va,0.73
HUN,2013,va,0.74
ISL,2013,va,1.44
IND,2013,va,0.43
IDN,2013,va,0.04
IRN,2013,va,-1.61
IRQ,2013,va,-1.06
IRL,2013,va,1.31
ISR,2013,va,0.65
ITA,2013,va,0.95
JAM,2013,va,0.54
JPN,2013,va,1.11
JEY,2013,va,1.28
JOR,2013,va,-0.81
KAZ,2013,va,-1.24
KEN,2013,va,-0.21
KIR,2013,va,0.81
PRK,2013,va,-2.25
KOR,2013,va,0.71
KSV,2013,va,-0.25
KWT,2013,va,-0.66
KGZ,2013,va,-0.54
LAO,2013,va,-1.65
LVA,2013,va,0.77
LBN,2013,va,-0.41
LSO,2013,va,0.12
LBR,2013,va,-0.39
LBY,2013,va,-0.97
LIE,2013,va,1.49
LTU,2013,va,0.94
LUX,2013,va,1.63
MAC,2013,va,-0.27
MDG,2013,va,-0.76
MWI,2013,va,-0.18
MYS,2013,va,-0.34
MDV,2013,va,-0.45
MLI,2013,va,-0.28
MLT,2013,va,1.16
MHL,2013,va,1.19
MTQ,2013,va,0.56
MRT,2013,va,-0.96
MUS,2013,va,0.93
MEX,2013,va,0.11
FSM,2013,va,1
MDA,2013,va,-0.07
MCO,2013,va,0.82
MNG,2013,va,0.11
MNE,2013,va,0.18
MAR,2013,va,-0.7
MOZ,2013,va,-0.26
MMR,2013,va,-1.46
NAM,2013,va,0.4
NRU,2013,va,1.06
NPL,2013,va,-0.53
NLD,2013,va,1.57
ANT,2013,va,0.34
NZL,2013,va,1.61
NIC,2013,va,-0.46
NER,2013,va,-0.31
NGA,2013,va,-0.69
NIU,2013,va,-0.46
MKD,2013,va,-0.06
NOR,2013,va,1.74
OMN,2013,va,-1.04
PAK,2013,va,-0.8
PLW,2013,va,1.21
PAN,2013,va,0.42
PNG,2013,va,0
PRY,2013,va,-0.1
PER,2013,va,0.08
PHL,2013,va,0.01
POL,2013,va,1
PRT,2013,va,1.07
PRI,2013,va,0.68
QAT,2013,va,-0.98
ROM,2013,va,0.31
RUS,2013,va,-1.02
RWA,2013,va,-1.21
REU,2013,va,1.23
WSM,2013,va,0.4
SMR,2013,va,1.2
SAU,2013,va,-1.88
SEN,2013,va,0.06
SRB,2013,va,0.29
SYC,2013,va,0.02
SLE,2013,va,-0.34
SGP,2013,va,0.04
SVK,2013,va,0.96
SVN,2013,va,1
SLB,2013,va,0
SOM,2013,va,-2.17
ZAF,2013,va,0.6
SSD,2013,va,-1.44
ESP,2013,va,0.99
LKA,2013,va,-0.59
KNA,2013,va,1.12
LCA,2013,va,1.11
VCT,2013,va,1.03
SDN,2013,va,-1.78
SUR,2013,va,0.36
SWE,2013,va,1.66
CHE,2013,va,1.63
SYR,2013,va,-1.84
STP,2013,va,0.14
TWN,2013,va,0.89
TJK,2013,va,-1.5
TZA,2013,va,-0.2
THA,2013,va,-0.43
TMP,2013,va,0.09
TGO,2013,va,-0.9
TON,2013,va,0.46
TTO,2013,va,0.48
TUN,2013,va,-0.08
TKM,2013,va,-2.22
TUV,2013,va,0.71
TUR,2013,va,-0.25
UGA,2013,va,-0.55
UKR,2013,va,-0.32
ARE,2013,va,-1.02
GBR,2013,va,1.33
USA,2013,va,1.1
URY,2013,va,1.09
UZB,2013,va,-1.97
VUT,2013,va,0.44
VEN,2013,va,-0.95
VNM,2013,va,-1.37
VIR,2013,va,0.78
WBG,2013,va,-0.93
YEM,2013,va,-1.33
ZMB,2013,va,-0.11
ZWE,2013,va,-1.39
AFG,2014,cc,-1.36
ALB,2014,cc,-0.59
DZA,2014,cc,-0.61
ASM,2014,cc,1.22
ADO,2014,cc,1.22
AGO,2014,cc,-1.46
AIA,2014,cc,1.22
ATG,2014,cc,0.63
ARG,2014,cc,-0.55
ARM,2014,cc,-0.57
ABW,2014,cc,1.01
AUS,2014,cc,1.85
AUT,2014,cc,1.47
AZE,2014,cc,-1.02
BHS,2014,cc,1.31
BHR,2014,cc,0.27
BGD,2014,cc,-0.89
BRB,2014,cc,1.13
BLR,2014,cc,-0.23
BEL,2014,cc,1.51
BLZ,2014,cc,-0.16
BEN,2014,cc,-0.67
BMU,2014,cc,1.22
BTN,2014,cc,1.31
BOL,2014,cc,-0.63
BIH,2014,cc,-0.3
BWA,2014,cc,0.81
BRA,2014,cc,-0.37
BRN,2014,cc,0.53
BGR,2014,cc,-0.3
BFA,2014,cc,-0.47
BDI,2014,cc,-1.27
KHM,2014,cc,-1.15
CMR,2014,cc,-1.18
CAN,2014,cc,1.83
CPV,2014,cc,0.97
CYM,2014,cc,1.01
CAF,2014,cc,-1.17
TCD,2014,cc,-1.33
CHL,2014,cc,1.44
CHN,2014,cc,-0.34
COL,2014,cc,-0.4
COM,2014,cc,-0.59
ZAR,2014,cc,-1.32
COG,2014,cc,-1.2
CRI,2014,cc,0.73
HRV,2014,cc,0.2
CUB,2014,cc,0.06
CYP,2014,cc,1.07
CZE,2014,cc,0.43
CIV,2014,cc,-0.42
DNK,2014,cc,2.25
DJI,2014,cc,-0.6
DMA,2014,cc,0.69
DOM,2014,cc,-0.84
ECU,2014,cc,-0.74
EGY,2014,cc,-0.58
SLV,2014,cc,-0.38
GNQ,2014,cc,-1.54
ERI,2014,cc,-0.89
EST,2014,cc,1.3
SWZ,2014,cc,-0.26
ETH,2014,cc,-0.45
FJI,2014,cc,0.39
FIN,2014,cc,2.16
FRA,2014,cc,1.29
GUF,2014,cc,1.01
GAB,2014,cc,-0.68
GMB,2014,cc,-0.69
GEO,2014,cc,0.83
DEU,2014,cc,1.81
GHA,2014,cc,-0.2
GRC,2014,cc,-0.14
GRL,2014,cc,1.2
GRD,2014,cc,0.31
GUM,2014,cc,1.22
GTM,2014,cc,-0.76
GIN,2014,cc,-1.07
GNB,2014,cc,-1.56
GUY,2014,cc,-0.74
HTI,2014,cc,-1.24
HND,2014,cc,-0.79
HKG,2014,cc,1.62
HUN,2014,cc,0.16
ISL,2014,cc,1.82
IND,2014,cc,-0.46
IDN,2014,cc,-0.6
IRN,2014,cc,-0.63
IRQ,2014,cc,-1.36
IRL,2014,cc,1.69
ISR,2014,cc,0.86
ITA,2014,cc,0.01
JAM,2014,cc,-0.33
JPN,2014,cc,1.69
JEY,2014,cc,1.2
JOR,2014,cc,0.14
KAZ,2014,cc,-0.83
KEN,2014,cc,-0.94
KIR,2014,cc,0.29
PRK,2014,cc,-1.3
KOR,2014,cc,0.51
KSV,2014,cc,-0.49
KWT,2014,cc,-0.25
KGZ,2014,cc,-1.13
LAO,2014,cc,-0.85
LVA,2014,cc,0.41
LBN,2014,cc,-1.04
LSO,2014,cc,0.2
LBR,2014,cc,-0.78
LBY,2014,cc,-1.52
LIE,2014,cc,2.08
LTU,2014,cc,0.55
LUX,2014,cc,2.07
MAC,2014,cc,0.84
MDG,2014,cc,-0.84
MWI,2014,cc,-0.76
MYS,2014,cc,0.4
MDV,2014,cc,-0.32
MLI,2014,cc,-0.75
MLT,2014,cc,0.85
MHL,2014,cc,-0.01
MTQ,2014,cc,1.22
MRT,2014,cc,-0.93
MUS,2014,cc,0.32
MEX,2014,cc,-0.84
FSM,2014,cc,0.81
MDA,2014,cc,-0.85
MNG,2014,cc,-0.47
MNE,2014,cc,-0.08
MAR,2014,cc,-0.31
MOZ,2014,cc,-0.67
MMR,2014,cc,-0.88
NAM,2014,cc,0.26
NRU,2014,cc,-0.48
NPL,2014,cc,-0.59
NLD,2014,cc,1.96
NZL,2014,cc,2.25
NIC,2014,cc,-0.89
NER,2014,cc,-0.7
NGA,2014,cc,-1.28
MKD,2014,cc,-0.03
NOR,2014,cc,2.22
OMN,2014,cc,0.3
PAK,2014,cc,-0.84
PLW,2014,cc,-0.48
PAN,2014,cc,-0.37
PNG,2014,cc,-0.91
PRY,2014,cc,-1.01
PER,2014,cc,-0.6
PHL,2014,cc,-0.44
POL,2014,cc,0.68
PRT,2014,cc,0.91
PRI,2014,cc,0.46
QAT,2014,cc,0.98
ROM,2014,cc,-0.22
RUS,2014,cc,-0.92
RWA,2014,cc,0.78
REU,2014,cc,0.63
WSM,2014,cc,0.36
SAU,2014,cc,0.08
SEN,2014,cc,0.06
SRB,2014,cc,-0.25
SYC,2014,cc,0.58
SLE,2014,cc,-0.95
SGP,2014,cc,2.07
SVK,2014,cc,0.12
SVN,2014,cc,0.72
SLB,2014,cc,-0.27
SOM,2014,cc,-1.66
ZAF,2014,cc,-0.13
SSD,2014,cc,-1.61
ESP,2014,cc,0.69
LKA,2014,cc,-0.35
KNA,2014,cc,0.05
LCA,2014,cc,0.49
VCT,2014,cc,0.69
SDN,2014,cc,-1.46
SUR,2014,cc,-0.45
SWE,2014,cc,2.11
CHE,2014,cc,2.15
SYR,2014,cc,-1.56
STP,2014,cc,0.01
TWN,2014,cc,0.8
TJK,2014,cc,-1.13
TZA,2014,cc,-0.76
THA,2014,cc,-0.48
TMP,2014,cc,-0.53
TGO,2014,cc,-0.9
TON,2014,cc,-0.27
TTO,2014,cc,-0.46
TUN,2014,cc,-0.02
TKM,2014,cc,-1.18
TUV,2014,cc,0.03
TUR,2014,cc,-0.13
UGA,2014,cc,-1.1
UKR,2014,cc,-1.02
ARE,2014,cc,1.2
GBR,2014,cc,1.75
USA,2014,cc,1.37
URY,2014,cc,1.39
UZB,2014,cc,-1.19
VUT,2014,cc,0.48
VEN,2014,cc,-1.39
VNM,2014,cc,-0.44
VIR,2014,cc,0.63
WBG,2014,cc,-0.28
YEM,2014,cc,-1.57
ZMB,2014,cc,-0.35
ZWE,2014,cc,-1.4
AFG,2014,ge,-1.36
ALB,2014,ge,-0.05
DZA,2014,ge,-0.34
ASM,2014,ge,0.44
ADO,2014,ge,1.71
AGO,2014,ge,-1.06
AIA,2014,ge,0.95
ATG,2014,ge,-0.07
ARG,2014,ge,-0.11
ARM,2014,ge,-0.26
ABW,2014,ge,0.89
AUS,2014,ge,1.6
AUT,2014,ge,1.55
AZE,2014,ge,-0.31
BHS,2014,ge,0.73
BHR,2014,ge,0.54
BGD,2014,ge,-0.78
BRB,2014,ge,1.2
BLR,2014,ge,-0.49
BEL,2014,ge,1.52
BLZ,2014,ge,-0.54
BEN,2014,ge,-0.49
BMU,2014,ge,0.95
BTN,2014,ge,0.29
BOL,2014,ge,-0.58
BIH,2014,ge,-0.49
BWA,2014,ge,0.3
BRA,2014,ge,-0.18
BRN,2014,ge,1.08
BGR,2014,ge,-0.11
BFA,2014,ge,-0.59
BDI,2014,ge,-1.15
KHM,2014,ge,-0.7
CMR,2014,ge,-0.81
CAN,2014,ge,1.75
CPV,2014,ge,0.04
CYM,2014,ge,1.18
CAF,2014,ge,-1.88
TCD,2014,ge,-1.51
CHL,2014,ge,1.04
CHN,2014,ge,0.35
COL,2014,ge,-0.14
COM,2014,ge,-1.74
ZAR,2014,ge,-1.57
COG,2014,ge,-1.13
CRI,2014,ge,0.36
HRV,2014,ge,0.68
CUB,2014,ge,-0.04
CYP,2014,ge,1.14
CZE,2014,ge,1.03
CIV,2014,ge,-0.86
DNK,2014,ge,1.78
DJI,2014,ge,-1.02
DMA,2014,ge,0.16
DOM,2014,ge,-0.46
ECU,2014,ge,-0.39
EGY,2014,ge,-0.72
SLV,2014,ge,-0.03
GNQ,2014,ge,-1.16
ERI,2014,ge,-1.68
EST,2014,ge,1.01
SWZ,2014,ge,-0.5
ETH,2014,ge,-0.44
FJI,2014,ge,-0.4
FIN,2014,ge,2.03
FRA,2014,ge,1.41
GUF,2014,ge,1.12
GAB,2014,ge,-0.61
GMB,2014,ge,-0.72
GEO,2014,ge,0.42
DEU,2014,ge,1.66
GHA,2014,ge,-0.31
GRC,2014,ge,0.3
GRL,2014,ge,0.92
GRD,2014,ge,-0.06
GUM,2014,ge,0.44
GTM,2014,ge,-0.76
GIN,2014,ge,-1.24
GNB,2014,ge,-1.64
GUY,2014,ge,-0.22
HTI,2014,ge,-2.09
HND,2014,ge,-0.81
HKG,2014,ge,1.83
HUN,2014,ge,0.58
ISL,2014,ge,1.49
IND,2014,ge,-0.22
IDN,2014,ge,-0.07
IRN,2014,ge,-0.44
IRQ,2014,ge,-1.06
IRL,2014,ge,1.6
ISR,2014,ge,1.21
ITA,2014,ge,0.47
JAM,2014,ge,0.2
JPN,2014,ge,1.81
JEY,2014,ge,1.35
JOR,2014,ge,0.13
KAZ,2014,ge,-0.08
KEN,2014,ge,-0.36
KIR,2014,ge,-0.56
PRK,2014,ge,-1.64
KOR,2014,ge,1.04
KSV,2014,ge,-0.29
KWT,2014,ge,-0.16
KGZ,2014,ge,-0.87
LAO,2014,ge,-0.42
LVA,2014,ge,0.95
LBN,2014,ge,-0.26
LSO,2014,ge,-0.6
LBR,2014,ge,-1.34
LBY,2014,ge,-1.52
LIE,2014,ge,1.7
LTU,2014,ge,0.98
LUX,2014,ge,1.65
MAC,2014,ge,1.46
MDG,2014,ge,-1.32
MWI,2014,ge,-0.66
MYS,2014,ge,1.15
MDV,2014,ge,-0.23
MLI,2014,ge,-1.09
MLT,2014,ge,1.02
MHL,2014,ge,-1.79
MTQ,2014,ge,0.69
MRT,2014,ge,-0.99
MUS,2014,ge,1.15
MEX,2014,ge,0.13
FSM,2014,ge,-0.51
MDA,2014,ge,-0.42
MNG,2014,ge,-0.43
MNE,2014,ge,0.29
MAR,2014,ge,-0.14
MOZ,2014,ge,-0.74
MMR,2014,ge,-1.3
NAM,2014,ge,0.22
NRU,2014,ge,-0.56
NPL,2014,ge,-0.86
NLD,2014,ge,1.84
NZL,2014,ge,1.92
NIC,2014,ge,-0.84
NER,2014,ge,-0.71
NGA,2014,ge,-1.19
MKD,2014,ge,0.02
NOR,2014,ge,1.82
OMN,2014,ge,0.25
PAK,2014,ge,-0.76
PLW,2014,ge,-0.56
PAN,2014,ge,0.28
PNG,2014,ge,-0.61
PRY,2014,ge,-0.94
PER,2014,ge,-0.33
PHL,2014,ge,0.32
POL,2014,ge,0.77
PRT,2014,ge,0.98
PRI,2014,ge,0.36
QAT,2014,ge,0.96
ROM,2014,ge,0.22
RUS,2014,ge,-0.2
RWA,2014,ge,-0.05
REU,2014,ge,0.95
WSM,2014,ge,0.59
SAU,2014,ge,0.19
SEN,2014,ge,-0.4
SRB,2014,ge,0
SYC,2014,ge,0.51
SLE,2014,ge,-1.25
SGP,2014,ge,2.22
SVK,2014,ge,0.79
SVN,2014,ge,1
SLB,2014,ge,-1.12
SOM,2014,ge,-2.44
ZAF,2014,ge,0.17
SSD,2014,ge,-2.09
ESP,2014,ge,1.17
LKA,2014,ge,0.07
KNA,2014,ge,-0.07
LCA,2014,ge,0.04
VCT,2014,ge,0.22
SDN,2014,ge,-1.56
SUR,2014,ge,-0.18
SWE,2014,ge,1.68
CHE,2014,ge,2.1
SYR,2014,ge,-1.41
STP,2014,ge,-0.87
TWN,2014,ge,1.36
TJK,2014,ge,-0.79
TZA,2014,ge,-0.66
THA,2014,ge,0.26
TMP,2014,ge,-1.21
TGO,2014,ge,-1.27
TON,2014,ge,0
TTO,2014,ge,0.33
TUN,2014,ge,-0.07
TKM,2014,ge,-0.53
TUV,2014,ge,-0.97
TUR,2014,ge,0.39
UGA,2014,ge,-0.54
UKR,2014,ge,-0.4
ARE,2014,ge,1.45
GBR,2014,ge,1.62
USA,2014,ge,1.46
URY,2014,ge,0.44
UZB,2014,ge,-0.64
VUT,2014,ge,-0.52
VEN,2014,ge,-1.18
VNM,2014,ge,-0.05
VIR,2014,ge,1.2
WBG,2014,ge,-0.49
YEM,2014,ge,-1.44
ZMB,2014,ge,-0.53
ZWE,2014,ge,-1.28
AFG,2014,pv,-2.41
ALB,2014,pv,0.49
DZA,2014,pv,-1.19
ASM,2014,pv,1.08
ADO,2014,pv,1.29
AGO,2014,pv,-0.33
AIA,2014,pv,1.16
ATG,2014,pv,0.98
ARG,2014,pv,-0.01
ARM,2014,pv,-0.3
ABW,2014,pv,1.16
AUS,2014,pv,1.03
AUT,2014,pv,1.27
AZE,2014,pv,-0.56
BHS,2014,pv,0.96
BHR,2014,pv,-0.91
BGD,2014,pv,-0.9
BRB,2014,pv,1.28
BLR,2014,pv,0.18
BEL,2014,pv,0.7
BLZ,2014,pv,0.05
BEN,2014,pv,0.03
BMU,2014,pv,0.91
BTN,2014,pv,1.07
BOL,2014,pv,-0.33
BIH,2014,pv,-0.02
BWA,2014,pv,1.01
BRA,2014,pv,-0.07
BRN,2014,pv,1.26
BGR,2014,pv,0.08
BFA,2014,pv,-0.79
BDI,2014,pv,-0.78
KHM,2014,pv,0.02
CMR,2014,pv,-1.06
CAN,2014,pv,1.18
CPV,2014,pv,0.35
CYM,2014,pv,1.05
CAF,2014,pv,-2.7
TCD,2014,pv,-1.57
CHL,2014,pv,0.45
CHN,2014,pv,-0.52
COL,2014,pv,-1.11
COM,2014,pv,-0.19
ZAR,2014,pv,-2.17
COG,2014,pv,-0.36
CRI,2014,pv,0.58
HRV,2014,pv,0.62
CUB,2014,pv,0.54
CYP,2014,pv,0.55
CZE,2014,pv,0.99
CIV,2014,pv,-1.04
DNK,2014,pv,0.95
DJI,2014,pv,-0.77
DMA,2014,pv,1.06
DOM,2014,pv,0.15
ECU,2014,pv,-0.02
EGY,2014,pv,-1.63
SLV,2014,pv,-0.02
GNQ,2014,pv,-0.37
ERI,2014,pv,-0.81
EST,2014,pv,0.78
SWZ,2014,pv,-0.5
ETH,2014,pv,-1.34
FJI,2014,pv,0.55
FIN,2014,pv,1.28
FRA,2014,pv,0.3
GUF,2014,pv,0.53
GAB,2014,pv,0.15
GMB,2014,pv,-0.15
GEO,2014,pv,-0.32
DEU,2014,pv,0.93
GHA,2014,pv,-0.11
GRC,2014,pv,-0.14
GRL,2014,pv,1.92
GRD,2014,pv,0.77
GUM,2014,pv,0.75
GTM,2014,pv,-0.66
GIN,2014,pv,-0.96
GNB,2014,pv,-0.71
GUY,2014,pv,-0.14
HTI,2014,pv,-0.64
HND,2014,pv,-0.53
HKG,2014,pv,1.15
HUN,2014,pv,0.67
ISL,2014,pv,1.25
IND,2014,pv,-1
IDN,2014,pv,-0.42
IRN,2014,pv,-0.87
IRQ,2014,pv,-2.48
IRL,2014,pv,1.05
ISR,2014,pv,-1.04
ITA,2014,pv,0.46
JAM,2014,pv,0.02
JPN,2014,pv,0.97
JEY,2014,pv,1.46
JOR,2014,pv,-0.54
KAZ,2014,pv,0.04
KEN,2014,pv,-1.28
KIR,2014,pv,0.8
PRK,2014,pv,-1.13
KOR,2014,pv,0.11
KSV,2014,pv,-0.34
KWT,2014,pv,0.15
KGZ,2014,pv,-0.8
LAO,2014,pv,0.5
LVA,2014,pv,0.49
LBN,2014,pv,-1.7
LSO,2014,pv,-0.33
LBR,2014,pv,-0.62
LBY,2014,pv,-2.35
LIE,2014,pv,1.46
LTU,2014,pv,0.74
LUX,2014,pv,1.38
MAC,2014,pv,1.21
MDG,2014,pv,-0.56
MWI,2014,pv,0.08
MYS,2014,pv,0.27
MDV,2014,pv,0.68
MLI,2014,pv,-1.71
MLT,2014,pv,1.13
MHL,2014,pv,0.99
MTQ,2014,pv,0.91
MRT,2014,pv,-0.59
MUS,2014,pv,0.67
MEX,2014,pv,-0.85
FSM,2014,pv,0.98
MDA,2014,pv,-0.16
MCO,2014,pv,1.02
MNG,2014,pv,0.79
MNE,2014,pv,0.22
MAR,2014,pv,-0.45
MOZ,2014,pv,-0.34
MMR,2014,pv,-1.09
NAM,2014,pv,0.61
NRU,2014,pv,0.6
NPL,2014,pv,-0.72
NLD,2014,pv,1.05
NZL,2014,pv,1.47
NIC,2014,pv,-0.04
NER,2014,pv,-1.18
NGA,2014,pv,-2.13
MKD,2014,pv,0.26
NOR,2014,pv,1.12
OMN,2014,pv,0.73
PAK,2014,pv,-2.4
PLW,2014,pv,0.99
PAN,2014,pv,0.21
PNG,2014,pv,-0.34
PRY,2014,pv,-0.09
PER,2014,pv,-0.55
PHL,2014,pv,-0.71
POL,2014,pv,0.84
PRT,2014,pv,0.81
PRI,2014,pv,0.82
QAT,2014,pv,0.98
ROM,2014,pv,0.05
RUS,2014,pv,-0.94
RWA,2014,pv,-0.31
REU,2014,pv,0.26
WSM,2014,pv,1.12
SMR,2014,pv,0.99
SAU,2014,pv,-0.29
SEN,2014,pv,-0.2
SRB,2014,pv,0.18
SYC,2014,pv,0.36
SLE,2014,pv,-0.1
SGP,2014,pv,1.19
SVK,2014,pv,1.04
SVN,2014,pv,0.97
SLB,2014,pv,0.47
SOM,2014,pv,-2.52
ZAF,2014,pv,-0.15
SSD,2014,pv,-2.65
ESP,2014,pv,0.24
LKA,2014,pv,-0.33
KNA,2014,pv,0.57
LCA,2014,pv,0.82
VCT,2014,pv,0.82
SDN,2014,pv,-2.36
SUR,2014,pv,0.25
SWE,2014,pv,1.07
CHE,2014,pv,1.4
SYR,2014,pv,-2.75
STP,2014,pv,0.18
TWN,2014,pv,0.77
TJK,2014,pv,-0.69
TZA,2014,pv,-0.6
THA,2014,pv,-0.91
TMP,2014,pv,-0.18
TGO,2014,pv,-0.17
TON,2014,pv,0.85
TTO,2014,pv,0.25
TUN,2014,pv,-0.85
TKM,2014,pv,0.07
TUV,2014,pv,1.3
TUR,2014,pv,-1.09
UGA,2014,pv,-0.94
UKR,2014,pv,-2.02
ARE,2014,pv,0.77
GBR,2014,pv,0.42
USA,2014,pv,0.58
URY,2014,pv,0.99
UZB,2014,pv,-0.27
VUT,2014,pv,0.64
VEN,2014,pv,-0.85
VNM,2014,pv,-0.02
VIR,2014,pv,1.16
WBG,2014,pv,-1.99
YEM,2014,pv,-2.67
ZMB,2014,pv,0.16
ZWE,2014,pv,-0.71
AFG,2014,rl,-1.44
ALB,2014,rl,-0.31
DZA,2014,rl,-0.8
ASM,2014,rl,1.41
ADO,2014,rl,1.64
AGO,2014,rl,-1.07
AIA,2014,rl,0.02
ATG,2014,rl,-0.18
ARG,2014,rl,-0.87
ARM,2014,rl,-0.42
ABW,2014,rl,1.04
AUS,2014,rl,1.92
AUT,2014,rl,1.94
AZE,2014,rl,-0.7
BHS,2014,rl,0.66
BHR,2014,rl,0.41
BGD,2014,rl,-0.78
BRB,2014,rl,1.08
BLR,2014,rl,-0.82
BEL,2014,rl,1.55
BLZ,2014,rl,-0.81
BEN,2014,rl,-0.49
BMU,2014,rl,0.02
BTN,2014,rl,0.42
BOL,2014,rl,-1.06
BIH,2014,rl,-0.13
BWA,2014,rl,0.54
BRA,2014,rl,-0.05
BRN,2014,rl,0.47
BGR,2014,rl,-0.08
BFA,2014,rl,-0.55
BDI,2014,rl,-0.97
KHM,2014,rl,-0.95
CMR,2014,rl,-0.9
CAN,2014,rl,1.89
CPV,2014,rl,0.66
CYM,2014,rl,0.59
CAF,2014,rl,-1.71
TCD,2014,rl,-1.15
CHL,2014,rl,1.35
CHN,2014,rl,-0.4
COL,2014,rl,-0.25
COM,2014,rl,-0.9
ZAR,2014,rl,-1.46
COG,2014,rl,-1.12
CRI,2014,rl,0.58
HRV,2014,rl,0.22
CUB,2014,rl,-0.65
CYP,2014,rl,1.07
CZE,2014,rl,1.14
CIV,2014,rl,-0.59
DNK,2014,rl,2.1
DJI,2014,rl,-0.88
DMA,2014,rl,0.55
DOM,2014,rl,-0.38
ECU,2014,rl,-0.97
EGY,2014,rl,-0.7
SLV,2014,rl,-0.47
GNQ,2014,rl,-1.32
ERI,2014,rl,-1.57
EST,2014,rl,1.37
SWZ,2014,rl,-0.31
ETH,2014,rl,-0.47
FJI,2014,rl,-0.51
FIN,2014,rl,2.12
FRA,2014,rl,1.45
GUF,2014,rl,1.06
GAB,2014,rl,-0.47
GMB,2014,rl,-0.7
GEO,2014,rl,0.22
DEU,2014,rl,1.85
GHA,2014,rl,0.06
GRC,2014,rl,0.37
GRL,2014,rl,1.73
GRD,2014,rl,-0.14
GUM,2014,rl,1.41
GTM,2014,rl,-0.96
GIN,2014,rl,-1.37
GNB,2014,rl,-1.34
GUY,2014,rl,-0.61
HTI,2014,rl,-1.18
HND,2014,rl,-0.94
HKG,2014,rl,1.86
HUN,2014,rl,0.51
ISL,2014,rl,1.7
IND,2014,rl,-0.07
IDN,2014,rl,-0.31
IRN,2014,rl,-1.05
IRQ,2014,rl,-1.45
IRL,2014,rl,1.76
ISR,2014,rl,1.11
ITA,2014,rl,0.42
JAM,2014,rl,-0.24
JPN,2014,rl,1.6
JEY,2014,rl,1.73
JOR,2014,rl,0.47
KAZ,2014,rl,-0.61
KEN,2014,rl,-0.41
KIR,2014,rl,-0.1
PRK,2014,rl,-1.62
KOR,2014,rl,1.01
KSV,2014,rl,-0.46
KWT,2014,rl,0.02
KGZ,2014,rl,-0.94
LAO,2014,rl,-0.76
LVA,2014,rl,0.87
LBN,2014,rl,-0.72
LSO,2014,rl,-0.21
LBR,2014,rl,-0.8
LBY,2014,rl,-1.39
LIE,2014,rl,1.74
LTU,2014,rl,0.94
LUX,2014,rl,1.9
MAC,2014,rl,0.95
MDG,2014,rl,-0.74
MWI,2014,rl,-0.29
MYS,2014,rl,0.52
MDV,2014,rl,-0.49
MLI,2014,rl,-0.64
MLT,2014,rl,1.19
MHL,2014,rl,-0.2
MTQ,2014,rl,0.02
MRT,2014,rl,-0.87
MUS,2014,rl,0.95
MEX,2014,rl,-0.41
FSM,2014,rl,-0.24
MDA,2014,rl,-0.25
MNG,2014,rl,-0.33
MNE,2014,rl,0.01
MAR,2014,rl,-0.13
MOZ,2014,rl,-0.81
MMR,2014,rl,-1.19
NAM,2014,rl,0.21
NRU,2014,rl,-1.01
NPL,2014,rl,-0.65
NLD,2014,rl,1.97
NZL,2014,rl,2
NIC,2014,rl,-0.71
NER,2014,rl,-0.65
NGA,2014,rl,-1.06
MKD,2014,rl,-0.06
NOR,2014,rl,2.02
OMN,2014,rl,0.49
PAK,2014,rl,-0.75
PLW,2014,rl,0.28
PAN,2014,rl,-0.06
PNG,2014,rl,-0.77
PRY,2014,rl,-0.6
PER,2014,rl,-0.52
PHL,2014,rl,-0.37
POL,2014,rl,0.87
PRT,2014,rl,1.12
PRI,2014,rl,0.77
QAT,2014,rl,0.86
ROM,2014,rl,0.24
RUS,2014,rl,-0.77
RWA,2014,rl,0.07
REU,2014,rl,1.18
WSM,2014,rl,0.8
SAU,2014,rl,0.13
SEN,2014,rl,-0.08
SRB,2014,rl,-0.09
SYC,2014,rl,0.25
SLE,2014,rl,-0.94
SGP,2014,rl,1.82
SVK,2014,rl,0.49
SVN,2014,rl,1
SLB,2014,rl,-0.49
SOM,2014,rl,-2.36
ZAF,2014,rl,0.16
SSD,2014,rl,-1.85
ESP,2014,rl,0.97
LKA,2014,rl,-0.15
KNA,2014,rl,-0.67
LCA,2014,rl,0.63
VCT,2014,rl,0.61
SDN,2014,rl,-1.17
SUR,2014,rl,-0.14
SWE,2014,rl,1.98
CHE,2014,rl,1.99
SYR,2014,rl,-1.36
STP,2014,rl,-0.79
TWN,2014,rl,1.19
TJK,2014,rl,-1.01
TZA,2014,rl,-0.4
THA,2014,rl,-0.22
TMP,2014,rl,-1.11
TGO,2014,rl,-0.86
TON,2014,rl,-0.16
TTO,2014,rl,-0.11
TUN,2014,rl,-0.07
TKM,2014,rl,-1.34
TUV,2014,rl,0.51
TUR,2014,rl,-0.08
UGA,2014,rl,-0.39
UKR,2014,rl,-0.83
ARE,2014,rl,0.65
GBR,2014,rl,1.87
USA,2014,rl,1.61
URY,2014,rl,0.76
UZB,2014,rl,-1.13
VUT,2014,rl,0.23
VEN,2014,rl,-1.91
VNM,2014,rl,-0.36
VIR,2014,rl,0.02
WBG,2014,rl,-0.38
YEM,2014,rl,-1.2
ZMB,2014,rl,-0.22
ZWE,2014,rl,-1.44
AFG,2014,rq,-1.12
ALB,2014,rq,0.28
DZA,2014,rq,-1.3
ASM,2014,rq,0.18
ADO,2014,rq,0.88
AGO,2014,rq,-0.86
AIA,2014,rq,0.88
ATG,2014,rq,0.53
ARG,2014,rq,-1.07
ARM,2014,rq,0.16
ABW,2014,rq,1.25
AUS,2014,rq,1.86
AUT,2014,rq,1.48
AZE,2014,rq,-0.27
BHS,2014,rq,0.17
BHR,2014,rq,0.7
BGD,2014,rq,-0.96
BRB,2014,rq,0.34
BLR,2014,rq,-1.1
BEL,2014,rq,1.15
BLZ,2014,rq,-0.46
BEN,2014,rq,-0.62
BMU,2014,rq,0.88
BTN,2014,rq,-1.01
BOL,2014,rq,-0.89
BIH,2014,rq,-0.04
BWA,2014,rq,0.76
BRA,2014,rq,-0.03
BRN,2014,rq,0.98
BGR,2014,rq,0.59
BFA,2014,rq,-0.34
BDI,2014,rq,-0.73
KHM,2014,rq,-0.44
CMR,2014,rq,-0.9
CAN,2014,rq,1.84
CPV,2014,rq,-0.24
CYM,2014,rq,0.85
CAF,2014,rq,-1.39
TCD,2014,rq,-1.16
CHL,2014,rq,1.48
CHN,2014,rq,-0.33
COL,2014,rq,0.44
COM,2014,rq,-1.12
ZAR,2014,rq,-1.37
COG,2014,rq,-1.22
CRI,2014,rq,0.66
HRV,2014,rq,0.28
CUB,2014,rq,-1.32
CYP,2014,rq,1.09
CZE,2014,rq,1
CIV,2014,rq,-0.62
DNK,2014,rq,1.68
DJI,2014,rq,-0.58
DMA,2014,rq,0.28
DOM,2014,rq,0.03
ECU,2014,rq,-0.92
EGY,2014,rq,-0.69
SLV,2014,rq,0.22
GNQ,2014,rq,-1.47
ERI,2014,rq,-2.09
EST,2014,rq,1.67
SWZ,2014,rq,-0.22
ETH,2014,rq,-1.08
FJI,2014,rq,-0.26
FIN,2014,rq,1.88
FRA,2014,rq,1.07
GUF,2014,rq,1.45
GAB,2014,rq,-0.69
GMB,2014,rq,-0.5
GEO,2014,rq,0.76
DEU,2014,rq,1.7
GHA,2014,rq,-0.05
GRC,2014,rq,0.33
GRL,2014,rq,1.37
GRD,2014,rq,0.18
GUM,2014,rq,0.18
GTM,2014,rq,-0.28
GIN,2014,rq,-1.07
GNB,2014,rq,-1.21
GUY,2014,rq,-0.53
HTI,2014,rq,-1.08
HND,2014,rq,-0.41
HKG,2014,rq,2.05
HUN,2014,rq,0.75
ISL,2014,rq,1.21
IND,2014,rq,-0.48
IDN,2014,rq,-0.01
IRN,2014,rq,-1.46
IRQ,2014,rq,-1.13
IRL,2014,rq,1.76
ISR,2014,rq,1.21
ITA,2014,rq,0.64
JAM,2014,rq,0.07
JPN,2014,rq,1.14
JEY,2014,rq,1.16
JOR,2014,rq,0.1
KAZ,2014,rq,-0.24
KEN,2014,rq,-0.35
KIR,2014,rq,-0.93
PRK,2014,rq,-2.19
KOR,2014,rq,1.13
KSV,2014,rq,-0.16
KWT,2014,rq,-0.15
KGZ,2014,rq,-0.45
LAO,2014,rq,-0.88
LVA,2014,rq,1.17
LBN,2014,rq,-0.3
LSO,2014,rq,-0.44
LBR,2014,rq,-0.88
LBY,2014,rq,-2.1
LIE,2014,rq,1.42
LTU,2014,rq,1.19
LUX,2014,rq,1.63
MAC,2014,rq,1.73
MDG,2014,rq,-0.72
MWI,2014,rq,-0.82
MYS,2014,rq,0.8
MDV,2014,rq,-0.37
MLI,2014,rq,-0.63
MLT,2014,rq,1.08
MHL,2014,rq,-1
MTQ,2014,rq,1.23
MRT,2014,rq,-0.83
MUS,2014,rq,1.2
MEX,2014,rq,0.36
FSM,2014,rq,-1.05
MDA,2014,rq,0.01
MNG,2014,rq,-0.28
MNE,2014,rq,0.18
MAR,2014,rq,-0.03
MOZ,2014,rq,-0.44
MMR,2014,rq,-1.4
NAM,2014,rq,0.08
NRU,2014,rq,-1.24
NPL,2014,rq,-0.85
NLD,2014,rq,1.76
NZL,2014,rq,1.94
NIC,2014,rq,-0.41
NER,2014,rq,-0.74
NGA,2014,rq,-0.84
MKD,2014,rq,0.42
NOR,2014,rq,1.64
OMN,2014,rq,0.69
PAK,2014,rq,-0.69
PLW,2014,rq,-0.82
PAN,2014,rq,0.48
PNG,2014,rq,-0.35
PRY,2014,rq,-0.21
PER,2014,rq,0.47
PHL,2014,rq,0.08
POL,2014,rq,1.06
PRT,2014,rq,0.75
PRI,2014,rq,0.89
QAT,2014,rq,0.57
ROM,2014,rq,0.6
RUS,2014,rq,-0.4
RWA,2014,rq,0.19
REU,2014,rq,1.23
WSM,2014,rq,-0.21
SAU,2014,rq,-0.01
SEN,2014,rq,-0.26
SRB,2014,rq,0.18
SYC,2014,rq,-0.27
SLE,2014,rq,-0.82
SGP,2014,rq,2.23
SVK,2014,rq,0.89
SVN,2014,rq,0.66
SLB,2014,rq,-1.1
SOM,2014,rq,-2.07
ZAF,2014,rq,0.23
SSD,2014,rq,-1.64
ESP,2014,rq,0.75
LKA,2014,rq,-0.11
KNA,2014,rq,0.53
LCA,2014,rq,0.27
VCT,2014,rq,0.36
SDN,2014,rq,-1.45
SUR,2014,rq,-0.63
SWE,2014,rq,1.81
CHE,2014,rq,1.8
SYR,2014,rq,-1.68
STP,2014,rq,-0.83
TWN,2014,rq,1.3
TJK,2014,rq,-1.04
TZA,2014,rq,-0.36
THA,2014,rq,0.17
TMP,2014,rq,-0.91
TGO,2014,rq,-0.85
TON,2014,rq,-0.43
TTO,2014,rq,0.15
TUN,2014,rq,-0.34
TKM,2014,rq,-2.1
TUV,2014,rq,-0.88
TUR,2014,rq,0.43
UGA,2014,rq,-0.26
UKR,2014,rq,-0.59
ARE,2014,rq,0.99
GBR,2014,rq,1.82
USA,2014,rq,1.28
URY,2014,rq,0.72
UZB,2014,rq,-1.73
VUT,2014,rq,-0.33
VEN,2014,rq,-1.74
VNM,2014,rq,-0.6
VIR,2014,rq,0.53
WBG,2014,rq,0.21
YEM,2014,rq,-0.91
ZMB,2014,rq,-0.53
ZWE,2014,rq,-1.89
AFG,2014,va,-1.14
ALB,2014,va,0.14
DZA,2014,va,-0.81
ADO,2014,va,1.17
AGO,2014,va,-1.15
ATG,2014,va,0.56
ARG,2014,va,0.35
ARM,2014,va,-0.56
ABW,2014,va,1.28
AUS,2014,va,1.36
AUT,2014,va,1.39
AZE,2014,va,-1.48
BHS,2014,va,1.05
BHR,2014,va,-1.31
BGD,2014,va,-0.47
BRB,2014,va,1.15
BLR,2014,va,-1.44
BEL,2014,va,1.37
BLZ,2014,va,0.52
BEN,2014,va,0.26
BTN,2014,va,-0.1
BOL,2014,va,-0.03
BIH,2014,va,-0.07
BWA,2014,va,0.45
BRA,2014,va,0.47
BRN,2014,va,-0.63
BGR,2014,va,0.37
BFA,2014,va,-0.35
BDI,2014,va,-1.04
KHM,2014,va,-1.11
CMR,2014,va,-0.94
CAN,2014,va,1.41
CPV,2014,va,0.96
CYM,2014,va,0.47
CAF,2014,va,-1.39
TCD,2014,va,-1.33
CHL,2014,va,1.06
CHN,2014,va,-1.62
COL,2014,va,-0.04
COM,2014,va,-0.29
ZAR,2014,va,-1.29
COG,2014,va,-1.11
CRI,2014,va,1.14
HRV,2014,va,0.51
CUB,2014,va,-1.54
CYP,2014,va,1.02
CZE,2014,va,1.03
CIV,2014,va,-0.51
DNK,2014,va,1.52
DJI,2014,va,-1.43
DMA,2014,va,1.07
DOM,2014,va,0.19
ECU,2014,va,-0.2
EGY,2014,va,-1.18
SLV,2014,va,0.15
GNQ,2014,va,-1.98
ERI,2014,va,-2.11
EST,2014,va,1.17
SWZ,2014,va,-1.34
ETH,2014,va,-1.28
FJI,2014,va,-0.18
FIN,2014,va,1.54
FRA,2014,va,1.22
GUF,2014,va,1.28
GAB,2014,va,-0.87
GMB,2014,va,-1.27
GEO,2014,va,0.28
DEU,2014,va,1.44
GHA,2014,va,0.46
GRC,2014,va,0.62
GRL,2014,va,1.28
GRD,2014,va,0.91
GTM,2014,va,-0.34
GIN,2014,va,-0.86
GNB,2014,va,-0.85
GUY,2014,va,0.16
HTI,2014,va,-0.79
HND,2014,va,-0.41
HKG,2014,va,0.54
HUN,2014,va,0.55
ISL,2014,va,1.36
IND,2014,va,0.41
IDN,2014,va,0.15
IRN,2014,va,-1.58
IRQ,2014,va,-1.14
IRL,2014,va,1.32
ISR,2014,va,0.73
ITA,2014,va,1
JAM,2014,va,0.56
JPN,2014,va,1.04
JEY,2014,va,1.28
JOR,2014,va,-0.75
KAZ,2014,va,-1.18
KEN,2014,va,-0.15
KIR,2014,va,0.94
PRK,2014,va,-2.19
KOR,2014,va,0.68
KSV,2014,va,-0.2
KWT,2014,va,-0.66
KGZ,2014,va,-0.46
LAO,2014,va,-1.73
LVA,2014,va,0.85
LBN,2014,va,-0.42
LSO,2014,va,0.16
LBR,2014,va,-0.28
LBY,2014,va,-1.11
LIE,2014,va,1.4
LTU,2014,va,0.96
LUX,2014,va,1.55
MAC,2014,va,-0.33
MDG,2014,va,-0.5
MWI,2014,va,-0.06
MYS,2014,va,-0.36
MDV,2014,va,-0.35
MLI,2014,va,-0.16
MLT,2014,va,1.18
MHL,2014,va,1.15
MRT,2014,va,-0.9
MUS,2014,va,0.94
MEX,2014,va,0
FSM,2014,va,1.11
MDA,2014,va,0.01
MCO,2014,va,0.99
MNG,2014,va,0.24
MNE,2014,va,0.16
MAR,2014,va,-0.69
MOZ,2014,va,-0.25
MMR,2014,va,-1.34
NAM,2014,va,0.55
NRU,2014,va,0.81
NPL,2014,va,-0.43
NLD,2014,va,1.55
NZL,2014,va,1.52
NIC,2014,va,-0.4
NER,2014,va,-0.19
NGA,2014,va,-0.59
MKD,2014,va,-0.14
NOR,2014,va,1.68
OMN,2014,va,-1.09
PAK,2014,va,-0.72
PLW,2014,va,1.18
PAN,2014,va,0.51
PNG,2014,va,0.01
PRY,2014,va,-0.1
PER,2014,va,0.19
PHL,2014,va,0.16
POL,2014,va,1.11
PRT,2014,va,1.11
PRI,2014,va,0.78
QAT,2014,va,-1.13
ROM,2014,va,0.43
RUS,2014,va,-1.04
RWA,2014,va,-1.11
WSM,2014,va,0.67
SMR,2014,va,1.17
SAU,2014,va,-1.88
SEN,2014,va,0.29
SRB,2014,va,0.21
SYC,2014,va,-0.05
SLE,2014,va,-0.29
SGP,2014,va,-0.1
SVK,2014,va,0.96
SVN,2014,va,0.96
SLB,2014,va,0.23
SOM,2014,va,-2.11
ZAF,2014,va,0.64
SSD,2014,va,-1.62
ESP,2014,va,0.99
LKA,2014,va,-0.67
KNA,2014,va,1.12
LCA,2014,va,1.13
VCT,2014,va,1.15
SDN,2014,va,-1.74
SUR,2014,va,0.52
SWE,2014,va,1.61
CHE,2014,va,1.56
SYR,2014,va,-1.88
STP,2014,va,0.32
TWN,2014,va,0.88
TJK,2014,va,-1.5
TZA,2014,va,-0.19
THA,2014,va,-0.87
TMP,2014,va,0.15
TGO,2014,va,-0.77
TON,2014,va,0.66
TTO,2014,va,0.47
TUN,2014,va,0.19
TKM,2014,va,-2.26
TUV,2014,va,1.05
TUR,2014,va,-0.34
UGA,2014,va,-0.59
UKR,2014,va,-0.14
ARE,2014,va,-1.06
GBR,2014,va,1.28
USA,2014,va,1.07
URY,2014,va,1.11
UZB,2014,va,-1.91
VUT,2014,va,0.59
VEN,2014,va,-1.08
VNM,2014,va,-1.37
WBG,2014,va,-0.88
YEM,2014,va,-1.3
ZMB,2014,va,-0.11
ZWE,2014,va,-1.26
AFG,2015,cc,-1.35
ALB,2015,cc,-0.55
DZA,2015,cc,-0.64
ASM,2015,cc,1.15
ADO,2015,cc,1.15
AGO,2015,cc,-1.43
AIA,2015,cc,1.15
ATG,2015,cc,0.64
ARG,2015,cc,-0.58
ARM,2015,cc,-0.61
ABW,2015,cc,1.25
AUS,2015,cc,1.84
AUT,2015,cc,1.47
AZE,2015,cc,-0.95
BHS,2015,cc,1.1
BHR,2015,cc,0.11
BGD,2015,cc,-0.84
BRB,2015,cc,1.45
BLR,2015,cc,-0.32
BEL,2015,cc,1.47
BLZ,2015,cc,-0.21
BEN,2015,cc,-0.56
BMU,2015,cc,1.15
BTN,2015,cc,0.99
BOL,2015,cc,-0.72
BIH,2015,cc,-0.42
BWA,2015,cc,0.78
BRA,2015,cc,-0.46
BRN,2015,cc,0.54
BGR,2015,cc,-0.35
BFA,2015,cc,-0.3
BDI,2015,cc,-1.29
KHM,2015,cc,-1.15
CMR,2015,cc,-1.1
CAN,2015,cc,1.85
CPV,2015,cc,0.93
CYM,2015,cc,0.97
CAF,2015,cc,-1.33
TCD,2015,cc,-1.38
CHL,2015,cc,1.18
CHN,2015,cc,-0.3
COL,2015,cc,-0.35
COM,2015,cc,-0.77
ZAR,2015,cc,-1.31
COG,2015,cc,-1.27
CRI,2015,cc,0.69
HRV,2015,cc,0.2
CUB,2015,cc,0.04
CYP,2015,cc,0.97
CZE,2015,cc,0.47
CIV,2015,cc,-0.46
DNK,2015,cc,2.19
DJI,2015,cc,-0.7
DMA,2015,cc,0.61
DOM,2015,cc,-0.87
ECU,2015,cc,-0.67
EGY,2015,cc,-0.6
SLV,2015,cc,-0.45
GNQ,2015,cc,-1.57
ERI,2015,cc,-1.34
EST,2015,cc,1.26
SWZ,2015,cc,-0.22
ETH,2015,cc,-0.48
FJI,2015,cc,0.38
FIN,2015,cc,2.22
FRA,2015,cc,1.25
GUF,2015,cc,0.97
GAB,2015,cc,-0.72
GMB,2015,cc,-0.81
GEO,2015,cc,0.7
DEU,2015,cc,1.78
GHA,2015,cc,-0.21
GRC,2015,cc,-0.12
GRL,2015,cc,1.16
GRD,2015,cc,0.54
GUM,2015,cc,1.15
GTM,2015,cc,-0.78
GIN,2015,cc,-1.01
GNB,2015,cc,-1.51
GUY,2015,cc,-0.66
HTI,2015,cc,-1.26
HND,2015,cc,-0.59
HKG,2015,cc,1.61
HUN,2015,cc,0.12
ISL,2015,cc,1.9
IND,2015,cc,-0.41
IDN,2015,cc,-0.52
IRN,2015,cc,-0.63
IRQ,2015,cc,-1.43
IRL,2015,cc,1.67
ISR,2015,cc,0.91
ITA,2015,cc,0.03
JAM,2015,cc,-0.28
JPN,2015,cc,1.53
JEY,2015,cc,1.16
JOR,2015,cc,0.24
KAZ,2015,cc,-0.87
KEN,2015,cc,-1.03
KIR,2015,cc,0.25
PRK,2015,cc,-1.27
KOR,2015,cc,0.34
KSV,2015,cc,-0.56
KWT,2015,cc,-0.26
KGZ,2015,cc,-1.18
LAO,2015,cc,-0.94
LVA,2015,cc,0.43
LBN,2015,cc,-0.9
LSO,2015,cc,0.02
LBR,2015,cc,-0.67
LBY,2015,cc,-1.58
LIE,2015,cc,2.01
LTU,2015,cc,0.58
LUX,2015,cc,2.05
MAC,2015,cc,0.57
MDG,2015,cc,-0.88
MWI,2015,cc,-0.79
MYS,2015,cc,0.18
MDV,2015,cc,-0.42
MLI,2015,cc,-0.7
MLT,2015,cc,0.86
MHL,2015,cc,0.65
MTQ,2015,cc,1.15
MRT,2015,cc,-0.94
MUS,2015,cc,0.22
MEX,2015,cc,-0.89
FSM,2015,cc,0.68
MDA,2015,cc,-0.95
MCO,2015,cc,1.73
MNG,2015,cc,-0.52
MNE,2015,cc,-0.12
MAR,2015,cc,-0.29
MOZ,2015,cc,-0.78
MMR,2015,cc,-0.85
NAM,2015,cc,0.27
NRU,2015,cc,0.52
NPL,2015,cc,-0.6
NLD,2015,cc,1.83
NZL,2015,cc,2.23
NIC,2015,cc,-0.91
NER,2015,cc,-0.67
NGA,2015,cc,-1.1
MKD,2015,cc,-0.27
NOR,2015,cc,2.2
OMN,2015,cc,0.24
PAK,2015,cc,-0.83
PLW,2015,cc,0.52
PAN,2015,cc,-0.43
PNG,2015,cc,-0.95
PRY,2015,cc,-1.02
PER,2015,cc,-0.6
PHL,2015,cc,-0.48
POL,2015,cc,0.69
PRT,2015,cc,0.89
PRI,2015,cc,0.05
QAT,2015,cc,0.86
ROM,2015,cc,-0.17
RUS,2015,cc,-0.97
RWA,2015,cc,0.6
REU,2015,cc,0.57
WSM,2015,cc,0.3
SMR,2015,cc,1.15
SAU,2015,cc,0.02
SEN,2015,cc,0.03
SRB,2015,cc,-0.32
SYC,2015,cc,1.14
SLE,2015,cc,-0.82
SGP,2015,cc,2.05
SVK,2015,cc,0.11
SVN,2015,cc,0.74
SLB,2015,cc,-0.35
SOM,2015,cc,-1.64
ZAF,2015,cc,-0.07
SSD,2015,cc,-1.72
ESP,2015,cc,0.63
LKA,2015,cc,-0.38
KNA,2015,cc,0.45
LCA,2015,cc,0.62
VCT,2015,cc,0.66
SDN,2015,cc,-1.5
SUR,2015,cc,-0.27
SWE,2015,cc,2.15
CHE,2015,cc,2.09
SYR,2015,cc,-1.57
STP,2015,cc,-0.07
TWN,2015,cc,0.74
TJK,2015,cc,-1.15
TZA,2015,cc,-0.71
THA,2015,cc,-0.56
TMP,2015,cc,-0.55
TGO,2015,cc,-0.75
TON,2015,cc,-0.46
TTO,2015,cc,-0.37
TUN,2015,cc,-0.08
TKM,2015,cc,-1.23
TUV,2015,cc,0.01
TUR,2015,cc,-0.16
UGA,2015,cc,-1.08
UKR,2015,cc,-1.04
ARE,2015,cc,1.03
GBR,2015,cc,1.83
USA,2015,cc,1.36
URY,2015,cc,1.3
UZB,2015,cc,-1.29
VUT,2015,cc,-0.12
VEN,2015,cc,-1.41
VNM,2015,cc,-0.46
VIR,2015,cc,0.57
WBG,2015,cc,-0.49
YEM,2015,cc,-1.51
ZMB,2015,cc,-0.37
ZWE,2015,cc,-1.34
AFG,2015,ge,-1.4
ALB,2015,ge,0.03
DZA,2015,ge,-0.41
ASM,2015,ge,0.44
ADO,2015,ge,1.74
AGO,2015,ge,-0.93
AIA,2015,ge,0.96
ATG,2015,ge,0.18
ARG,2015,ge,-0.05
ARM,2015,ge,-0.33
ABW,2015,ge,0.85
AUS,2015,ge,1.53
AUT,2015,ge,1.45
AZE,2015,ge,-0.26
BHS,2015,ge,0.68
BHR,2015,ge,0.51
BGD,2015,ge,-0.75
BRB,2015,ge,0.99
BLR,2015,ge,-0.49
BEL,2015,ge,1.53
BLZ,2015,ge,-0.64
BEN,2015,ge,-0.68
BMU,2015,ge,0.96
BTN,2015,ge,0.42
BOL,2015,ge,-0.68
BIH,2015,ge,-0.62
BWA,2015,ge,0.45
BRA,2015,ge,-0.26
BRN,2015,ge,1.03
BGR,2015,ge,-0.01
BFA,2015,ge,-0.69
BDI,2015,ge,-1.24
KHM,2015,ge,-0.74
CMR,2015,ge,-0.83
CAN,2015,ge,1.73
CPV,2015,ge,0.17
CYM,2015,ge,1.13
CAF,2015,ge,-1.81
TCD,2015,ge,-1.49
CHL,2015,ge,0.92
CHN,2015,ge,0.42
COL,2015,ge,-0.09
COM,2015,ge,-1.64
ZAR,2015,ge,-1.64
COG,2015,ge,-1.07
CRI,2015,ge,0.31
HRV,2015,ge,0.46
CUB,2015,ge,0
CYP,2015,ge,1.02
CZE,2015,ge,1.03
CIV,2015,ge,-0.75
DNK,2015,ge,1.79
DJI,2015,ge,-1.02
DMA,2015,ge,0.21
DOM,2015,ge,-0.39
ECU,2015,ge,-0.39
EGY,2015,ge,-0.69
SLV,2015,ge,-0.29
GNQ,2015,ge,-1.18
ERI,2015,ge,-1.68
EST,2015,ge,1.04
SWZ,2015,ge,-0.54
ETH,2015,ge,-0.71
FJI,2015,ge,-0.33
FIN,2015,ge,1.84
FRA,2015,ge,1.42
GUF,2015,ge,1.09
GAB,2015,ge,-0.76
GMB,2015,ge,-0.99
GEO,2015,ge,0.26
DEU,2015,ge,1.66
GHA,2015,ge,-0.32
GRC,2015,ge,0.15
GRL,2015,ge,0.84
GRD,2015,ge,-0.15
GUM,2015,ge,0.44
GTM,2015,ge,-0.77
GIN,2015,ge,-1.19
GNB,2015,ge,-1.65
GUY,2015,ge,-0.33
HTI,2015,ge,-2.1
HND,2015,ge,-0.86
HKG,2015,ge,1.88
HUN,2015,ge,0.51
ISL,2015,ge,1.46
IND,2015,ge,0.08
IDN,2015,ge,-0.33
IRN,2015,ge,-0.25
IRQ,2015,ge,-1.2
IRL,2015,ge,1.52
ISR,2015,ge,1.36
ITA,2015,ge,0.49
JAM,2015,ge,0.29
JPN,2015,ge,1.75
JEY,2015,ge,1.27
JOR,2015,ge,0.11
KAZ,2015,ge,-0.15
KEN,2015,ge,-0.39
KIR,2015,ge,-0.38
PRK,2015,ge,-1.67
KOR,2015,ge,0.98
KSV,2015,ge,-0.42
KWT,2015,ge,-0.08
KGZ,2015,ge,-0.98
LAO,2015,ge,-0.55
LVA,2015,ge,1.05
LBN,2015,ge,-0.4
LSO,2015,ge,-0.76
LBR,2015,ge,-1.37
LBY,2015,ge,-1.49
LIE,2015,ge,1.65
LTU,2015,ge,1.15
LUX,2015,ge,1.69
MAC,2015,ge,1.41
MDG,2015,ge,-1.33
MWI,2015,ge,-0.74
MYS,2015,ge,0.92
MDV,2015,ge,-0.23
MLI,2015,ge,-0.96
MLT,2015,ge,0.82
MHL,2015,ge,-0.32
MTQ,2015,ge,0.7
MRT,2015,ge,-1.07
MUS,2015,ge,1.13
MEX,2015,ge,0.12
FSM,2015,ge,-0.16
MDA,2015,ge,-0.72
MCO,2015,ge,1.74
MNG,2015,ge,-0.45
MNE,2015,ge,0.17
MAR,2015,ge,-0.15
MOZ,2015,ge,-0.83
MMR,2015,ge,-1.29
NAM,2015,ge,0.3
NRU,2015,ge,-0.12
NPL,2015,ge,-1.14
NLD,2015,ge,1.83
NZL,2015,ge,1.85
NIC,2015,ge,-0.86
NER,2015,ge,-0.72
NGA,2015,ge,-1
MKD,2015,ge,-0.03
NOR,2015,ge,1.83
OMN,2015,ge,0.04
PAK,2015,ge,-0.71
PLW,2015,ge,0.13
PAN,2015,ge,0.28
PNG,2015,ge,-0.6
PRY,2015,ge,-1
PER,2015,ge,-0.37
PHL,2015,ge,0.16
POL,2015,ge,0.74
PRT,2015,ge,1.16
PRI,2015,ge,0.32
QAT,2015,ge,0.94
ROM,2015,ge,0.1
RUS,2015,ge,-0.33
RWA,2015,ge,-0.15
REU,2015,ge,0.96
WSM,2015,ge,0.67
SMR,2015,ge,1.48
SAU,2015,ge,0.15
SEN,2015,ge,-0.48
SRB,2015,ge,0
SYC,2015,ge,0.55
SLE,2015,ge,-1.28
SGP,2015,ge,2.25
SVK,2015,ge,0.74
SVN,2015,ge,0.94
SLB,2015,ge,-0.99
SOM,2015,ge,-2.22
ZAF,2015,ge,0.09
SSD,2015,ge,-2.15
ESP,2015,ge,1.16
LKA,2015,ge,-0.01
KNA,2015,ge,0.18
LCA,2015,ge,-0.01
VCT,2015,ge,0.13
SDN,2015,ge,-1.51
SUR,2015,ge,-0.38
SWE,2015,ge,1.68
CHE,2015,ge,1.97
SYR,2015,ge,-1.63
STP,2015,ge,-0.85
TWN,2015,ge,1.36
TJK,2015,ge,-0.9
TZA,2015,ge,-0.65
THA,2015,ge,0.24
TMP,2015,ge,-1.08
TGO,2015,ge,-1.23
TON,2015,ge,-0.36
TTO,2015,ge,0.25
TUN,2015,ge,-0.1
TKM,2015,ge,-0.6
TUV,2015,ge,-0.97
TUR,2015,ge,0.2
UGA,2015,ge,-0.58
UKR,2015,ge,-0.55
ARE,2015,ge,1.5
GBR,2015,ge,1.71
USA,2015,ge,1.43
URY,2015,ge,0.45
UZB,2015,ge,-0.75
VUT,2015,ge,-0.82
VEN,2015,ge,-1.2
VNM,2015,ge,0.06
VIR,2015,ge,1.22
WBG,2015,ge,-0.51
YEM,2015,ge,-1.71
ZMB,2015,ge,-0.64
ZWE,2015,ge,-1.25
AFG,2015,pv,-2.56
ALB,2015,pv,0.34
DZA,2015,pv,-1.09
ASM,2015,pv,1.15
ADO,2015,pv,1.37
AGO,2015,pv,-0.51
AIA,2015,pv,1.22
ATG,2015,pv,0.99
ARG,2015,pv,0.01
ARM,2015,pv,-0.26
ABW,2015,pv,1.21
AUS,2015,pv,0.87
AUT,2015,pv,1.13
AZE,2015,pv,-0.73
BHS,2015,pv,0.89
BHR,2015,pv,-1.07
BGD,2015,pv,-1.21
BRB,2015,pv,1.12
BLR,2015,pv,0.11
BEL,2015,pv,0.58
BLZ,2015,pv,0.04
BEN,2015,pv,-0.02
BMU,2015,pv,0.96
BTN,2015,pv,0.96
BOL,2015,pv,-0.27
BIH,2015,pv,-0.4
BWA,2015,pv,1.03
BRA,2015,pv,-0.33
BRN,2015,pv,1.23
BGR,2015,pv,0.01
BFA,2015,pv,-0.61
BDI,2015,pv,-1.94
KHM,2015,pv,0.06
CMR,2015,pv,-0.99
CAN,2015,pv,1.26
CPV,2015,pv,0.86
CYM,2015,pv,1.13
CAF,2015,pv,-1.89
TCD,2015,pv,-0.97
CHL,2015,pv,0.42
CHN,2015,pv,-0.55
COL,2015,pv,-1.07
COM,2015,pv,-0.24
ZAR,2015,pv,-2.14
COG,2015,pv,-0.53
CRI,2015,pv,0.67
HRV,2015,pv,0.59
CUB,2015,pv,0.63
CYP,2015,pv,0.54
CZE,2015,pv,0.97
CIV,2015,pv,-0.84
DNK,2015,pv,0.89
DJI,2015,pv,-0.45
DMA,2015,pv,1.05
DOM,2015,pv,0.23
ECU,2015,pv,-0.15
EGY,2015,pv,-1.5
SLV,2015,pv,-0.02
GNQ,2015,pv,-0.21
ERI,2015,pv,-0.88
EST,2015,pv,0.61
SWZ,2015,pv,-0.48
ETH,2015,pv,-1.5
FJI,2015,pv,0.57
FIN,2015,pv,1.03
FRA,2015,pv,0.1
GUF,2015,pv,0.56
GAB,2015,pv,0.02
GMB,2015,pv,0.02
GEO,2015,pv,-0.47
DEU,2015,pv,0.69
GHA,2015,pv,-0.04
GRC,2015,pv,-0.24
GRL,2015,pv,1.95
GRD,2015,pv,0.78
GUM,2015,pv,0.79
GTM,2015,pv,-0.65
GIN,2015,pv,-0.39
GNB,2015,pv,-0.52
GUY,2015,pv,-0.14
HTI,2015,pv,-0.67
HND,2015,pv,-0.47
HKG,2015,pv,1.04
HUN,2015,pv,0.74
ISL,2015,pv,1.3
IND,2015,pv,-0.95
IDN,2015,pv,-0.62
IRN,2015,pv,-0.92
IRQ,2015,pv,-2.25
IRL,2015,pv,0.9
ISR,2015,pv,-1.1
ITA,2015,pv,0.36
JAM,2015,pv,0.09
JPN,2015,pv,1.05
JEY,2015,pv,1.53
JOR,2015,pv,-0.61
KAZ,2015,pv,-0.04
KEN,2015,pv,-1.24
KIR,2015,pv,0.82
PRK,2015,pv,-1.15
KOR,2015,pv,0.16
KSV,2015,pv,-0.2
KWT,2015,pv,-0.22
KGZ,2015,pv,-0.88
LAO,2015,pv,0.54
LVA,2015,pv,0.44
LBN,2015,pv,-1.7
LSO,2015,pv,-0.32
LBR,2015,pv,-0.82
LBY,2015,pv,-2.19
LIE,2015,pv,1.44
LTU,2015,pv,0.75
LUX,2015,pv,1.43
MAC,2015,pv,1.19
MDG,2015,pv,-0.43
MWI,2015,pv,0.03
MYS,2015,pv,0.25
MDV,2015,pv,0.41
MLI,2015,pv,-1.68
MLT,2015,pv,1.05
MHL,2015,pv,1
MTQ,2015,pv,0.96
MRT,2015,pv,-0.64
MUS,2015,pv,0.99
MEX,2015,pv,-0.8
FSM,2015,pv,1.02
MDA,2015,pv,-0.33
MCO,2015,pv,1.31
MNG,2015,pv,0.71
MNE,2015,pv,0.14
MAR,2015,pv,-0.34
MOZ,2015,pv,-0.52
MMR,2015,pv,-1.17
NAM,2015,pv,0.73
NRU,2015,pv,1.09
NPL,2015,pv,-1
NLD,2015,pv,0.91
NZL,2015,pv,1.51
NIC,2015,pv,-0.09
NER,2015,pv,-1.06
NGA,2015,pv,-1.92
MKD,2015,pv,-0.29
NOR,2015,pv,1.15
OMN,2015,pv,0.78
PAK,2015,pv,-2.47
PLW,2015,pv,0.82
PAN,2015,pv,0.38
PNG,2015,pv,-0.42
PRY,2015,pv,0.04
PER,2015,pv,-0.4
PHL,2015,pv,-0.85
POL,2015,pv,0.86
PRT,2015,pv,0.9
PRI,2015,pv,0.85
QAT,2015,pv,0.98
ROM,2015,pv,0.18
RUS,2015,pv,-1.03
RWA,2015,pv,0
REU,2015,pv,0.26
WSM,2015,pv,1.17
SMR,2015,pv,1.37
SAU,2015,pv,-0.63
SEN,2015,pv,-0.12
SRB,2015,pv,0.23
SYC,2015,pv,0.67
SLE,2015,pv,-0.11
SGP,2015,pv,1.3
SVK,2015,pv,0.87
SVN,2015,pv,0.95
SLB,2015,pv,0.64
SOM,2015,pv,-2.37
ZAF,2015,pv,-0.22
SSD,2015,pv,-2.37
ESP,2015,pv,0.24
LKA,2015,pv,0.08
KNA,2015,pv,0.56
LCA,2015,pv,0.84
VCT,2015,pv,0.99
SDN,2015,pv,-2.16
SUR,2015,pv,0.25
SWE,2015,pv,0.93
CHE,2015,pv,1.33
SYR,2015,pv,-2.97
STP,2015,pv,0.14
TWN,2015,pv,0.91
TJK,2015,pv,-0.88
TZA,2015,pv,-0.42
THA,2015,pv,-1
TMP,2015,pv,-0.27
TGO,2015,pv,-0.23
TON,2015,pv,0.87
TTO,2015,pv,0.28
TUN,2015,pv,-0.96
TKM,2015,pv,-0.09
TUV,2015,pv,1.37
TUR,2015,pv,-1.5
UGA,2015,pv,-0.8
UKR,2015,pv,-1.96
ARE,2015,pv,0.75
GBR,2015,pv,0.5
USA,2015,pv,0.66
URY,2015,pv,0.99
UZB,2015,pv,-0.37
VUT,2015,pv,0.46
VEN,2015,pv,-0.97
VNM,2015,pv,0.06
VIR,2015,pv,1.22
WBG,2015,pv,-2.15
YEM,2015,pv,-2.67
ZMB,2015,pv,0.14
ZWE,2015,pv,-0.62
AFG,2015,rl,-1.52
ALB,2015,rl,-0.32
DZA,2015,rl,-0.94
ASM,2015,rl,1.29
ADO,2015,rl,1.51
AGO,2015,rl,-1.03
AIA,2015,rl,-0.08
ATG,2015,rl,0.55
ARG,2015,rl,-0.75
ARM,2015,rl,-0.46
ABW,2015,rl,1.23
AUS,2015,rl,1.79
AUT,2015,rl,1.81
AZE,2015,rl,-0.72
BHS,2015,rl,0.57
BHR,2015,rl,0.4
BGD,2015,rl,-0.77
BRB,2015,rl,1.06
BLR,2015,rl,-0.88
BEL,2015,rl,1.46
BLZ,2015,rl,-0.79
BEN,2015,rl,-0.56
BMU,2015,rl,0.83
BTN,2015,rl,0.53
BOL,2015,rl,-1.16
BIH,2015,rl,-0.26
BWA,2015,rl,0.48
BRA,2015,rl,-0.19
BRN,2015,rl,0.38
BGR,2015,rl,-0.16
BFA,2015,rl,-0.54
BDI,2015,rl,-1.19
KHM,2015,rl,-1
CMR,2015,rl,-1
CAN,2015,rl,1.81
CPV,2015,rl,0.57
CYM,2015,rl,0.78
CAF,2015,rl,-1.71
TCD,2015,rl,-1.21
CHL,2015,rl,1.22
CHN,2015,rl,-0.41
COL,2015,rl,-0.25
COM,2015,rl,-0.85
ZAR,2015,rl,-1.6
COG,2015,rl,-1.14
CRI,2015,rl,0.49
HRV,2015,rl,0.13
CUB,2015,rl,-0.72
CYP,2015,rl,1.01
CZE,2015,rl,1.11
CIV,2015,rl,-0.65
DNK,2015,rl,2.02
DJI,2015,rl,-0.94
DMA,2015,rl,0.7
DOM,2015,rl,-0.53
ECU,2015,rl,-0.96
EGY,2015,rl,-0.6
SLV,2015,rl,-0.62
GNQ,2015,rl,-1.33
ERI,2015,rl,-1.53
EST,2015,rl,1.3
SWZ,2015,rl,-0.32
ETH,2015,rl,-0.53
FJI,2015,rl,-0.36
FIN,2015,rl,2.05
FRA,2015,rl,1.37
GUF,2015,rl,1.26
GAB,2015,rl,-0.56
GMB,2015,rl,-0.75
GEO,2015,rl,0.22
DEU,2015,rl,1.76
GHA,2015,rl,0.12
GRC,2015,rl,0.25
GRL,2015,rl,1.67
GRD,2015,rl,0.17
GUM,2015,rl,1.29
GTM,2015,rl,-0.95
GIN,2015,rl,-1.19
GNB,2015,rl,-1.31
GUY,2015,rl,-0.54
HTI,2015,rl,-1.2
HND,2015,rl,-0.94
HKG,2015,rl,1.79
HUN,2015,rl,0.38
ISL,2015,rl,1.63
IND,2015,rl,-0.07
IDN,2015,rl,-0.42
IRN,2015,rl,-0.94
IRQ,2015,rl,-1.56
IRL,2015,rl,1.73
ISR,2015,rl,1.13
ITA,2015,rl,0.29
JAM,2015,rl,-0.19
JPN,2015,rl,1.49
JEY,2015,rl,1.67
JOR,2015,rl,0.41
KAZ,2015,rl,-0.52
KEN,2015,rl,-0.51
KIR,2015,rl,-0.15
PRK,2015,rl,-1.66
KOR,2015,rl,0.9
KSV,2015,rl,-0.48
KWT,2015,rl,-0.02
KGZ,2015,rl,-1.01
LAO,2015,rl,-0.82
LVA,2015,rl,0.77
LBN,2015,rl,-0.81
LSO,2015,rl,-0.19
LBR,2015,rl,-0.88
LBY,2015,rl,-1.52
LIE,2015,rl,1.65
LTU,2015,rl,0.98
LUX,2015,rl,1.84
MAC,2015,rl,0.89
MDG,2015,rl,-0.71
MWI,2015,rl,-0.33
MYS,2015,rl,0.4
MDV,2015,rl,-0.56
MLI,2015,rl,-0.75
MLT,2015,rl,1.11
MHL,2015,rl,0
MTQ,2015,rl,-0.08
MRT,2015,rl,-0.89
MUS,2015,rl,0.84
MEX,2015,rl,-0.45
FSM,2015,rl,-0.28
MDA,2015,rl,-0.38
MCO,2015,rl,1.51
MNG,2015,rl,-0.39
MNE,2015,rl,-0.05
MAR,2015,rl,-0.18
MOZ,2015,rl,-0.87
MMR,2015,rl,-1.26
NAM,2015,rl,0.24
NRU,2015,rl,-0.6
NPL,2015,rl,-0.69
NLD,2015,rl,1.91
NZL,2015,rl,1.97
NIC,2015,rl,-0.75
NER,2015,rl,-0.59
NGA,2015,rl,-0.98
MKD,2015,rl,-0.24
NOR,2015,rl,1.98
OMN,2015,rl,0.35
PAK,2015,rl,-0.78
PLW,2015,rl,0.92
PAN,2015,rl,-0.14
PNG,2015,rl,-0.87
PRY,2015,rl,-0.64
PER,2015,rl,-0.5
PHL,2015,rl,-0.42
POL,2015,rl,0.8
PRT,2015,rl,1.1
PRI,2015,rl,0.72
QAT,2015,rl,0.74
ROM,2015,rl,0.2
RUS,2015,rl,-0.82
RWA,2015,rl,0.04
REU,2015,rl,1.06
WSM,2015,rl,0.74
SMR,2015,rl,1.51
SAU,2015,rl,0.1
SEN,2015,rl,-0.16
SRB,2015,rl,-0.08
SYC,2015,rl,0.34
SLE,2015,rl,-0.88
SGP,2015,rl,1.78
SVK,2015,rl,0.47
SVN,2015,rl,0.95
SLB,2015,rl,-0.49
SOM,2015,rl,-2.32
ZAF,2015,rl,0.02
SSD,2015,rl,-1.9
ESP,2015,rl,0.89
LKA,2015,rl,0.03
KNA,2015,rl,0.49
LCA,2015,rl,0.7
VCT,2015,rl,0.62
SDN,2015,rl,-1.23
SUR,2015,rl,-0.22
SWE,2015,rl,1.99
CHE,2015,rl,1.91
SYR,2015,rl,-1.44
STP,2015,rl,-0.77
TWN,2015,rl,1.13
TJK,2015,rl,-1.08
TZA,2015,rl,-0.4
THA,2015,rl,-0.19
TMP,2015,rl,-1.13
TGO,2015,rl,-0.82
TON,2015,rl,-0.22
TTO,2015,rl,-0.16
TUN,2015,rl,-0.05
TKM,2015,rl,-1.42
TUV,2015,rl,0.44
TUR,2015,rl,-0.23
UGA,2015,rl,-0.41
UKR,2015,rl,-0.87
ARE,2015,rl,0.61
GBR,2015,rl,1.77
USA,2015,rl,1.56
URY,2015,rl,0.74
UZB,2015,rl,-1.14
VUT,2015,rl,0.12
VEN,2015,rl,-2.05
VNM,2015,rl,-0.36
VIR,2015,rl,0.83
WBG,2015,rl,-0.53
YEM,2015,rl,-1.29
ZMB,2015,rl,-0.24
ZWE,2015,rl,-1.34
AFG,2015,rq,-1.02
ALB,2015,rq,0.17
DZA,2015,rq,-1.26
ASM,2015,rq,0.15
ADO,2015,rq,0.9
AGO,2015,rq,-0.86
AIA,2015,rq,0.9
ATG,2015,rq,0.36
ARG,2015,rq,-0.9
ARM,2015,rq,0.19
ABW,2015,rq,1.36
AUS,2015,rq,1.78
AUT,2015,rq,1.39
AZE,2015,rq,-0.37
BHS,2015,rq,0.15
BHR,2015,rq,0.8
BGD,2015,rq,-0.92
BRB,2015,rq,0.55
BLR,2015,rq,-1.17
BEL,2015,rq,1.27
BLZ,2015,rq,-0.44
BEN,2015,rq,-0.62
BMU,2015,rq,0.9
BTN,2015,rq,-0.74
BOL,2015,rq,-0.92
BIH,2015,rq,-0.18
BWA,2015,rq,0.55
BRA,2015,rq,-0.18
BRN,2015,rq,0.84
BGR,2015,rq,0.58
BFA,2015,rq,-0.42
BDI,2015,rq,-0.76
KHM,2015,rq,-0.55
CMR,2015,rq,-0.94
CAN,2015,rq,1.71
CPV,2015,rq,-0.16
CYM,2015,rq,0.8
CAF,2015,rq,-1.44
TCD,2015,rq,-1.22
CHL,2015,rq,1.32
CHN,2015,rq,-0.35
COL,2015,rq,0.41
COM,2015,rq,-1.09
ZAR,2015,rq,-1.36
COG,2015,rq,-1.28
CRI,2015,rq,0.66
HRV,2015,rq,0.24
CUB,2015,rq,-1.25
CYP,2015,rq,1.05
CZE,2015,rq,1.08
CIV,2015,rq,-0.55
DNK,2015,rq,1.72
DJI,2015,rq,-0.75
DMA,2015,rq,0.24
DOM,2015,rq,0.01
ECU,2015,rq,-1.14
EGY,2015,rq,-0.8
SLV,2015,rq,0.07
GNQ,2015,rq,-1.49
ERI,2015,rq,-2.07
EST,2015,rq,1.66
SWZ,2015,rq,-0.26
ETH,2015,rq,-1.06
FJI,2015,rq,-0.24
FIN,2015,rq,1.83
FRA,2015,rq,1.12
GUF,2015,rq,1.44
GAB,2015,rq,-0.73
GMB,2015,rq,-0.58
GEO,2015,rq,0.75
DEU,2015,rq,1.71
GHA,2015,rq,-0.11
GRC,2015,rq,0.39
GRL,2015,rq,1.34
GRD,2015,rq,0.09
GUM,2015,rq,0.15
GTM,2015,rq,-0.33
GIN,2015,rq,-0.9
GNB,2015,rq,-1.23
GUY,2015,rq,-0.53
HTI,2015,rq,-1.21
HND,2015,rq,-0.42
HKG,2015,rq,2.18
HUN,2015,rq,0.75
ISL,2015,rq,1.26
IND,2015,rq,-0.42
IDN,2015,rq,-0.16
IRN,2015,rq,-1.34
IRQ,2015,rq,-1.15
IRL,2015,rq,1.81
ISR,2015,rq,1.26
ITA,2015,rq,0.71
JAM,2015,rq,0.02
JPN,2015,rq,1.2
JEY,2015,rq,1.13
JOR,2015,rq,0.1
KAZ,2015,rq,-0.09
KEN,2015,rq,-0.37
KIR,2015,rq,-0.87
PRK,2015,rq,-2.36
KOR,2015,rq,1.1
KSV,2015,rq,-0.32
KWT,2015,rq,-0.19
KGZ,2015,rq,-0.54
LAO,2015,rq,-0.85
LVA,2015,rq,1.07
LBN,2015,rq,-0.37
LSO,2015,rq,-0.46
LBR,2015,rq,-0.9
LBY,2015,rq,-2.25
LIE,2015,rq,1.38
LTU,2015,rq,1.26
LUX,2015,rq,1.65
MAC,2015,rq,1.76
MDG,2015,rq,-0.81
MWI,2015,rq,-0.87
MYS,2015,rq,0.7
MDV,2015,rq,-0.43
MLI,2015,rq,-0.63
MLT,2015,rq,1.15
MHL,2015,rq,-0.98
MTQ,2015,rq,1.27
MRT,2015,rq,-0.91
MUS,2015,rq,1.14
MEX,2015,rq,0.28
FSM,2015,rq,-1
MDA,2015,rq,-0.08
MCO,2015,rq,1.27
MNG,2015,rq,-0.37
MNE,2015,rq,0.23
MAR,2015,rq,-0.1
MOZ,2015,rq,-0.56
MMR,2015,rq,-1.25
NAM,2015,rq,0.04
NRU,2015,rq,-0.83
NPL,2015,rq,-0.83
NLD,2015,rq,1.79
NZL,2015,rq,1.91
NIC,2015,rq,-0.42
NER,2015,rq,-0.78
NGA,2015,rq,-0.89
MKD,2015,rq,0.36
NOR,2015,rq,1.59
OMN,2015,rq,0.56
PAK,2015,rq,-0.65
PLW,2015,rq,-0.08
PAN,2015,rq,0.45
PNG,2015,rq,-0.57
PRY,2015,rq,-0.21
PER,2015,rq,0.44
PHL,2015,rq,0.05
POL,2015,rq,0.95
PRT,2015,rq,0.94
PRI,2015,rq,0.97
QAT,2015,rq,0.66
ROM,2015,rq,0.57
RUS,2015,rq,-0.58
RWA,2015,rq,0.15
REU,2015,rq,1.27
WSM,2015,rq,-0.08
SMR,2015,rq,0.52
SAU,2015,rq,0
SEN,2015,rq,-0.22
SRB,2015,rq,0.14
SYC,2015,rq,0.13
SLE,2015,rq,-0.93
SGP,2015,rq,2.25
SVK,2015,rq,0.77
SVN,2015,rq,0.61
SLB,2015,rq,-0.97
SOM,2015,rq,-2.1
ZAF,2015,rq,0.21
SSD,2015,rq,-1.67
ESP,2015,rq,0.79
LKA,2015,rq,-0.06
KNA,2015,rq,0.71
LCA,2015,rq,0.31
VCT,2015,rq,0.28
SDN,2015,rq,-1.5
SUR,2015,rq,-0.63
SWE,2015,rq,1.8
CHE,2015,rq,1.73
SYR,2015,rq,-1.66
STP,2015,rq,-0.84
TWN,2015,rq,1.33
TJK,2015,rq,-1.06
TZA,2015,rq,-0.43
THA,2015,rq,0.2
TMP,2015,rq,-0.99
TGO,2015,rq,-0.86
TON,2015,rq,-0.42
TTO,2015,rq,0.06
TUN,2015,rq,-0.39
TKM,2015,rq,-2.1
TUV,2015,rq,-0.65
TUR,2015,rq,0.27
UGA,2015,rq,-0.32
UKR,2015,rq,-0.62
ARE,2015,rq,1.1
GBR,2015,rq,1.83
USA,2015,rq,1.24
URY,2015,rq,0.59
UZB,2015,rq,-1.69
VUT,2015,rq,-0.33
VEN,2015,rq,-1.87
VNM,2015,rq,-0.51
VIR,2015,rq,0.52
WBG,2015,rq,0.08
YEM,2015,rq,-1.16
ZMB,2015,rq,-0.5
ZWE,2015,rq,-1.66
AFG,2015,va,-1.12
ALB,2015,va,0.16
DZA,2015,va,-0.85
ADO,2015,va,1.19
AGO,2015,va,-1.18
ATG,2015,va,0.59
ARG,2015,va,0.41
ARM,2015,va,-0.54
ABW,2015,va,1.27
AUS,2015,va,1.36
AUT,2015,va,1.38
AZE,2015,va,-1.55
BHS,2015,va,0.95
BHR,2015,va,-1.31
BGD,2015,va,-0.51
BRB,2015,va,1.1
BLR,2015,va,-1.47
BEL,2015,va,1.39
BLZ,2015,va,0.58
BEN,2015,va,0.29
BTN,2015,va,-0.03
BOL,2015,va,0
BIH,2015,va,-0.1
BWA,2015,va,0.45
BRA,2015,va,0.46
BRN,2015,va,-0.75
BGR,2015,va,0.43
BFA,2015,va,-0.11
BDI,2015,va,-1.27
KHM,2015,va,-1.12
CMR,2015,va,-0.95
CAN,2015,va,1.47
CPV,2015,va,0.94
CYM,2015,va,0.47
CAF,2015,va,-1.22
TCD,2015,va,-1.34
CHL,2015,va,1
CHN,2015,va,-1.66
COL,2015,va,0
COM,2015,va,-0.29
ZAR,2015,va,-1.3
COG,2015,va,-1.02
CRI,2015,va,1.15
HRV,2015,va,0.56
CUB,2015,va,-1.56
CYP,2015,va,1.03
CZE,2015,va,1.04
CIV,2015,va,-0.41
DNK,2015,va,1.55
DJI,2015,va,-1.41
DMA,2015,va,0.88
DOM,2015,va,0.15
ECU,2015,va,-0.21
EGY,2015,va,-1.19
SLV,2015,va,0.15
GNQ,2015,va,-2
ERI,2015,va,-2.11
EST,2015,va,1.19
SWZ,2015,va,-1.39
ETH,2015,va,-1.3
FJI,2015,va,0.03
FIN,2015,va,1.54
FRA,2015,va,1.21
GUF,2015,va,1.27
GAB,2015,va,-0.89
GMB,2015,va,-1.46
GEO,2015,va,0.27
DEU,2015,va,1.42
GHA,2015,va,0.49
GRC,2015,va,0.65
GRL,2015,va,1.27
GRD,2015,va,0.81
GTM,2015,va,-0.35
GIN,2015,va,-0.86
GNB,2015,va,-0.75
GUY,2015,va,0.18
HTI,2015,va,-0.8
HND,2015,va,-0.42
HKG,2015,va,0.52
HUN,2015,va,0.56
ISL,2015,va,1.38
IND,2015,va,0.43
IDN,2015,va,0.18
IRN,2015,va,-1.51
IRQ,2015,va,-1.13
IRL,2015,va,1.33
ISR,2015,va,0.74
ITA,2015,va,1.03
JAM,2015,va,0.61
JPN,2015,va,0.99
JEY,2015,va,1.27
JOR,2015,va,-0.77
KAZ,2015,va,-1.16
KEN,2015,va,-0.15
KIR,2015,va,0.98
PRK,2015,va,-2.2
KOR,2015,va,0.63
KSV,2015,va,-0.15
KWT,2015,va,-0.66
KGZ,2015,va,-0.4
LAO,2015,va,-1.75
LVA,2015,va,0.85
LBN,2015,va,-0.46
LSO,2015,va,0.11
LBR,2015,va,-0.23
LBY,2015,va,-1.34
LIE,2015,va,1.39
LTU,2015,va,0.97
LUX,2015,va,1.55
MAC,2015,va,-0.07
MDG,2015,va,-0.38
MWI,2015,va,0
MYS,2015,va,-0.39
MDV,2015,va,-0.5
MLI,2015,va,-0.2
MLT,2015,va,1.2
MHL,2015,va,1.18
MRT,2015,va,-0.89
MUS,2015,va,0.83
MEX,2015,va,-0.08
FSM,2015,va,1.13
MDA,2015,va,0.02
MCO,2015,va,1.02
MNG,2015,va,0.27
MNE,2015,va,0.14
MAR,2015,va,-0.63
MOZ,2015,va,-0.27
MMR,2015,va,-1.22
NAM,2015,va,0.58
NRU,2015,va,0.55
NPL,2015,va,-0.42
NLD,2015,va,1.56
NZL,2015,va,1.56
NIC,2015,va,-0.41
NER,2015,va,-0.2
NGA,2015,va,-0.37
MKD,2015,va,-0.18
NOR,2015,va,1.69
OMN,2015,va,-1.06
PAK,2015,va,-0.72
PLW,2015,va,1.2
PAN,2015,va,0.56
PNG,2015,va,0.04
PRY,2015,va,-0.07
PER,2015,va,0.23
PHL,2015,va,0.15
POL,2015,va,1.04
PRT,2015,va,1.13
PRI,2015,va,0.4
QAT,2015,va,-1.14
ROM,2015,va,0.49
RUS,2015,va,-1.09
RWA,2015,va,-1.14
WSM,2015,va,0.74
SMR,2015,va,1.19
SAU,2015,va,-1.84
SEN,2015,va,0.28
SRB,2015,va,0.23
SYC,2015,va,0.08
SLE,2015,va,-0.27
SGP,2015,va,-0.16
SVK,2015,va,0.97
SVN,2015,va,0.99
SLB,2015,va,0.28
SOM,2015,va,-2
ZAF,2015,va,0.65
SSD,2015,va,-1.6
ESP,2015,va,1.04
LKA,2015,va,-0.3
KNA,2015,va,0.85
LCA,2015,va,1.02
VCT,2015,va,0.97
SDN,2015,va,-1.78
SUR,2015,va,0.41
SWE,2015,va,1.57
CHE,2015,va,1.56
SYR,2015,va,-1.92
STP,2015,va,0.28
TWN,2015,va,0.9
TJK,2015,va,-1.57
TZA,2015,va,-0.22
THA,2015,va,-0.97
TMP,2015,va,0.19
TGO,2015,va,-0.7
TON,2015,va,0.66
TTO,2015,va,0.48
TUN,2015,va,0.24
TKM,2015,va,-2.24
TUV,2015,va,1.07
TUR,2015,va,-0.37
UGA,2015,va,-0.57
UKR,2015,va,-0.09
ARE,2015,va,-1.11
GBR,2015,va,1.3
USA,2015,va,1.11
URY,2015,va,1.14
UZB,2015,va,-1.96
VUT,2015,va,0.59
VEN,2015,va,-1.09
VNM,2015,va,-1.36
WBG,2015,va,-0.99
YEM,2015,va,-1.52
ZMB,2015,va,-0.07
ZWE,2015,va,-1.17
AFG,2016,cc,-1.54
ALB,2016,cc,-0.47
DZA,2016,cc,-0.67
ASM,2016,cc,1.16
ADO,2016,cc,1.16
AGO,2016,cc,-1.48
AIA,2016,cc,1.16
ATG,2016,cc,0.65
ARG,2016,cc,-0.3
ARM,2016,cc,-0.66
ABW,2016,cc,1.23
AUS,2016,cc,1.77
AUT,2016,cc,1.5
AZE,2016,cc,-0.85
BHS,2016,cc,1.07
BHR,2016,cc,-0.05
BGD,2016,cc,-0.89
BRB,2016,cc,1.21
BLR,2016,cc,-0.22
BEL,2016,cc,1.53
BLZ,2016,cc,-0.23
BEN,2016,cc,-0.53
BMU,2016,cc,1.16
BTN,2016,cc,1.09
BOL,2016,cc,-0.77
BIH,2016,cc,-0.49
BWA,2016,cc,0.87
BRA,2016,cc,-0.45
BRN,2016,cc,0.53
BGR,2016,cc,-0.26
BFA,2016,cc,-0.17
BDI,2016,cc,-1.28
KHM,2016,cc,-1.3
CMR,2016,cc,-1.18
CAN,2016,cc,1.94
CPV,2016,cc,0.84
CYM,2016,cc,0.48
CAF,2016,cc,-1.31
TCD,2016,cc,-1.51
CHL,2016,cc,1.02
CHN,2016,cc,-0.27
COL,2016,cc,-0.38
COM,2016,cc,-0.71
ZAR,2016,cc,-1.37
COG,2016,cc,-1.23
CRI,2016,cc,0.68
HRV,2016,cc,0.16
CUB,2016,cc,0.14
CYP,2016,cc,0.79
CZE,2016,cc,0.56
CIV,2016,cc,-0.56
DNK,2016,cc,2.2
DJI,2016,cc,-0.69
DMA,2016,cc,0.62
DOM,2016,cc,-0.81
ECU,2016,cc,-0.68
EGY,2016,cc,-0.59
SLV,2016,cc,-0.56
GNQ,2016,cc,-1.6
ERI,2016,cc,-1.34
EST,2016,cc,1.23
SWZ,2016,cc,-0.23
ETH,2016,cc,-0.44
FJI,2016,cc,0.34
FIN,2016,cc,2.19
FRA,2016,cc,1.33
GUF,2016,cc,0.93
GAB,2016,cc,-0.76
GMB,2016,cc,-0.85
GEO,2016,cc,0.71
DEU,2016,cc,1.78
GHA,2016,cc,-0.18
GRC,2016,cc,-0.13
GRL,2016,cc,1.13
GRD,2016,cc,0.56
GUM,2016,cc,1.16
GTM,2016,cc,-0.79
GIN,2016,cc,-0.95
GNB,2016,cc,-1.59
GUY,2016,cc,-0.35
HTI,2016,cc,-1.35
HND,2016,cc,-0.68
HKG,2016,cc,1.52
HUN,2016,cc,0.07
ISL,2016,cc,1.9
IND,2016,cc,-0.34
IDN,2016,cc,-0.46
IRN,2016,cc,-0.74
IRQ,2016,cc,-1.46
IRL,2016,cc,1.65
ISR,2016,cc,1.15
ITA,2016,cc,0.08
JAM,2016,cc,-0.21
JPN,2016,cc,1.48
JEY,2016,cc,1.11
JOR,2016,cc,0.25
KAZ,2016,cc,-0.83
KEN,2016,cc,-0.91
KIR,2016,cc,0.29
PRK,2016,cc,-1.46
KOR,2016,cc,0.42
KSV,2016,cc,-0.44
KWT,2016,cc,-0.3
KGZ,2016,cc,-1.11
LAO,2016,cc,-0.99
LVA,2016,cc,0.4
LBN,2016,cc,-0.99
LSO,2016,cc,-0.05
LBR,2016,cc,-0.74
LBY,2016,cc,-1.58
LIE,2016,cc,1.98
LTU,2016,cc,0.68
LUX,2016,cc,2.05
MAC,2016,cc,0.79
MDG,2016,cc,-0.93
MWI,2016,cc,-0.78
MYS,2016,cc,0.03
MDV,2016,cc,-0.59
MLI,2016,cc,-0.68
MLT,2016,cc,0.68
MHL,2016,cc,0.71
MTQ,2016,cc,1.16
MRT,2016,cc,-0.76
MUS,2016,cc,0.11
MEX,2016,cc,-0.85
FSM,2016,cc,0.71
MDA,2016,cc,-0.99
MCO,2016,cc,1.74
MNG,2016,cc,-0.51
MNE,2016,cc,-0.08
MAR,2016,cc,-0.19
MOZ,2016,cc,-0.9
MMR,2016,cc,-0.64
NAM,2016,cc,0.28
NRU,2016,cc,0.58
NPL,2016,cc,-0.83
NLD,2016,cc,1.86
NZL,2016,cc,2.24
NIC,2016,cc,-0.9
NER,2016,cc,-0.67
NGA,2016,cc,-1.05
MKD,2016,cc,-0.3
NOR,2016,cc,2.15
OMN,2016,cc,0.31
PAK,2016,cc,-0.9
PLW,2016,cc,0.58
PAN,2016,cc,-0.57
PNG,2016,cc,-0.94
PRY,2016,cc,-0.76
PER,2016,cc,-0.43
PHL,2016,cc,-0.52
POL,2016,cc,0.76
PRT,2016,cc,0.86
PRI,2016,cc,-0.01
QAT,2016,cc,0.86
ROM,2016,cc,-0.18
RUS,2016,cc,-0.84
RWA,2016,cc,0.62
REU,2016,cc,0.58
WSM,2016,cc,0.3
SMR,2016,cc,1.16
SAU,2016,cc,0.2
SEN,2016,cc,-0.02
SRB,2016,cc,-0.38
SYC,2016,cc,1.1
SLE,2016,cc,-0.84
SGP,2016,cc,2.04
SVK,2016,cc,0.15
SVN,2016,cc,0.78
SLB,2016,cc,-0.36
SOM,2016,cc,-1.69
ZAF,2016,cc,0.02
SSD,2016,cc,-1.76
ESP,2016,cc,0.57
LKA,2016,cc,-0.34
KNA,2016,cc,0.46
LCA,2016,cc,0.64
VCT,2016,cc,0.67
SDN,2016,cc,-1.56
SUR,2016,cc,-0.34
SWE,2016,cc,2.11
CHE,2016,cc,1.94
SYR,2016,cc,-1.59
STP,2016,cc,-0.08
TWN,2016,cc,0.84
TJK,2016,cc,-1.16
TZA,2016,cc,-0.53
THA,2016,cc,-0.45
TMP,2016,cc,-0.54
TGO,2016,cc,-0.71
TON,2016,cc,-0.45
TTO,2016,cc,-0.3
TUN,2016,cc,-0.16
TKM,2016,cc,-1.4
TUV,2016,cc,0.06
TUR,2016,cc,-0.2
UGA,2016,cc,-1.09
UKR,2016,cc,-0.87
ARE,2016,cc,1.13
GBR,2016,cc,1.85
USA,2016,cc,1.33
URY,2016,cc,1.25
UZB,2016,cc,-1.2
VUT,2016,cc,-0.09
VEN,2016,cc,-1.37
VNM,2016,cc,-0.49
VIR,2016,cc,0.58
WBG,2016,cc,-0.18
YEM,2016,cc,-1.7
ZMB,2016,cc,-0.43
ZWE,2016,cc,-1.29
AFG,2016,ge,-1.29
ALB,2016,ge,0.03
DZA,2016,ge,-0.46
ASM,2016,ge,0.48
ADO,2016,ge,1.81
AGO,2016,ge,-0.97
AIA,2016,ge,1.28
ATG,2016,ge,0.22
ARG,2016,ge,0.22
ARM,2016,ge,-0.31
ABW,2016,ge,0.85
AUS,2016,ge,1.53
AUT,2016,ge,1.47
AZE,2016,ge,-0.16
BHS,2016,ge,0.68
BHR,2016,ge,0.27
BGD,2016,ge,-0.71
BRB,2016,ge,1.04
BLR,2016,ge,-0.51
BEL,2016,ge,1.4
BLZ,2016,ge,-0.64
BEN,2016,ge,-0.63
BMU,2016,ge,1.28
BTN,2016,ge,0.5
BOL,2016,ge,-0.6
BIH,2016,ge,-0.45
BWA,2016,ge,0.5
BRA,2016,ge,-0.25
BRN,2016,ge,1.05
BGR,2016,ge,0.09
BFA,2016,ge,-0.64
BDI,2016,ge,-1.48
KHM,2016,ge,-0.74
CMR,2016,ge,-0.82
CAN,2016,ge,1.74
CPV,2016,ge,0.11
CYM,2016,ge,1.14
CAF,2016,ge,-1.81
TCD,2016,ge,-1.56
CHL,2016,ge,0.83
CHN,2016,ge,0.36
COL,2016,ge,-0.04
COM,2016,ge,-1.68
ZAR,2016,ge,-1.56
COG,2016,ge,-1.13
CRI,2016,ge,0.28
HRV,2016,ge,0.42
CUB,2016,ge,-0.12
CYP,2016,ge,0.93
CZE,2016,ge,1.01
CIV,2016,ge,-0.74
DNK,2016,ge,1.82
DJI,2016,ge,-1.04
DMA,2016,ge,0.17
DOM,2016,ge,-0.29
ECU,2016,ge,-0.38
EGY,2016,ge,-0.54
SLV,2016,ge,-0.34
GNQ,2016,ge,-1.16
ERI,2016,ge,-1.78
EST,2016,ge,1.05
SWZ,2016,ge,-0.54
ETH,2016,ge,-0.71
FJI,2016,ge,-0.28
FIN,2016,ge,1.84
FRA,2016,ge,1.38
GUF,2016,ge,1.09
GAB,2016,ge,-0.83
GMB,2016,ge,-0.94
GEO,2016,ge,0.42
DEU,2016,ge,1.66
GHA,2016,ge,-0.25
GRC,2016,ge,0.12
GRL,2016,ge,0.81
GRD,2016,ge,-0.12
GUM,2016,ge,0.22
GTM,2016,ge,-0.65
GIN,2016,ge,-1.07
GNB,2016,ge,-1.71
GUY,2016,ge,-0.28
HTI,2016,ge,-2.17
HND,2016,ge,-0.76
HKG,2016,ge,1.8
HUN,2016,ge,0.46
ISL,2016,ge,1.35
IND,2016,ge,0.06
IDN,2016,ge,-0.05
IRN,2016,ge,-0.24
IRQ,2016,ge,-1.23
IRL,2016,ge,1.33
ISR,2016,ge,1.31
ITA,2016,ge,0.54
JAM,2016,ge,0.47
JPN,2016,ge,1.78
JEY,2016,ge,1.24
JOR,2016,ge,0.12
KAZ,2016,ge,-0.14
KEN,2016,ge,-0.4
KIR,2016,ge,-0.3
PRK,2016,ge,-1.66
KOR,2016,ge,1.02
KSV,2016,ge,-0.44
KWT,2016,ge,-0.2
KGZ,2016,ge,-0.97
LAO,2016,ge,-0.43
LVA,2016,ge,0.97
LBN,2016,ge,-0.48
LSO,2016,ge,-0.88
LBR,2016,ge,-1.32
LBY,2016,ge,-1.75
LIE,2016,ge,1.66
LTU,2016,ge,1.03
LUX,2016,ge,1.66
MAC,2016,ge,1.14
MDG,2016,ge,-1.23
MWI,2016,ge,-0.8
MYS,2016,ge,0.82
MDV,2016,ge,-0.18
MLI,2016,ge,-1.03
MLT,2016,ge,0.92
MHL,2016,ge,-0.2
MTQ,2016,ge,0.75
MRT,2016,ge,-0.85
MUS,2016,ge,1.02
MEX,2016,ge,0.03
FSM,2016,ge,-0.04
MDA,2016,ge,-0.69
MCO,2016,ge,1.81
MNG,2016,ge,-0.1
MNE,2016,ge,0.14
MAR,2016,ge,-0.19
MOZ,2016,ge,-0.95
MMR,2016,ge,-1.01
NAM,2016,ge,0.19
NRU,2016,ge,-0.08
NPL,2016,ge,-0.89
NLD,2016,ge,1.82
NZL,2016,ge,1.81
NIC,2016,ge,-0.74
NER,2016,ge,-0.69
NGA,2016,ge,-1.12
MKD,2016,ge,-0.03
NOR,2016,ge,1.83
OMN,2016,ge,0.14
PAK,2016,ge,-0.7
PLW,2016,ge,0.2
PAN,2016,ge,0.15
PNG,2016,ge,-0.74
PRY,2016,ge,-0.82
PER,2016,ge,-0.26
PHL,2016,ge,0.02
POL,2016,ge,0.65
PRT,2016,ge,1.15
PRI,2016,ge,0.36
QAT,2016,ge,0.72
ROM,2016,ge,-0.07
RUS,2016,ge,-0.32
RWA,2016,ge,0.01
REU,2016,ge,1.01
WSM,2016,ge,0.69
SMR,2016,ge,1.54
SAU,2016,ge,0.21
SEN,2016,ge,-0.5
SRB,2016,ge,-0.04
SYC,2016,ge,0.52
SLE,2016,ge,-1.23
SGP,2016,ge,2.21
SVK,2016,ge,0.79
SVN,2016,ge,1.09
SLB,2016,ge,-0.93
SOM,2016,ge,-2.21
ZAF,2016,ge,0.1
SSD,2016,ge,-2.34
ESP,2016,ge,1.09
LKA,2016,ge,-0.03
KNA,2016,ge,0.22
LCA,2016,ge,0.1
VCT,2016,ge,0.38
SDN,2016,ge,-1.56
SUR,2016,ge,-0.37
SWE,2016,ge,1.66
CHE,2016,ge,1.97
SYR,2016,ge,-1.85
STP,2016,ge,-0.78
TWN,2016,ge,1.32
TJK,2016,ge,-1.09
TZA,2016,ge,-0.61
THA,2016,ge,0.23
TMP,2016,ge,-1.04
TGO,2016,ge,-1.12
TON,2016,ge,-0.33
TTO,2016,ge,0.25
TUN,2016,ge,-0.21
TKM,2016,ge,-0.91
TUV,2016,ge,-0.92
TUR,2016,ge,-0.01
UGA,2016,ge,-0.63
UKR,2016,ge,-0.61
ARE,2016,ge,1.41
GBR,2016,ge,1.57
USA,2016,ge,1.44
URY,2016,ge,0.5
UZB,2016,ge,-0.66
VUT,2016,ge,-0.96
VEN,2016,ge,-1.27
VNM,2016,ge,-0.02
VIR,2016,ge,1.28
WBG,2016,ge,-0.67
YEM,2016,ge,-1.91
ZMB,2016,ge,-0.74
ZWE,2016,ge,-1.26
AFG,2016,pv,-2.66
ALB,2016,pv,0.34
DZA,2016,pv,-1.1
ASM,2016,pv,1.16
ADO,2016,pv,1.38
AGO,2016,pv,-0.32
AIA,2016,pv,1.28
ATG,2016,pv,0.86
ARG,2016,pv,0.2
ARM,2016,pv,-0.67
ABW,2016,pv,1.26
AUS,2016,pv,1.03
AUT,2016,pv,0.89
AZE,2016,pv,-0.81
BHS,2016,pv,0.96
BHR,2016,pv,-0.79
BGD,2016,pv,-1.26
BRB,2016,pv,0.96
BLR,2016,pv,0.14
BEL,2016,pv,0.43
BLZ,2016,pv,0.05
BEN,2016,pv,-0.01
BMU,2016,pv,0.98
BTN,2016,pv,1.11
BOL,2016,pv,-0.25
BIH,2016,pv,-0.4
BWA,2016,pv,0.98
BRA,2016,pv,-0.38
BRN,2016,pv,1.14
BGR,2016,pv,0.07
BFA,2016,pv,-0.87
BDI,2016,pv,-1.96
KHM,2016,pv,0.21
CMR,2016,pv,-1.06
CAN,2016,pv,1.24
CPV,2016,pv,0.87
CYM,2016,pv,1.14
CAF,2016,pv,-1.78
TCD,2016,pv,-1.3
CHL,2016,pv,0.4
CHN,2016,pv,-0.5
COL,2016,pv,-0.89
COM,2016,pv,0.02
ZAR,2016,pv,-2.22
COG,2016,pv,-0.52
CRI,2016,pv,0.65
HRV,2016,pv,0.65
CUB,2016,pv,0.67
CYP,2016,pv,0.59
CZE,2016,pv,0.96
CIV,2016,pv,-0.91
DNK,2016,pv,0.85
DJI,2016,pv,-0.63
DMA,2016,pv,0.98
DOM,2016,pv,0.24
ECU,2016,pv,-0.09
EGY,2016,pv,-1.44
SLV,2016,pv,-0.1
GNQ,2016,pv,-0.15
ERI,2016,pv,-0.66
EST,2016,pv,0.66
SWZ,2016,pv,-0.49
ETH,2016,pv,-1.62
FJI,2016,pv,0.9
FIN,2016,pv,0.98
FRA,2016,pv,-0.11
GUF,2016,pv,0.54
GAB,2016,pv,-0.11
GMB,2016,pv,-0.44
GEO,2016,pv,-0.32
DEU,2016,pv,0.67
GHA,2016,pv,-0.14
GRC,2016,pv,-0.13
GRL,2016,pv,1.96
GRD,2016,pv,1
GUM,2016,pv,0.65
GTM,2016,pv,-0.55
GIN,2016,pv,-0.4
GNB,2016,pv,-0.45
GUY,2016,pv,-0.03
HTI,2016,pv,-0.75
HND,2016,pv,-0.44
HKG,2016,pv,0.74
HUN,2016,pv,0.64
ISL,2016,pv,1.35
IND,2016,pv,-0.96
IDN,2016,pv,-0.38
IRN,2016,pv,-0.81
IRQ,2016,pv,-2.3
IRL,2016,pv,0.83
ISR,2016,pv,-0.8
ITA,2016,pv,0.36
JAM,2016,pv,0.3
JPN,2016,pv,0.97
JEY,2016,pv,1.32
JOR,2016,pv,-0.5
KAZ,2016,pv,0
KEN,2016,pv,-1.35
KIR,2016,pv,0.85
PRK,2016,pv,-0.68
KOR,2016,pv,0.15
KSV,2016,pv,-0.29
KWT,2016,pv,-0.06
KGZ,2016,pv,-0.65
LAO,2016,pv,0.52
LVA,2016,pv,0.47
LBN,2016,pv,-1.62
LSO,2016,pv,-0.24
LBR,2016,pv,-0.44
LBY,2016,pv,-2.27
LIE,2016,pv,1.45
LTU,2016,pv,0.81
LUX,2016,pv,1.4
MAC,2016,pv,1.39
MDG,2016,pv,-0.29
MWI,2016,pv,-0.12
MYS,2016,pv,0.13
MDV,2016,pv,0.41
MLI,2016,pv,-1.61
MLT,2016,pv,1.07
MHL,2016,pv,0.83
MTQ,2016,pv,0.98
MRT,2016,pv,-0.75
MUS,2016,pv,1
MEX,2016,pv,-0.63
FSM,2016,pv,1.04
MDA,2016,pv,-0.31
MCO,2016,pv,1.32
MNG,2016,pv,0.79
MNE,2016,pv,0.27
MAR,2016,pv,-0.32
MOZ,2016,pv,-1.1
MMR,2016,pv,-0.81
NAM,2016,pv,0.7
NRU,2016,pv,1.11
NPL,2016,pv,-0.85
NLD,2016,pv,0.9
NZL,2016,pv,1.5
NIC,2016,pv,-0.1
NER,2016,pv,-1.1
NGA,2016,pv,-1.87
MKD,2016,pv,-0.36
NOR,2016,pv,1.18
OMN,2016,pv,0.75
PAK,2016,pv,-2.47
PLW,2016,pv,0.85
PAN,2016,pv,0.4
PNG,2016,pv,-0.5
PRY,2016,pv,0.13
PER,2016,pv,-0.21
PHL,2016,pv,-1.38
POL,2016,pv,0.5
PRT,2016,pv,0.96
PRI,2016,pv,0.68
QAT,2016,pv,0.88
ROM,2016,pv,0.27
RUS,2016,pv,-0.95
RWA,2016,pv,-0.07
REU,2016,pv,0.29
WSM,2016,pv,1.18
SMR,2016,pv,1.38
SAU,2016,pv,-0.47
SEN,2016,pv,-0.23
SRB,2016,pv,0.13
SYC,2016,pv,0.72
SLE,2016,pv,-0.17
SGP,2016,pv,1.48
SVK,2016,pv,0.71
SVN,2016,pv,0.98
SLB,2016,pv,0.49
SOM,2016,pv,-2.35
ZAF,2016,pv,-0.15
SSD,2016,pv,-2.41
ESP,2016,pv,0.4
LKA,2016,pv,-0.01
KNA,2016,pv,0.61
LCA,2016,pv,1
VCT,2016,pv,1
SDN,2016,pv,-2.33
SUR,2016,pv,0.15
SWE,2016,pv,1
CHE,2016,pv,1.29
SYR,2016,pv,-2.91
STP,2016,pv,0.22
TWN,2016,pv,0.91
TJK,2016,pv,-0.78
TZA,2016,pv,-0.45
THA,2016,pv,-0.99
TMP,2016,pv,-0.02
TGO,2016,pv,-0.18
TON,2016,pv,0.9
TTO,2016,pv,0.28
TUN,2016,pv,-1.14
TKM,2016,pv,-0.2
TUV,2016,pv,1.38
TUR,2016,pv,-2.01
UGA,2016,pv,-0.72
UKR,2016,pv,-1.85
ARE,2016,pv,0.55
GBR,2016,pv,0.35
USA,2016,pv,0.39
URY,2016,pv,1.05
UZB,2016,pv,-0.28
VUT,2016,pv,0.49
VEN,2016,pv,-1.02
VNM,2016,pv,0.23
VIR,2016,pv,0.98
WBG,2016,pv,-1.97
YEM,2016,pv,-2.78
ZMB,2016,pv,0.13
ZWE,2016,pv,-0.62
AFG,2016,rl,-1.52
ALB,2016,rl,-0.32
DZA,2016,rl,-0.92
ASM,2016,rl,1.28
ADO,2016,rl,1.51
AGO,2016,rl,-1
AIA,2016,rl,-0.12
ATG,2016,rl,0.47
ARG,2016,rl,-0.32
ARM,2016,rl,-0.16
ABW,2016,rl,1.23
AUS,2016,rl,1.72
AUT,2016,rl,1.76
AZE,2016,rl,-0.54
BHS,2016,rl,0.23
BHR,2016,rl,0.43
BGD,2016,rl,-0.67
BRB,2016,rl,0.76
BLR,2016,rl,-0.77
BEL,2016,rl,1.39
BLZ,2016,rl,-0.97
BEN,2016,rl,-0.63
BMU,2016,rl,0.81
BTN,2016,rl,0.51
BOL,2016,rl,-1.24
BIH,2016,rl,-0.19
BWA,2016,rl,0.38
BRA,2016,rl,-0.2
BRN,2016,rl,0.54
BGR,2016,rl,-0.14
BFA,2016,rl,-0.46
BDI,2016,rl,-1.48
KHM,2016,rl,-1.08
CMR,2016,rl,-1.06
CAN,2016,rl,1.8
CPV,2016,rl,0.28
CYM,2016,rl,0.76
CAF,2016,rl,-1.85
TCD,2016,rl,-1.41
CHL,2016,rl,0.96
CHN,2016,rl,-0.32
COL,2016,rl,-0.27
COM,2016,rl,-1.05
ZAR,2016,rl,-1.65
COG,2016,rl,-1.15
CRI,2016,rl,0.43
HRV,2016,rl,0.34
CUB,2016,rl,-0.46
CYP,2016,rl,0.69
CZE,2016,rl,0.99
CIV,2016,rl,-0.66
DNK,2016,rl,1.88
DJI,2016,rl,-1
DMA,2016,rl,0.65
DOM,2016,rl,-0.39
ECU,2016,rl,-0.65
EGY,2016,rl,-0.48
SLV,2016,rl,-0.76
GNQ,2016,rl,-1.39
ERI,2016,rl,-1.66
EST,2016,rl,1.19
SWZ,2016,rl,-0.38
ETH,2016,rl,-0.51
FJI,2016,rl,-0.09
FIN,2016,rl,2.01
FRA,2016,rl,1.35
GUF,2016,rl,1.27
GAB,2016,rl,-0.61
GMB,2016,rl,-0.8
GEO,2016,rl,0.34
DEU,2016,rl,1.58
GHA,2016,rl,0.03
GRC,2016,rl,0.11
GRL,2016,rl,1.69
GRD,2016,rl,0.62
GUM,2016,rl,1.05
GTM,2016,rl,-1.03
GIN,2016,rl,-1.24
GNB,2016,rl,-1.54
GUY,2016,rl,-0.31
HTI,2016,rl,-1.01
HND,2016,rl,-1.14
HKG,2016,rl,1.68
HUN,2016,rl,0.41
ISL,2016,rl,1.48
IND,2016,rl,-0.06
IDN,2016,rl,-0.34
IRN,2016,rl,-0.7
IRQ,2016,rl,-1.77
IRL,2016,rl,1.47
ISR,2016,rl,1.04
ITA,2016,rl,0.37
JAM,2016,rl,-0.17
JPN,2016,rl,1.38
JEY,2016,rl,1.69
JOR,2016,rl,0.25
KAZ,2016,rl,-0.51
KEN,2016,rl,-0.46
KIR,2016,rl,0.3
PRK,2016,rl,-1.67
KOR,2016,rl,1.13
KSV,2016,rl,-0.36
KWT,2016,rl,0.01
KGZ,2016,rl,-1.05
LAO,2016,rl,-0.81
LVA,2016,rl,0.93
LBN,2016,rl,-0.81
LSO,2016,rl,-0.19
LBR,2016,rl,-0.97
LBY,2016,rl,-1.7
LIE,2016,rl,1.65
LTU,2016,rl,1
LUX,2016,rl,1.72
MAC,2016,rl,0.82
MDG,2016,rl,-0.83
MWI,2016,rl,-0.4
MYS,2016,rl,0.39
MDV,2016,rl,-0.32
MLI,2016,rl,-0.8
MLT,2016,rl,0.97
MHL,2016,rl,0.12
MTQ,2016,rl,0.81
MRT,2016,rl,-0.75
MUS,2016,rl,0.69
MEX,2016,rl,-0.58
FSM,2016,rl,0
MDA,2016,rl,-0.53
MCO,2016,rl,1.51
MNG,2016,rl,-0.23
MNE,2016,rl,-0.14
MAR,2016,rl,-0.27
MOZ,2016,rl,-1.08
MMR,2016,rl,-0.9
NAM,2016,rl,0.46
NRU,2016,rl,-0.55
NPL,2016,rl,-0.81
NLD,2016,rl,1.85
NZL,2016,rl,1.91
NIC,2016,rl,-0.66
NER,2016,rl,-0.69
NGA,2016,rl,-1.04
MKD,2016,rl,-0.34
NOR,2016,rl,1.99
OMN,2016,rl,0.38
PAK,2016,rl,-0.82
PLW,2016,rl,0.93
PAN,2016,rl,0.03
PNG,2016,rl,-0.78
PRY,2016,rl,-0.69
PER,2016,rl,-0.5
PHL,2016,rl,-0.43
POL,2016,rl,0.59
PRT,2016,rl,1.04
PRI,2016,rl,0.63
QAT,2016,rl,0.77
ROM,2016,rl,0.45
RUS,2016,rl,-0.85
RWA,2016,rl,0.1
REU,2016,rl,1.05
WSM,2016,rl,0.87
SMR,2016,rl,1.51
SAU,2016,rl,0.32
SEN,2016,rl,-0.12
SRB,2016,rl,-0.13
SYC,2016,rl,0.29
SLE,2016,rl,-0.8
SGP,2016,rl,1.79
SVK,2016,rl,0.6
SVN,2016,rl,1.05
SLB,2016,rl,-0.3
SOM,2016,rl,-2.32
ZAF,2016,rl,0.04
SSD,2016,rl,-1.98
ESP,2016,rl,0.97
LKA,2016,rl,0.11
KNA,2016,rl,0.46
LCA,2016,rl,0.55
VCT,2016,rl,0.43
SDN,2016,rl,-1.28
SUR,2016,rl,-0.17
SWE,2016,rl,1.95
CHE,2016,rl,1.91
SYR,2016,rl,-1.99
STP,2016,rl,-0.69
TWN,2016,rl,1.11
TJK,2016,rl,-1.17
TZA,2016,rl,-0.4
THA,2016,rl,-0.03
TMP,2016,rl,-1.18
TGO,2016,rl,-0.65
TON,2016,rl,0.3
TTO,2016,rl,-0.21
TUN,2016,rl,0.02
TKM,2016,rl,-1.49
TUV,2016,rl,0.56
TUR,2016,rl,-0.34
UGA,2016,rl,-0.27
UKR,2016,rl,-0.82
ARE,2016,rl,0.82
GBR,2016,rl,1.64
USA,2016,rl,1.58
URY,2016,rl,0.62
UZB,2016,rl,-1.13
VUT,2016,rl,0.4
VEN,2016,rl,-2.27
VNM,2016,rl,0.07
VIR,2016,rl,0.58
WBG,2016,rl,-0.36
YEM,2016,rl,-1.67
ZMB,2016,rl,-0.31
ZWE,2016,rl,-1.39
AFG,2016,rq,-1.34
ALB,2016,rq,0.19
DZA,2016,rq,-1.24
ASM,2016,rq,0.12
ADO,2016,rq,0.86
AGO,2016,rq,-0.97
AIA,2016,rq,0.86
ATG,2016,rq,0.33
ARG,2016,rq,-0.35
ARM,2016,rq,0.21
ABW,2016,rq,1.34
AUS,2016,rq,1.89
AUT,2016,rq,1.43
AZE,2016,rq,-0.4
BHS,2016,rq,0.24
BHR,2016,rq,0.6
BGD,2016,rq,-0.81
BRB,2016,rq,0.47
BLR,2016,rq,-1.09
BEL,2016,rq,1.33
BLZ,2016,rq,-0.49
BEN,2016,rq,-0.58
BMU,2016,rq,0.86
BTN,2016,rq,-0.69
BOL,2016,rq,-1.02
BIH,2016,rq,-0.14
BWA,2016,rq,0.73
BRA,2016,rq,-0.19
BRN,2016,rq,0.58
BGR,2016,rq,0.7
BFA,2016,rq,-0.45
BDI,2016,rq,-0.85
KHM,2016,rq,-0.49
CMR,2016,rq,-0.81
CAN,2016,rq,1.73
CPV,2016,rq,-0.19
CYM,2016,rq,0.77
CAF,2016,rq,-1.42
TCD,2016,rq,-1.18
CHL,2016,rq,1.36
CHN,2016,rq,-0.31
COL,2016,rq,0.34
COM,2016,rq,-1.1
ZAR,2016,rq,-1.32
COG,2016,rq,-1.21
CRI,2016,rq,0.53
HRV,2016,rq,0.24
CUB,2016,rq,-1.36
CYP,2016,rq,1.04
CZE,2016,rq,0.97
CIV,2016,rq,-0.42
DNK,2016,rq,1.56
DJI,2016,rq,-0.75
DMA,2016,rq,0.18
DOM,2016,rq,-0.01
ECU,2016,rq,-0.96
EGY,2016,rq,-0.89
SLV,2016,rq,-0.05
GNQ,2016,rq,-1.56
ERI,2016,rq,-2.11
EST,2016,rq,1.69
SWZ,2016,rq,-0.26
ETH,2016,rq,-1.11
FJI,2016,rq,-0.23
FIN,2016,rq,1.81
FRA,2016,rq,1.06
GUF,2016,rq,1.42
GAB,2016,rq,-0.72
GMB,2016,rq,-0.58
GEO,2016,rq,0.86
DEU,2016,rq,1.81
GHA,2016,rq,-0.3
GRC,2016,rq,0.14
GRL,2016,rq,1.32
GRD,2016,rq,0.06
GUM,2016,rq,0.12
GTM,2016,rq,-0.3
GIN,2016,rq,-0.89
GNB,2016,rq,-1.25
GUY,2016,rq,-0.43
HTI,2016,rq,-1.26
HND,2016,rq,-0.53
HKG,2016,rq,2.14
HUN,2016,rq,0.59
ISL,2016,rq,1.27
IND,2016,rq,-0.31
IDN,2016,rq,-0.03
IRN,2016,rq,-1.25
IRQ,2016,rq,-0.99
IRL,2016,rq,1.73
ISR,2016,rq,1.3
ITA,2016,rq,0.7
JAM,2016,rq,0.1
JPN,2016,rq,1.42
JEY,2016,rq,0.69
JOR,2016,rq,0.07
KAZ,2016,rq,-0.16
KEN,2016,rq,-0.36
KIR,2016,rq,-0.82
PRK,2016,rq,-2.35
KOR,2016,rq,1.1
KSV,2016,rq,-0.22
KWT,2016,rq,-0.09
KGZ,2016,rq,-0.39
LAO,2016,rq,-0.76
LVA,2016,rq,1.07
LBN,2016,rq,-0.42
LSO,2016,rq,-0.46
LBR,2016,rq,-0.98
LBY,2016,rq,-2.22
LIE,2016,rq,1.36
LTU,2016,rq,1.12
LUX,2016,rq,1.71
MAC,2016,rq,1.77
MDG,2016,rq,-0.74
MWI,2016,rq,-0.88
MYS,2016,rq,0.66
MDV,2016,rq,-0.5
MLI,2016,rq,-0.64
MLT,2016,rq,1.14
MHL,2016,rq,-0.89
MTQ,2016,rq,1.23
MRT,2016,rq,-0.79
MUS,2016,rq,1.09
MEX,2016,rq,0.2
FSM,2016,rq,-0.96
MDA,2016,rq,-0.13
MCO,2016,rq,1.23
MNG,2016,rq,-0.1
MNE,2016,rq,0.23
MAR,2016,rq,-0.16
MOZ,2016,rq,-0.75
MMR,2016,rq,-0.87
NAM,2016,rq,-0.01
NRU,2016,rq,-0.6
NPL,2016,rq,-0.79
NLD,2016,rq,1.96
NZL,2016,rq,2.03
NIC,2016,rq,-0.53
NER,2016,rq,-0.72
NGA,2016,rq,-0.94
MKD,2016,rq,0.38
NOR,2016,rq,1.69
OMN,2016,rq,0.6
PAK,2016,rq,-0.66
PLW,2016,rq,0.13
PAN,2016,rq,0.47
PNG,2016,rq,-0.57
PRY,2016,rq,-0.23
PER,2016,rq,0.47
PHL,2016,rq,0.11
POL,2016,rq,0.91
PRT,2016,rq,0.83
PRI,2016,rq,0.94
QAT,2016,rq,0.68
ROM,2016,rq,0.57
RUS,2016,rq,-0.44
RWA,2016,rq,0.01
REU,2016,rq,1.23
WSM,2016,rq,-0.14
SMR,2016,rq,0.49
SAU,2016,rq,0.06
SEN,2016,rq,-0.21
SRB,2016,rq,0.02
SYC,2016,rq,-0.09
SLE,2016,rq,-0.95
SGP,2016,rq,2.17
SVK,2016,rq,0.88
SVN,2016,rq,0.63
SLB,2016,rq,-0.97
SOM,2016,rq,-2.18
ZAF,2016,rq,0.12
SSD,2016,rq,-1.8
ESP,2016,rq,1
LKA,2016,rq,-0.12
KNA,2016,rq,0.71
LCA,2016,rq,0.27
VCT,2016,rq,0.26
SDN,2016,rq,-1.49
SUR,2016,rq,-0.64
SWE,2016,rq,1.84
CHE,2016,rq,1.9
SYR,2016,rq,-1.68
STP,2016,rq,-0.87
TWN,2016,rq,1.28
TJK,2016,rq,-1.12
TZA,2016,rq,-0.48
THA,2016,rq,0.05
TMP,2016,rq,-0.99
TGO,2016,rq,-0.83
TON,2016,rq,-0.43
TTO,2016,rq,-0.02
TUN,2016,rq,-0.45
TKM,2016,rq,-2.12
TUV,2016,rq,-0.57
TUR,2016,rq,0.19
UGA,2016,rq,-0.27
UKR,2016,rq,-0.41
ARE,2016,rq,0.96
GBR,2016,rq,1.75
USA,2016,rq,1.49
URY,2016,rq,0.68
UZB,2016,rq,-1.64
VUT,2016,rq,-0.3
VEN,2016,rq,-2
VNM,2016,rq,-0.5
VIR,2016,rq,0.86
WBG,2016,rq,0.05
YEM,2016,rq,-1.5
ZMB,2016,rq,-0.54
ZWE,2016,rq,-1.69
AFG,2016,va,-1.04
ALB,2016,va,0.17
DZA,2016,va,-0.86
ADO,2016,va,1.18
AGO,2016,va,-1.14
ATG,2016,va,0.63
ARG,2016,va,0.49
ARM,2016,va,-0.58
ABW,2016,va,1.28
AUS,2016,va,1.35
AUT,2016,va,1.34
AZE,2016,va,-1.56
BHS,2016,va,0.85
BHR,2016,va,-1.37
BGD,2016,va,-0.58
BRB,2016,va,1.09
BLR,2016,va,-1.34
BEL,2016,va,1.38
BLZ,2016,va,0.57
BEN,2016,va,0.41
BTN,2016,va,-0.03
BOL,2016,va,-0.04
BIH,2016,va,-0.13
BWA,2016,va,0.4
BRA,2016,va,0.45
BRN,2016,va,-0.9
BGR,2016,va,0.4
BFA,2016,va,0.01
BDI,2016,va,-1.56
KHM,2016,va,-1.11
CMR,2016,va,-1.03
CAN,2016,va,1.45
CPV,2016,va,0.97
CYM,2016,va,0.47
CAF,2016,va,-1.08
TCD,2016,va,-1.36
CHL,2016,va,1
CHN,2016,va,-1.56
COL,2016,va,0.12
COM,2016,va,-0.29
ZAR,2016,va,-1.41
COG,2016,va,-1.16
CRI,2016,va,1.12
HRV,2016,va,0.53
CUB,2016,va,-1.56
CYP,2016,va,1.05
CZE,2016,va,1.03
CIV,2016,va,-0.31
DNK,2016,va,1.54
DJI,2016,va,-1.37
DMA,2016,va,0.9
DOM,2016,va,0.18
ECU,2016,va,-0.25
EGY,2016,va,-1.2
SLV,2016,va,0.19
GNQ,2016,va,-1.95
ERI,2016,va,-2.17
EST,2016,va,1.21
SWZ,2016,va,-1.43
ETH,2016,va,-1.4
FJI,2016,va,0.03
FIN,2016,va,1.53
FRA,2016,va,1.14
GUF,2016,va,1.28
GAB,2016,va,-0.97
GMB,2016,va,-1.26
GEO,2016,va,0.3
DEU,2016,va,1.36
GHA,2016,va,0.58
GRC,2016,va,0.67
GRL,2016,va,1.28
GRD,2016,va,0.82
GTM,2016,va,-0.29
GIN,2016,va,-0.76
GNB,2016,va,-0.73
GUY,2016,va,0.25
HTI,2016,va,-0.76
HND,2016,va,-0.44
HKG,2016,va,0.38
HUN,2016,va,0.4
ISL,2016,va,1.36
IND,2016,va,0.44
IDN,2016,va,0.17
IRN,2016,va,-1.34
IRQ,2016,va,-1.02
IRL,2016,va,1.29
ISR,2016,va,0.79
ITA,2016,va,1.04
JAM,2016,va,0.68
JPN,2016,va,0.98
JEY,2016,va,1.28
JOR,2016,va,-0.71
KAZ,2016,va,-1.21
KEN,2016,va,-0.11
KIR,2016,va,1
PRK,2016,va,-2.18
KOR,2016,va,0.64
KSV,2016,va,-0.15
KWT,2016,va,-0.63
KGZ,2016,va,-0.42
LAO,2016,va,-1.76
LVA,2016,va,0.84
LBN,2016,va,-0.52
LSO,2016,va,-0.01
LBR,2016,va,-0.11
LBY,2016,va,-1.43
LIE,2016,va,1.25
LTU,2016,va,1
LUX,2016,va,1.5
MAC,2016,va,-0.06
MDG,2016,va,-0.32
MWI,2016,va,-0.03
MYS,2016,va,-0.42
MDV,2016,va,-0.71
MLI,2016,va,-0.18
MLT,2016,va,1.2
MHL,2016,va,1.19
MRT,2016,va,-0.77
MUS,2016,va,0.82
MEX,2016,va,-0.07
FSM,2016,va,1.15
MDA,2016,va,-0.02
MCO,2016,va,0.84
MNG,2016,va,0.33
MNE,2016,va,0.08
MAR,2016,va,-0.62
MOZ,2016,va,-0.42
MMR,2016,va,-0.8
NAM,2016,va,0.58
NRU,2016,va,0.51
NPL,2016,va,-0.25
NLD,2016,va,1.54
NZL,2016,va,1.53
NIC,2016,va,-0.68
NER,2016,va,-0.42
NGA,2016,va,-0.32
MKD,2016,va,-0.23
NOR,2016,va,1.67
OMN,2016,va,-1.05
PAK,2016,va,-0.7
PLW,2016,va,1.21
PAN,2016,va,0.52
PNG,2016,va,0.16
PRY,2016,va,-0.06
PER,2016,va,0.27
PHL,2016,va,0.16
POL,2016,va,0.84
PRT,2016,va,1.16
PRI,2016,va,0.41
QAT,2016,va,-1.15
ROM,2016,va,0.54
RUS,2016,va,-1.13
RWA,2016,va,-1.15
WSM,2016,va,0.77
SMR,2016,va,1.19
SAU,2016,va,-1.73
SEN,2016,va,0.37
SRB,2016,va,0.2
SYC,2016,va,0.16
SLE,2016,va,-0.2
SGP,2016,va,-0.15
SVK,2016,va,0.96
SVN,2016,va,1.01
SLB,2016,va,0.47
SOM,2016,va,-1.91
ZAF,2016,va,0.65
SSD,2016,va,-1.8
ESP,2016,va,1.04
LKA,2016,va,-0.08
KNA,2016,va,1.01
LCA,2016,va,1.01
VCT,2016,va,0.95
SDN,2016,va,-1.83
SUR,2016,va,0.41
SWE,2016,va,1.57
CHE,2016,va,1.53
SYR,2016,va,-1.99
STP,2016,va,0.36
TWN,2016,va,1.01
TJK,2016,va,-1.69
TZA,2016,va,-0.22
THA,2016,va,-1.02
TMP,2016,va,0.22
TGO,2016,va,-0.55
TON,2016,va,0.64
TTO,2016,va,0.56
TUN,2016,va,0.3
TKM,2016,va,-2.17
TUV,2016,va,1.08
TUR,2016,va,-0.61
UGA,2016,va,-0.65
UKR,2016,va,0
ARE,2016,va,-1.05
GBR,2016,va,1.3
USA,2016,va,1.11
URY,2016,va,1.16
UZB,2016,va,-1.89
VUT,2016,va,0.66
VEN,2016,va,-1.14
VNM,2016,va,-1.37
WBG,2016,va,-1.09
YEM,2016,va,-1.69
ZMB,2016,va,-0.3
ZWE,2016,va,-1.18
AFG,2017,cc,-1.53
ALB,2017,cc,-0.48
DZA,2017,cc,-0.6
ASM,2017,cc,1.76
ADO,2017,cc,1.17
AGO,2017,cc,-1.45
AIA,2017,cc,1.17
ATG,2017,cc,0.2
ARG,2017,cc,-0.31
ARM,2017,cc,-0.64
ABW,2017,cc,1.24
AUS,2017,cc,1.75
AUT,2017,cc,1.5
AZE,2017,cc,-0.91
BHS,2017,cc,1.13
BHR,2017,cc,-0.17
BGD,2017,cc,-0.86
BRB,2017,cc,1.38
BLR,2017,cc,-0.24
BEL,2017,cc,1.4
BLZ,2017,cc,-0.31
BEN,2017,cc,-0.58
BMU,2017,cc,1.17
BTN,2017,cc,1.53
BOL,2017,cc,-0.7
BIH,2017,cc,-0.55
BWA,2017,cc,0.71
BRA,2017,cc,-0.56
BRN,2017,cc,0.68
BGR,2017,cc,-0.2
BFA,2017,cc,-0.14
BDI,2017,cc,-1.32
KHM,2017,cc,-1.32
CMR,2017,cc,-1.23
CAN,2017,cc,1.88
CPV,2017,cc,0.8
CYM,2017,cc,0.48
CAF,2017,cc,-1.2
TCD,2017,cc,-1.46
CHL,2017,cc,1
CHN,2017,cc,-0.29
COL,2017,cc,-0.43
COM,2017,cc,-0.71
ZAR,2017,cc,-1.45
COG,2017,cc,-1.37
CRI,2017,cc,0.43
HRV,2017,cc,0.06
CUB,2017,cc,0.23
CYP,2017,cc,0.75
CZE,2017,cc,0.57
CIV,2017,cc,-0.55
DNK,2017,cc,2.19
DJI,2017,cc,-0.67
DMA,2017,cc,0.63
DOM,2017,cc,-0.79
ECU,2017,cc,-0.63
EGY,2017,cc,-0.5
SLV,2017,cc,-0.53
GNQ,2017,cc,-1.65
ERI,2017,cc,-1.23
EST,2017,cc,1.2
SWZ,2017,cc,-0.07
ETH,2017,cc,-0.58
FJI,2017,cc,0.64
FIN,2017,cc,2.16
FRA,2017,cc,1.22
GUF,2017,cc,0.95
GAB,2017,cc,-0.84
GMB,2017,cc,-0.66
GEO,2017,cc,0.76
DEU,2017,cc,1.8
GHA,2017,cc,-0.25
GRC,2017,cc,-0.11
GRL,2017,cc,1.15
GRD,2017,cc,0.46
GUM,2017,cc,1.17
GTM,2017,cc,-0.79
GIN,2017,cc,-1.04
GNB,2017,cc,-1.6
GUY,2017,cc,-0.53
HTI,2017,cc,-1.26
HND,2017,cc,-0.74
HKG,2017,cc,1.57
HUN,2017,cc,0.09
ISL,2017,cc,1.79
IND,2017,cc,-0.29
IDN,2017,cc,-0.31
IRN,2017,cc,-0.84
IRQ,2017,cc,-1.43
IRL,2017,cc,1.53
ISR,2017,cc,0.79
ITA,2017,cc,0.18
JAM,2017,cc,-0.22
JPN,2017,cc,1.48
JEY,2017,cc,1.13
JOR,2017,cc,0.23
KAZ,2017,cc,-0.84
KEN,2017,cc,-0.97
KIR,2017,cc,0.41
PRK,2017,cc,-1.5
KOR,2017,cc,0.45
KSV,2017,cc,-0.53
KWT,2017,cc,-0.36
KGZ,2017,cc,-1.08
LAO,2017,cc,-0.97
LVA,2017,cc,0.5
LBN,2017,cc,-1.03
LSO,2017,cc,-0.06
LBR,2017,cc,-0.69
LBY,2017,cc,-1.56
LIE,2017,cc,2
LTU,2017,cc,0.52
LUX,2017,cc,1.94
MAC,2017,cc,0.59
MDG,2017,cc,-1.07
MWI,2017,cc,-0.69
MYS,2017,cc,-0.01
MDV,2017,cc,-0.74
MLI,2017,cc,-0.67
MLT,2017,cc,0.7
MHL,2017,cc,0.77
MTQ,2017,cc,1.17
MRT,2017,cc,-0.77
MUS,2017,cc,0.16
MEX,2017,cc,-0.95
FSM,2017,cc,0.77
MDA,2017,cc,-0.83
MCO,2017,cc,1.76
MNG,2017,cc,-0.48
MNE,2017,cc,-0.08
MAR,2017,cc,-0.2
MOZ,2017,cc,-0.86
MMR,2017,cc,-0.59
NAM,2017,cc,0.26
NRU,2017,cc,0.56
NPL,2017,cc,-0.78
NLD,2017,cc,1.75
NZL,2017,cc,2.2
NIC,2017,cc,-0.9
NER,2017,cc,-0.69
NGA,2017,cc,-1.1
MKD,2017,cc,-0.33
NOR,2017,cc,2.19
OMN,2017,cc,0.21
PAK,2017,cc,-0.8
PLW,2017,cc,0.56
PAN,2017,cc,-0.61
PNG,2017,cc,-0.91
PRY,2017,cc,-0.75
PER,2017,cc,-0.56
PHL,2017,cc,-0.51
POL,2017,cc,0.7
PRT,2017,cc,0.82
PRI,2017,cc,0.1
QAT,2017,cc,0.7
ROM,2017,cc,-0.14
RUS,2017,cc,-0.91
RWA,2017,cc,0.61
REU,2017,cc,0.58
WSM,2017,cc,0.66
SMR,2017,cc,1.17
SAU,2017,cc,0.33
SEN,2017,cc,-0.11
SRB,2017,cc,-0.44
SYC,2017,cc,0.85
SLE,2017,cc,-0.59
SGP,2017,cc,2.09
SVK,2017,cc,0.1
SVN,2017,cc,0.78
SLB,2017,cc,0.09
SOM,2017,cc,-1.74
ZAF,2017,cc,-0.13
SSD,2017,cc,-1.75
ESP,2017,cc,0.51
LKA,2017,cc,-0.49
KNA,2017,cc,0.46
LCA,2017,cc,0.58
VCT,2017,cc,0.71
SDN,2017,cc,-1.56
SUR,2017,cc,-0.21
SWE,2017,cc,2.1
CHE,2017,cc,1.95
SYR,2017,cc,-1.58
STP,2017,cc,0.15
TWN,2017,cc,0.93
TJK,2017,cc,-1.35
TZA,2017,cc,-0.49
THA,2017,cc,-0.45
TMP,2017,cc,-0.57
TGO,2017,cc,-0.74
TON,2017,cc,-0.18
TTO,2017,cc,-0.39
TUN,2017,cc,-0.16
TKM,2017,cc,-1.37
TUV,2017,cc,0.07
TUR,2017,cc,-0.21
UGA,2017,cc,-1.07
UKR,2017,cc,-0.83
ARE,2017,cc,1.1
GBR,2017,cc,1.81
USA,2017,cc,1.34
URY,2017,cc,1.25
UZB,2017,cc,-1.19
VUT,2017,cc,0
VEN,2017,cc,-1.39
VNM,2017,cc,-0.63
VIR,2017,cc,0.58
WBG,2017,cc,-0.06
YEM,2017,cc,-1.62
ZMB,2017,cc,-0.57
ZWE,2017,cc,-1.3
AFG,2017,ge,-1.39
ALB,2017,ge,0.1
DZA,2017,ge,-0.54
ASM,2017,ge,0.51
ADO,2017,ge,1.88
AGO,2017,ge,-0.95
AIA,2017,ge,0.78
ATG,2017,ge,-0.04
ARG,2017,ge,0.14
ARM,2017,ge,-0.25
ABW,2017,ge,0.88
AUS,2017,ge,1.5
AUT,2017,ge,1.47
AZE,2017,ge,-0.17
BHS,2017,ge,0.54
BHR,2017,ge,0.14
BGD,2017,ge,-0.75
BRB,2017,ge,0.8
BLR,2017,ge,-0.36
BEL,2017,ge,1.24
BLZ,2017,ge,-0.67
BEN,2017,ge,-0.7
BMU,2017,ge,1.33
BTN,2017,ge,0.56
BOL,2017,ge,-0.4
BIH,2017,ge,-0.52
BWA,2017,ge,0.37
BRA,2017,ge,-0.32
BRN,2017,ge,1.11
BGR,2017,ge,0.1
BFA,2017,ge,-0.64
BDI,2017,ge,-1.38
KHM,2017,ge,-0.7
CMR,2017,ge,-0.86
CAN,2017,ge,1.82
CPV,2017,ge,0.14
CYM,2017,ge,1.18
CAF,2017,ge,-1.79
TCD,2017,ge,-1.51
CHL,2017,ge,0.81
CHN,2017,ge,0.42
COL,2017,ge,-0.14
COM,2017,ge,-1.68
ZAR,2017,ge,-1.67
COG,2017,ge,-1.24
CRI,2017,ge,0.22
HRV,2017,ge,0.54
CUB,2017,ge,-0.2
CYP,2017,ge,0.89
CZE,2017,ge,1.03
CIV,2017,ge,-0.81
DNK,2017,ge,1.75
DJI,2017,ge,-1.09
DMA,2017,ge,-0.24
DOM,2017,ge,-0.38
ECU,2017,ge,-0.35
EGY,2017,ge,-0.53
SLV,2017,ge,-0.39
GNQ,2017,ge,-1.17
ERI,2017,ge,-1.8
EST,2017,ge,1.07
SWZ,2017,ge,-0.49
ETH,2017,ge,-0.76
FJI,2017,ge,0.24
FIN,2017,ge,1.98
FRA,2017,ge,1.31
GUF,2017,ge,1.33
GAB,2017,ge,-1
GMB,2017,ge,-0.75
GEO,2017,ge,0.48
DEU,2017,ge,1.61
GHA,2017,ge,-0.19
GRC,2017,ge,0.24
GRL,2017,ge,0.81
GRD,2017,ge,-0.14
GUM,2017,ge,0.24
GTM,2017,ge,-0.69
GIN,2017,ge,-1.09
GNB,2017,ge,-1.81
GUY,2017,ge,-0.28
HTI,2017,ge,-2.13
HND,2017,ge,-0.53
HKG,2017,ge,1.86
HUN,2017,ge,0.48
ISL,2017,ge,1.41
IND,2017,ge,0.04
IDN,2017,ge,-0.02
IRN,2017,ge,-0.24
IRQ,2017,ge,-1.22
IRL,2017,ge,1.27
ISR,2017,ge,1.35
ITA,2017,ge,0.49
JAM,2017,ge,0.55
JPN,2017,ge,1.58
JEY,2017,ge,1.23
JOR,2017,ge,0.07
KAZ,2017,ge,-0.07
KEN,2017,ge,-0.39
KIR,2017,ge,-0.07
PRK,2017,ge,-1.7
KOR,2017,ge,1.03
KSV,2017,ge,-0.42
KWT,2017,ge,-0.22
KGZ,2017,ge,-0.75
LAO,2017,ge,-0.42
LVA,2017,ge,0.87
LBN,2017,ge,-0.46
LSO,2017,ge,-0.92
LBR,2017,ge,-1.36
LBY,2017,ge,-1.61
LIE,2017,ge,1.72
LTU,2017,ge,0.93
LUX,2017,ge,1.65
MAC,2017,ge,1.34
MDG,2017,ge,-1.19
MWI,2017,ge,-0.73
MYS,2017,ge,0.78
MDV,2017,ge,-0.39
MLI,2017,ge,-0.96
MLT,2017,ge,0.97
MHL,2017,ge,-0.18
MTQ,2017,ge,1.06
MRT,2017,ge,-0.8
MUS,2017,ge,0.96
MEX,2017,ge,-0.07
FSM,2017,ge,0.4
MDA,2017,ge,-0.58
MCO,2017,ge,1.88
MNG,2017,ge,-0.28
MNE,2017,ge,0.17
MAR,2017,ge,-0.31
MOZ,2017,ge,-0.96
MMR,2017,ge,-1.09
NAM,2017,ge,0.22
NRU,2017,ge,-0.05
NPL,2017,ge,-0.94
NLD,2017,ge,1.81
NZL,2017,ge,1.73
NIC,2017,ge,-0.67
NER,2017,ge,-0.75
NGA,2017,ge,-1.04
MKD,2017,ge,-0.02
NOR,2017,ge,1.94
OMN,2017,ge,0.13
PAK,2017,ge,-0.63
PLW,2017,ge,0.23
PAN,2017,ge,0.03
PNG,2017,ge,-0.66
PRY,2017,ge,-0.84
PER,2017,ge,-0.2
PHL,2017,ge,-0.03
POL,2017,ge,0.55
PRT,2017,ge,1.29
PRI,2017,ge,-0.13
QAT,2017,ge,0.73
ROM,2017,ge,-0.08
RUS,2017,ge,-0.19
RWA,2017,ge,0.18
REU,2017,ge,1.06
WSM,2017,ge,0.7
SMR,2017,ge,1.6
SAU,2017,ge,0.21
SEN,2017,ge,-0.37
SRB,2017,ge,0.07
SYC,2017,ge,0.5
SLE,2017,ge,-1.22
SGP,2017,ge,2.23
SVK,2017,ge,0.67
SVN,2017,ge,1.13
SLB,2017,ge,-0.93
SOM,2017,ge,-2.28
ZAF,2017,ge,0.07
SSD,2017,ge,-2.44
ESP,2017,ge,1
LKA,2017,ge,-0.17
KNA,2017,ge,0.51
LCA,2017,ge,0.38
VCT,2017,ge,0.38
SDN,2017,ge,-1.48
SUR,2017,ge,-0.65
SWE,2017,ge,1.68
CHE,2017,ge,2.02
SYR,2017,ge,-1.8
STP,2017,ge,-0.85
TWN,2017,ge,1.22
TJK,2017,ge,-1.18
TZA,2017,ge,-0.68
THA,2017,ge,0.26
TMP,2017,ge,-1
TGO,2017,ge,-1.17
TON,2017,ge,-0.25
TTO,2017,ge,0.23
TUN,2017,ge,-0.05
TKM,2017,ge,-1.01
TUV,2017,ge,-0.7
TUR,2017,ge,0.01
UGA,2017,ge,-0.63
UKR,2017,ge,-0.51
ARE,2017,ge,1.41
GBR,2017,ge,1.43
USA,2017,ge,1.52
URY,2017,ge,0.4
UZB,2017,ge,-0.63
VUT,2017,ge,-0.96
VEN,2017,ge,-1.43
VNM,2017,ge,-0.03
VIR,2017,ge,0.78
WBG,2017,ge,-0.44
YEM,2017,ge,-1.95
ZMB,2017,ge,-0.7
ZWE,2017,ge,-1.28
AFG,2017,pv,-2.79
ALB,2017,pv,0.37
DZA,2017,pv,-0.92
ASM,2017,pv,1.18
ADO,2017,pv,1.39
AGO,2017,pv,-0.39
AIA,2017,pv,1.36
ATG,2017,pv,0.73
ARG,2017,pv,0.16
ARM,2017,pv,-0.63
ABW,2017,pv,1.31
AUS,2017,pv,0.88
AUT,2017,pv,1.03
AZE,2017,pv,-0.75
BHS,2017,pv,0.98
BHR,2017,pv,-0.96
BGD,2017,pv,-1.25
BRB,2017,pv,0.95
BLR,2017,pv,-0.06
BEL,2017,pv,0.42
BLZ,2017,pv,0.03
BEN,2017,pv,0.03
BMU,2017,pv,0.98
BTN,2017,pv,1.1
BOL,2017,pv,-0.28
BIH,2017,pv,-0.35
BWA,2017,pv,1.01
BRA,2017,pv,-0.48
BRN,2017,pv,1.15
BGR,2017,pv,0.32
BFA,2017,pv,-0.93
BDI,2017,pv,-2
KHM,2017,pv,0.09
CMR,2017,pv,-1.09
CAN,2017,pv,1.09
CPV,2017,pv,0.76
CYM,2017,pv,1.16
CAF,2017,pv,-1.99
TCD,2017,pv,-1.29
CHL,2017,pv,0.41
CHN,2017,pv,-0.23
COL,2017,pv,-0.78
COM,2017,pv,0.02
ZAR,2017,pv,-2.34
COG,2017,pv,-0.53
CRI,2017,pv,0.6
HRV,2017,pv,0.68
CUB,2017,pv,0.64
CYP,2017,pv,0.53
CZE,2017,pv,0.99
CIV,2017,pv,-1.09
DNK,2017,pv,0.85
DJI,2017,pv,-0.73
DMA,2017,pv,1.17
DOM,2017,pv,0.15
ECU,2017,pv,-0.08
EGY,2017,pv,-1.43
SLV,2017,pv,-0.26
GNQ,2017,pv,-0.17
ERI,2017,pv,-0.73
EST,2017,pv,0.64
SWZ,2017,pv,-0.27
ETH,2017,pv,-1.68
FJI,2017,pv,0.59
FIN,2017,pv,1.06
FRA,2017,pv,0.27
GUF,2017,pv,0.49
GAB,2017,pv,-0.11
GMB,2017,pv,-0.09
GEO,2017,pv,-0.38
DEU,2017,pv,0.57
GHA,2017,pv,0.08
GRC,2017,pv,-0.08
GRL,2017,pv,1.93
GRD,2017,pv,0.99
GUM,2017,pv,0.68
GTM,2017,pv,-0.65
GIN,2017,pv,-0.7
GNB,2017,pv,-0.5
GUY,2017,pv,-0.05
HTI,2017,pv,-0.68
HND,2017,pv,-0.57
HKG,2017,pv,0.82
HUN,2017,pv,0.8
ISL,2017,pv,1.34
IND,2017,pv,-0.77
IDN,2017,pv,-0.5
IRN,2017,pv,-0.93
IRQ,2017,pv,-2.3
IRL,2017,pv,0.99
ISR,2017,pv,-0.89
ITA,2017,pv,0.29
JAM,2017,pv,0.3
JPN,2017,pv,1.1
JEY,2017,pv,1.28
JOR,2017,pv,-0.43
KAZ,2017,pv,0.02
KEN,2017,pv,-1.13
KIR,2017,pv,0.86
PRK,2017,pv,-0.5
KOR,2017,pv,0.38
KSV,2017,pv,-0.24
KWT,2017,pv,-0.05
KGZ,2017,pv,-0.36
LAO,2017,pv,0.39
LVA,2017,pv,0.45
LBN,2017,pv,-1.62
LSO,2017,pv,-0.19
LBR,2017,pv,-0.32
LBY,2017,pv,-2.35
LIE,2017,pv,1.46
LTU,2017,pv,0.77
LUX,2017,pv,1.31
MAC,2017,pv,1.41
MDG,2017,pv,-0.3
MWI,2017,pv,-0.25
MYS,2017,pv,0.11
MDV,2017,pv,0.22
MLI,2017,pv,-1.9
MLT,2017,pv,1.24
MHL,2017,pv,1.03
MTQ,2017,pv,0.98
MRT,2017,pv,-0.63
MUS,2017,pv,0.96
MEX,2017,pv,-0.81
FSM,2017,pv,1.16
MDA,2017,pv,-0.31
MCO,2017,pv,1.62
MNG,2017,pv,0.78
MNE,2017,pv,-0.06
MAR,2017,pv,-0.38
MOZ,2017,pv,-0.92
MMR,2017,pv,-1.08
NAM,2017,pv,0.62
NRU,2017,pv,0.93
NPL,2017,pv,-0.58
NLD,2017,pv,0.91
NZL,2017,pv,1.56
NIC,2017,pv,-0.05
NER,2017,pv,-1.26
NGA,2017,pv,-2
MKD,2017,pv,-0.26
NOR,2017,pv,1.15
OMN,2017,pv,0.75
PAK,2017,pv,-2.4
PLW,2017,pv,1.21
PAN,2017,pv,0.38
PNG,2017,pv,-0.69
PRY,2017,pv,0
PER,2017,pv,-0.26
PHL,2017,pv,-1.19
POL,2017,pv,0.51
PRT,2017,pv,1.11
PRI,2017,pv,0.48
QAT,2017,pv,0.65
ROM,2017,pv,0.05
RUS,2017,pv,-0.64
RWA,2017,pv,0.08
REU,2017,pv,0.29
WSM,2017,pv,1.16
SMR,2017,pv,1.39
SAU,2017,pv,-0.65
SEN,2017,pv,-0.06
SRB,2017,pv,0.08
SYC,2017,pv,0.78
SLE,2017,pv,-0.04
SGP,2017,pv,1.6
SVK,2017,pv,0.9
SVN,2017,pv,0.87
SLB,2017,pv,0.19
SOM,2017,pv,-2.25
ZAF,2017,pv,-0.28
SSD,2017,pv,-2.45
ESP,2017,pv,0.27
LKA,2017,pv,-0.08
KNA,2017,pv,0.63
LCA,2017,pv,0.97
VCT,2017,pv,0.87
SDN,2017,pv,-1.97
SUR,2017,pv,0.12
SWE,2017,pv,0.97
CHE,2017,pv,1.24
SYR,2017,pv,-2.61
STP,2017,pv,0.18
TWN,2017,pv,0.86
TJK,2017,pv,-0.67
TZA,2017,pv,-0.57
THA,2017,pv,-0.75
TMP,2017,pv,0.07
TGO,2017,pv,-0.87
TON,2017,pv,0.77
TTO,2017,pv,0.27
TUN,2017,pv,-1.02
TKM,2017,pv,-0.13
TUV,2017,pv,1.21
TUR,2017,pv,-1.79
UGA,2017,pv,-0.57
UKR,2017,pv,-1.87
ARE,2017,pv,0.6
GBR,2017,pv,0.38
USA,2017,pv,0.26
URY,2017,pv,1.04
UZB,2017,pv,-0.24
VUT,2017,pv,0.68
VEN,2017,pv,-1.25
VNM,2017,pv,0.21
VIR,2017,pv,0.98
WBG,2017,pv,-1.65
YEM,2017,pv,-2.93
ZMB,2017,pv,0.14
ZWE,2017,pv,-0.71
AFG,2017,rl,-1.58
ALB,2017,rl,-0.41
DZA,2017,rl,-0.93
ASM,2017,rl,1.3
ADO,2017,rl,1.54
AGO,2017,rl,-1.04
AIA,2017,rl,-0.15
ATG,2017,rl,0.41
ARG,2017,rl,-0.24
ARM,2017,rl,-0.21
ABW,2017,rl,1.3
AUS,2017,rl,1.65
AUT,2017,rl,1.8
AZE,2017,rl,-0.58
BHS,2017,rl,0.16
BHR,2017,rl,0.42
BGD,2017,rl,-0.68
BRB,2017,rl,0.63
BLR,2017,rl,-0.88
BEL,2017,rl,1.32
BLZ,2017,rl,-0.97
BEN,2017,rl,-0.65
BMU,2017,rl,0.81
BTN,2017,rl,0.63
BOL,2017,rl,-1.25
BIH,2017,rl,-0.2
BWA,2017,rl,0.36
BRA,2017,rl,-0.31
BRN,2017,rl,0.62
BGR,2017,rl,-0.12
BFA,2017,rl,-0.41
BDI,2017,rl,-1.41
KHM,2017,rl,-1.07
CMR,2017,rl,-1.05
CAN,2017,rl,1.76
CPV,2017,rl,0.35
CYM,2017,rl,0.74
CAF,2017,rl,-1.76
TCD,2017,rl,-1.32
CHL,2017,rl,0.98
CHN,2017,rl,-0.26
COL,2017,rl,-0.37
COM,2017,rl,-1.1
ZAR,2017,rl,-1.71
COG,2017,rl,-1.16
CRI,2017,rl,0.43
HRV,2017,rl,0.31
CUB,2017,rl,-0.45
CYP,2017,rl,0.85
CZE,2017,rl,1.09
CIV,2017,rl,-0.65
DNK,2017,rl,1.8
DJI,2017,rl,-0.93
DMA,2017,rl,0.65
DOM,2017,rl,-0.43
ECU,2017,rl,-0.72
EGY,2017,rl,-0.45
SLV,2017,rl,-0.87
GNQ,2017,rl,-1.37
ERI,2017,rl,-1.59
EST,2017,rl,1.25
SWZ,2017,rl,-0.27
ETH,2017,rl,-0.47
FJI,2017,rl,-0.08
FIN,2017,rl,2.02
FRA,2017,rl,1.4
GUF,2017,rl,1.16
GAB,2017,rl,-0.72
GMB,2017,rl,-0.45
GEO,2017,rl,0.26
DEU,2017,rl,1.57
GHA,2017,rl,0.11
GRC,2017,rl,0.05
GRL,2017,rl,1.69
GRD,2017,rl,0.45
GUM,2017,rl,1.3
GTM,2017,rl,-1.08
GIN,2017,rl,-1.25
GNB,2017,rl,-1.46
GUY,2017,rl,-0.3
HTI,2017,rl,-1.09
HND,2017,rl,-1.06
HKG,2017,rl,1.68
HUN,2017,rl,0.54
ISL,2017,rl,1.57
IND,2017,rl,-0.03
IDN,2017,rl,-0.35
IRN,2017,rl,-0.7
IRQ,2017,rl,-1.76
IRL,2017,rl,1.38
ISR,2017,rl,0.99
ITA,2017,rl,0.32
JAM,2017,rl,-0.13
JPN,2017,rl,1.53
JEY,2017,rl,1.69
JOR,2017,rl,0.24
KAZ,2017,rl,-0.49
KEN,2017,rl,-0.43
KIR,2017,rl,0.59
PRK,2017,rl,-1.72
KOR,2017,rl,1.13
KSV,2017,rl,-0.44
KWT,2017,rl,0.08
KGZ,2017,rl,-0.95
LAO,2017,rl,-0.9
LVA,2017,rl,0.9
LBN,2017,rl,-0.81
LSO,2017,rl,-0.3
LBR,2017,rl,-0.97
LBY,2017,rl,-1.68
LIE,2017,rl,1.63
LTU,2017,rl,0.96
LUX,2017,rl,1.7
MAC,2017,rl,0.81
MDG,2017,rl,-0.88
MWI,2017,rl,-0.39
MYS,2017,rl,0.39
MDV,2017,rl,-0.57
MLI,2017,rl,-0.79
MLT,2017,rl,1.11
MHL,2017,rl,0.28
MTQ,2017,rl,0.81
MRT,2017,rl,-0.62
MUS,2017,rl,0.67
MEX,2017,rl,-0.58
FSM,2017,rl,0.05
MDA,2017,rl,-0.45
MCO,2017,rl,1.54
MNG,2017,rl,-0.32
MNE,2017,rl,-0.11
MAR,2017,rl,-0.28
MOZ,2017,rl,-1.01
MMR,2017,rl,-0.96
NAM,2017,rl,0.28
NRU,2017,rl,-0.07
NPL,2017,rl,-0.69
NLD,2017,rl,1.76
NZL,2017,rl,1.88
NIC,2017,rl,-0.66
NER,2017,rl,-0.7
NGA,2017,rl,-0.89
MKD,2017,rl,-0.31
NOR,2017,rl,1.98
OMN,2017,rl,0.41
PAK,2017,rl,-0.73
PLW,2017,rl,0.96
PAN,2017,rl,0.01
PNG,2017,rl,-0.82
PRY,2017,rl,-0.67
PER,2017,rl,-0.52
PHL,2017,rl,-0.5
POL,2017,rl,0.4
PRT,2017,rl,1.1
PRI,2017,rl,0.59
QAT,2017,rl,0.7
ROM,2017,rl,0.44
RUS,2017,rl,-0.85
RWA,2017,rl,0.11
REU,2017,rl,1.06
WSM,2017,rl,0.92
SMR,2017,rl,1.54
SAU,2017,rl,0.08
SEN,2017,rl,-0.17
SRB,2017,rl,-0.18
SYC,2017,rl,0.17
SLE,2017,rl,-0.81
SGP,2017,rl,1.79
SVK,2017,rl,0.51
SVN,2017,rl,0.99
SLB,2017,rl,-0.19
SOM,2017,rl,-2.33
ZAF,2017,rl,-0.16
SSD,2017,rl,-1.96
ESP,2017,rl,1.02
LKA,2017,rl,0.03
KNA,2017,rl,0.5
LCA,2017,rl,0.6
VCT,2017,rl,0.42
SDN,2017,rl,-1.12
SUR,2017,rl,-0.17
SWE,2017,rl,1.82
CHE,2017,rl,1.89
SYR,2017,rl,-2.1
STP,2017,rl,-0.73
TWN,2017,rl,1.1
TJK,2017,rl,-1.37
TZA,2017,rl,-0.47
THA,2017,rl,0.01
TMP,2017,rl,-1.17
TGO,2017,rl,-0.73
TON,2017,rl,0.3
TTO,2017,rl,-0.13
TUN,2017,rl,0.09
TKM,2017,rl,-1.48
TUV,2017,rl,0.62
TUR,2017,rl,-0.32
UGA,2017,rl,-0.32
UKR,2017,rl,-0.76
ARE,2017,rl,0.77
GBR,2017,rl,1.65
USA,2017,rl,1.61
URY,2017,rl,0.56
UZB,2017,rl,-1.13
VUT,2017,rl,0.53
VEN,2017,rl,-2.26
VNM,2017,rl,0.04
VIR,2017,rl,0.57
WBG,2017,rl,-0.43
YEM,2017,rl,-1.76
ZMB,2017,rl,-0.34
ZWE,2017,rl,-1.4
AFG,2017,rq,-1.36
ALB,2017,rq,0.22
DZA,2017,rq,-1.28
ASM,2017,rq,-0.27
ADO,2017,rq,1.2
AGO,2017,rq,-1.05
AIA,2017,rq,0.83
ATG,2017,rq,0.24
ARG,2017,rq,-0.2
ARM,2017,rq,0.23
ABW,2017,rq,1.18
AUS,2017,rq,1.92
AUT,2017,rq,1.43
AZE,2017,rq,-0.37
BHS,2017,rq,0.11
BHR,2017,rq,0.4
BGD,2017,rq,-0.82
BRB,2017,rq,0.48
BLR,2017,rq,-0.86
BEL,2017,rq,1.23
BLZ,2017,rq,-0.56
BEN,2017,rq,-0.52
BMU,2017,rq,0.83
BTN,2017,rq,-0.34
BOL,2017,rq,-1
BIH,2017,rq,-0.06
BWA,2017,rq,0.6
BRA,2017,rq,-0.13
BRN,2017,rq,0.7
BGR,2017,rq,0.66
BFA,2017,rq,-0.48
BDI,2017,rq,-0.87
KHM,2017,rq,-0.52
CMR,2017,rq,-0.85
CAN,2017,rq,1.88
CPV,2017,rq,-0.08
CYM,2017,rq,0.74
CAF,2017,rq,-1.49
TCD,2017,rq,-1.23
CHL,2017,rq,1.33
CHN,2017,rq,-0.18
COL,2017,rq,0.26
COM,2017,rq,-1.1
ZAR,2017,rq,-1.48
COG,2017,rq,-1.41
CRI,2017,rq,0.43
HRV,2017,rq,0.3
CUB,2017,rq,-1.35
CYP,2017,rq,1.02
CZE,2017,rq,1.22
CIV,2017,rq,-0.41
DNK,2017,rq,1.61
DJI,2017,rq,-0.69
DMA,2017,rq,0.14
DOM,2017,rq,-0.04
ECU,2017,rq,-1.02
EGY,2017,rq,-0.81
SLV,2017,rq,-0.17
GNQ,2017,rq,-1.58
ERI,2017,rq,-2.17
EST,2017,rq,1.63
SWZ,2017,rq,-0.26
ETH,2017,rq,-1.03
FJI,2017,rq,0.06
FIN,2017,rq,1.81
FRA,2017,rq,1.15
GUF,2017,rq,1.27
GAB,2017,rq,-0.71
GMB,2017,rq,-0.51
GEO,2017,rq,0.95
DEU,2017,rq,1.78
GHA,2017,rq,-0.19
GRC,2017,rq,0.22
GRL,2017,rq,1.31
GRD,2017,rq,-0.06
GUM,2017,rq,0.09
GTM,2017,rq,-0.37
GIN,2017,rq,-0.86
GNB,2017,rq,-1.22
GUY,2017,rq,-0.4
HTI,2017,rq,-1.35
HND,2017,rq,-0.45
HKG,2017,rq,2.16
HUN,2017,rq,0.64
ISL,2017,rq,1.42
IND,2017,rq,-0.26
IDN,2017,rq,0.03
IRN,2017,rq,-1.22
IRQ,2017,rq,-1.11
IRL,2017,rq,1.58
ISR,2017,rq,1.26
ITA,2017,rq,0.69
JAM,2017,rq,0.06
JPN,2017,rq,1.36
JEY,2017,rq,0.67
JOR,2017,rq,0.08
KAZ,2017,rq,0.15
KEN,2017,rq,-0.28
KIR,2017,rq,-0.81
PRK,2017,rq,-2.37
KOR,2017,rq,1.09
KSV,2017,rq,-0.16
KWT,2017,rq,-0.08
KGZ,2017,rq,-0.38
LAO,2017,rq,-0.75
LVA,2017,rq,1.14
LBN,2017,rq,-0.38
LSO,2017,rq,-0.38
LBR,2017,rq,-0.98
LBY,2017,rq,-2.15
LIE,2017,rq,1.49
LTU,2017,rq,1.15
LUX,2017,rq,1.68
MAC,2017,rq,1.75
MDG,2017,rq,-0.74
MWI,2017,rq,-0.79
MYS,2017,rq,0.67
MDV,2017,rq,-0.44
MLI,2017,rq,-0.62
MLT,2017,rq,1.27
MHL,2017,rq,-0.94
MTQ,2017,rq,1.2
MRT,2017,rq,-0.82
MUS,2017,rq,1.05
MEX,2017,rq,0.18
FSM,2017,rq,-0.99
MDA,2017,rq,-0.05
MCO,2017,rq,1.2
MNG,2017,rq,-0.13
MNE,2017,rq,0.32
MAR,2017,rq,-0.16
MOZ,2017,rq,-0.77
MMR,2017,rq,-0.84
NAM,2017,rq,-0.12
NRU,2017,rq,-0.81
NPL,2017,rq,-0.74
NLD,2017,rq,2.04
NZL,2017,rq,2.08
NIC,2017,rq,-0.7
NER,2017,rq,-0.73
NGA,2017,rq,-0.92
MKD,2017,rq,0.44
NOR,2017,rq,1.81
OMN,2017,rq,0.41
PAK,2017,rq,-0.61
PLW,2017,rq,-0.01
PAN,2017,rq,0.43
PNG,2017,rq,-0.67
PRY,2017,rq,-0.25
PER,2017,rq,0.35
PHL,2017,rq,0.13
POL,2017,rq,0.81
PRT,2017,rq,0.9
PRI,2017,rq,0.86
QAT,2017,rq,0.4
ROM,2017,rq,0.43
RUS,2017,rq,-0.53
RWA,2017,rq,0.08
REU,2017,rq,1.2
WSM,2017,rq,-0.08
SMR,2017,rq,0.46
SAU,2017,rq,-0.02
SEN,2017,rq,-0.2
SRB,2017,rq,-0.05
SYC,2017,rq,0.01
SLE,2017,rq,-0.95
SGP,2017,rq,2.11
SVK,2017,rq,0.81
SVN,2017,rq,0.56
SLB,2017,rq,-0.81
SOM,2017,rq,-2.28
ZAF,2017,rq,0.14
SSD,2017,rq,-1.93
ESP,2017,rq,0.93
LKA,2017,rq,-0.16
KNA,2017,rq,0.54
LCA,2017,rq,0.32
VCT,2017,rq,0.25
SDN,2017,rq,-1.58
SUR,2017,rq,-0.56
SWE,2017,rq,1.79
CHE,2017,rq,1.88
SYR,2017,rq,-1.85
STP,2017,rq,-0.89
TWN,2017,rq,1.36
TJK,2017,rq,-1.1
TZA,2017,rq,-0.61
THA,2017,rq,0.01
TMP,2017,rq,-0.74
TGO,2017,rq,-0.83
TON,2017,rq,-0.41
TTO,2017,rq,0.01
TUN,2017,rq,-0.36
TKM,2017,rq,-2
TUV,2017,rq,-0.77
TUR,2017,rq,0.04
UGA,2017,rq,-0.26
UKR,2017,rq,-0.28
ARE,2017,rq,1
GBR,2017,rq,1.71
USA,2017,rq,1.62
URY,2017,rq,0.64
UZB,2017,rq,-1.29
VUT,2017,rq,-0.32
VEN,2017,rq,-1.98
VNM,2017,rq,-0.43
VIR,2017,rq,0.83
WBG,2017,rq,0
YEM,2017,rq,-1.48
ZMB,2017,rq,-0.52
ZWE,2017,rq,-1.58
AFG,2017,va,-0.99
ALB,2017,va,0.2
DZA,2017,va,-0.9
ADO,2017,va,1.16
AGO,2017,va,-1.1
ATG,2017,va,0.61
ARG,2017,va,0.53
ARM,2017,va,-0.56
ABW,2017,va,1.3
AUS,2017,va,1.38
AUT,2017,va,1.39
AZE,2017,va,-1.56
BHS,2017,va,0.85
BHR,2017,va,-1.39
BGD,2017,va,-0.62
BRB,2017,va,1.11
BLR,2017,va,-1.36
BEL,2017,va,1.34
BLZ,2017,va,0.57
BEN,2017,va,0.38
BTN,2017,va,0.01
BOL,2017,va,-0.02
BIH,2017,va,-0.21
BWA,2017,va,0.39
BRA,2017,va,0.45
BRN,2017,va,-0.95
BGR,2017,va,0.43
BFA,2017,va,0.06
BDI,2017,va,-1.58
KHM,2017,va,-1.16
CMR,2017,va,-1.05
CAN,2017,va,1.48
CPV,2017,va,0.96
CYM,2017,va,0.49
CAF,2017,va,-1.11
TCD,2017,va,-1.37
CHL,2017,va,1
CHN,2017,va,-1.5
COL,2017,va,0.11
COM,2017,va,-0.34
ZAR,2017,va,-1.46
COG,2017,va,-1.12
CRI,2017,va,1.12
HRV,2017,va,0.48
CUB,2017,va,-1.55
CYP,2017,va,1.06
CZE,2017,va,0.88
CIV,2017,va,-0.28
DNK,2017,va,1.52
DJI,2017,va,-1.41
DMA,2017,va,0.88
DOM,2017,va,0.16
ECU,2017,va,-0.17
EGY,2017,va,-1.25
SLV,2017,va,0.15
GNQ,2017,va,-1.97
ERI,2017,va,-2.17
EST,2017,va,1.21
SWZ,2017,va,-1.45
ETH,2017,va,-1.43
FJI,2017,va,0.12
FIN,2017,va,1.56
FRA,2017,va,1.15
GUF,2017,va,1.3
GAB,2017,va,-1.06
GMB,2017,va,-0.62
GEO,2017,va,0.27
DEU,2017,va,1.43
GHA,2017,va,0.6
GRC,2017,va,0.66
GRL,2017,va,1.3
GRD,2017,va,0.74
GTM,2017,va,-0.28
GIN,2017,va,-0.74
GNB,2017,va,-0.8
GUY,2017,va,0.28
HTI,2017,va,-0.74
HND,2017,va,-0.44
HKG,2017,va,0.43
HUN,2017,va,0.54
ISL,2017,va,1.38
IND,2017,va,0.39
IDN,2017,va,0.13
IRN,2017,va,-1.3
IRQ,2017,va,-1.05
IRL,2017,va,1.29
ISR,2017,va,0.7
ITA,2017,va,0.99
JAM,2017,va,0.69
JPN,2017,va,1
JEY,2017,va,1.3
JOR,2017,va,-0.71
KAZ,2017,va,-1.25
KEN,2017,va,-0.2
KIR,2017,va,1.05
PRK,2017,va,-2.2
KOR,2017,va,0.76
KSV,2017,va,-0.12
KWT,2017,va,-0.61
KGZ,2017,va,-0.43
LAO,2017,va,-1.75
LVA,2017,va,0.8
LBN,2017,va,-0.58
LSO,2017,va,-0.01
LBR,2017,va,0.04
LBY,2017,va,-1.44
LIE,2017,va,1.28
LTU,2017,va,0.99
LUX,2017,va,1.52
MAC,2017,va,-0.05
MDG,2017,va,-0.35
MWI,2017,va,-0.03
MYS,2017,va,-0.4
MDV,2017,va,-0.72
MLI,2017,va,-0.21
MLT,2017,va,1.17
MHL,2017,va,1.19
MRT,2017,va,-0.8
MUS,2017,va,0.79
MEX,2017,va,-0.09
FSM,2017,va,1.15
MDA,2017,va,-0.03
MCO,2017,va,0.84
MNG,2017,va,0.29
MNE,2017,va,0.12
MAR,2017,va,-0.67
MOZ,2017,va,-0.42
MMR,2017,va,-0.86
NAM,2017,va,0.55
NRU,2017,va,0.51
NPL,2017,va,-0.2
NLD,2017,va,1.5
NZL,2017,va,1.56
NIC,2017,va,-0.72
NER,2017,va,-0.43
NGA,2017,va,-0.34
MKD,2017,va,-0.14
NOR,2017,va,1.69
OMN,2017,va,-1.06
PAK,2017,va,-0.69
PLW,2017,va,1.21
PAN,2017,va,0.52
PNG,2017,va,0.13
PRY,2017,va,-0.04
PER,2017,va,0.27
PHL,2017,va,0.08
POL,2017,va,0.78
PRT,2017,va,1.2
PRI,2017,va,0.49
QAT,2017,va,-1.18
ROM,2017,va,0.6
RUS,2017,va,-1.09
RWA,2017,va,-1.12
WSM,2017,va,0.78
SMR,2017,va,1.19
SAU,2017,va,-1.69
SEN,2017,va,0.32
SRB,2017,va,0.12
SYC,2017,va,0.19
SLE,2017,va,-0.19
SGP,2017,va,-0.17
SVK,2017,va,0.91
SVN,2017,va,1.01
SLB,2017,va,0.49
SOM,2017,va,-1.78
ZAF,2017,va,0.63
SSD,2017,va,-1.82
ESP,2017,va,1.02
LKA,2017,va,-0.06
KNA,2017,va,1
LCA,2017,va,0.99
VCT,2017,va,0.94
SDN,2017,va,-1.84
SUR,2017,va,0.43
SWE,2017,va,1.57
CHE,2017,va,1.56
SYR,2017,va,-1.97
STP,2017,va,0.3
TWN,2017,va,1.02
TJK,2017,va,-1.72
TZA,2017,va,-0.28
THA,2017,va,-1.05
TMP,2017,va,0.34
TGO,2017,va,-0.63
TON,2017,va,0.6
TTO,2017,va,0.55
TUN,2017,va,0.16
TKM,2017,va,-2.16
TUV,2017,va,1.08
TUR,2017,va,-0.71
UGA,2017,va,-0.59
UKR,2017,va,0.01
ARE,2017,va,-1.1
GBR,2017,va,1.36
USA,2017,va,1.01
URY,2017,va,1.17
UZB,2017,va,-1.8
VUT,2017,va,0.69
VEN,2017,va,-1.22
VNM,2017,va,-1.41
WBG,2017,va,-1.03
YEM,2017,va,-1.69
ZMB,2017,va,-0.34
ZWE,2017,va,-1.2
AFG,2018,cc,-1.5
ALB,2018,cc,-0.55
DZA,2018,cc,-0.66
ASM,2018,cc,1.78
ADO,2018,cc,1.18
AGO,2018,cc,-1.2
AIA,2018,cc,1.18
ATG,2018,cc,0.24
ARG,2018,cc,-0.1
ARM,2018,cc,-0.41
ABW,2018,cc,1.21
AUS,2018,cc,1.77
AUT,2018,cc,1.57
AZE,2018,cc,-0.85
BHS,2018,cc,1.1
BHR,2018,cc,-0.18
BGD,2018,cc,-0.93
BRB,2018,cc,1.37
BLR,2018,cc,-0.16
BEL,2018,cc,1.43
BLZ,2018,cc,-0.17
BEN,2018,cc,-0.39
BMU,2018,cc,1.18
BTN,2018,cc,1.59
BOL,2018,cc,-0.69
BIH,2018,cc,-0.61
BWA,2018,cc,0.72
BRA,2018,cc,-0.48
BRN,2018,cc,0.76
BGR,2018,cc,-0.19
BFA,2018,cc,-0.13
BDI,2018,cc,-1.48
KHM,2018,cc,-1.36
CMR,2018,cc,-1.16
CAN,2018,cc,1.79
CPV,2018,cc,0.76
CYM,2018,cc,0.46
CAF,2018,cc,-1.23
TCD,2018,cc,-1.4
CHL,2018,cc,0.96
CHN,2018,cc,-0.29
COL,2018,cc,-0.34
COM,2018,cc,-0.85
ZAR,2018,cc,-1.52
COG,2018,cc,-1.38
CRI,2018,cc,0.5
HRV,2018,cc,0.05
CUB,2018,cc,0.13
CYP,2018,cc,0.61
CZE,2018,cc,0.51
CIV,2018,cc,-0.53
DNK,2018,cc,2.16
DJI,2018,cc,-0.74
DMA,2018,cc,0.54
DOM,2018,cc,-0.83
ECU,2018,cc,-0.63
EGY,2018,cc,-0.51
SLV,2018,cc,-0.59
GNQ,2018,cc,-1.54
ERI,2018,cc,-1.32
EST,2018,cc,1.47
SWZ,2018,cc,-0.23
ETH,2018,cc,-0.51
FJI,2018,cc,0.7
FIN,2018,cc,2.17
FRA,2018,cc,1.28
GUF,2018,cc,0.91
GAB,2018,cc,-0.86
GMB,2018,cc,-0.5
GEO,2018,cc,0.72
DEU,2018,cc,1.9
GHA,2018,cc,-0.14
GRC,2018,cc,-0.06
GRL,2018,cc,1.14
GRD,2018,cc,0.37
GUM,2018,cc,1.18
GTM,2018,cc,-0.82
GIN,2018,cc,-1.06
GNB,2018,cc,-1.56
GUY,2018,cc,-0.25
HTI,2018,cc,-1.29
HND,2018,cc,-0.66
HKG,2018,cc,1.64
HUN,2018,cc,0.06
ISL,2018,cc,1.81
IND,2018,cc,-0.23
IDN,2018,cc,-0.3
IRN,2018,cc,-0.98
IRQ,2018,cc,-1.46
IRL,2018,cc,1.53
ISR,2018,cc,0.75
ITA,2018,cc,0.22
JAM,2018,cc,-0.23
JPN,2018,cc,1.39
JEY,2018,cc,1.07
JOR,2018,cc,0.12
KAZ,2018,cc,-0.49
KEN,2018,cc,-0.86
KIR,2018,cc,0.35
PRK,2018,cc,-1.59
KOR,2018,cc,0.57
KSV,2018,cc,-0.53
KWT,2018,cc,-0.32
KGZ,2018,cc,-0.96
LAO,2018,cc,-1
LVA,2018,cc,0.3
LBN,2018,cc,-1.13
LSO,2018,cc,-0.14
LBR,2018,cc,-0.87
LBY,2018,cc,-1.53
LIE,2018,cc,1.96
LTU,2018,cc,0.47
LUX,2018,cc,2.05
MAC,2018,cc,0.67
MDG,2018,cc,-1.02
MWI,2018,cc,-0.77
MYS,2018,cc,0.3
MDV,2018,cc,-0.83
MLI,2018,cc,-0.71
MLT,2018,cc,0.55
MHL,2018,cc,0.35
MTQ,2018,cc,1.18
MRT,2018,cc,-0.81
MUS,2018,cc,0.19
MEX,2018,cc,-0.95
FSM,2018,cc,0.67
MDA,2018,cc,-0.76
MCO,2018,cc,1.78
MNG,2018,cc,-0.45
MNE,2018,cc,-0.01
MAR,2018,cc,-0.29
MOZ,2018,cc,-0.81
MMR,2018,cc,-0.61
NAM,2018,cc,0.31
NRU,2018,cc,0.51
NPL,2018,cc,-0.69
NLD,2018,cc,1.89
NZL,2018,cc,2.14
NIC,2018,cc,-1.02
NER,2018,cc,-0.59
NGA,2018,cc,-1.08
MKD,2018,cc,-0.39
NOR,2018,cc,2.05
OMN,2018,cc,0.22
PAK,2018,cc,-0.8
PLW,2018,cc,0.51
PAN,2018,cc,-0.61
PNG,2018,cc,-0.87
PRY,2018,cc,-0.87
PER,2018,cc,-0.6
PHL,2018,cc,-0.58
POL,2018,cc,0.62
PRT,2018,cc,0.81
PRI,2018,cc,0
QAT,2018,cc,0.69
ROM,2018,cc,-0.23
RUS,2018,cc,-0.87
RWA,2018,cc,0.54
REU,2018,cc,0.58
WSM,2018,cc,0.65
SMR,2018,cc,1.18
SAU,2018,cc,0.33
SEN,2018,cc,-0.05
SRB,2018,cc,-0.4
SYC,2018,cc,0.86
SLE,2018,cc,-0.51
SGP,2018,cc,2.13
SVK,2018,cc,0.23
SVN,2018,cc,0.84
SLB,2018,cc,-0.03
SOM,2018,cc,-1.79
ZAF,2018,cc,-0.14
SSD,2018,cc,-1.74
ESP,2018,cc,0.61
LKA,2018,cc,-0.35
KNA,2018,cc,0.41
LCA,2018,cc,0.56
VCT,2018,cc,0.74
SDN,2018,cc,-1.46
SUR,2018,cc,-0.24
SWE,2018,cc,2.11
CHE,2018,cc,1.97
SYR,2018,cc,-1.65
STP,2018,cc,0.15
TWN,2018,cc,0.99
TJK,2018,cc,-1.43
TZA,2018,cc,-0.48
THA,2018,cc,-0.46
TMP,2018,cc,-0.51
TGO,2018,cc,-0.75
TON,2018,cc,-0.07
TTO,2018,cc,-0.38
TUN,2018,cc,-0.11
TKM,2018,cc,-1.38
TUV,2018,cc,0.05
TUR,2018,cc,-0.35
UGA,2018,cc,-1.05
UKR,2018,cc,-0.92
ARE,2018,cc,1.12
GBR,2018,cc,1.81
USA,2018,cc,1.29
URY,2018,cc,1.21
UZB,2018,cc,-1.08
VUT,2018,cc,-0.18
VEN,2018,cc,-1.51
VNM,2018,cc,-0.51
VIR,2018,cc,0.58
WBG,2018,cc,-0.23
YEM,2018,cc,-1.66
ZMB,2018,cc,-0.68
ZWE,2018,cc,-1.25
AFG,2018,ge,-1.5
ALB,2018,ge,0.08
DZA,2018,ge,-0.49
ASM,2018,ge,0.5
ADO,2018,ge,1.88
AGO,2018,ge,-1.01
AIA,2018,ge,0.77
ATG,2018,ge,-0.05
ARG,2018,ge,0.03
ARM,2018,ge,-0.17
ABW,2018,ge,1.01
AUS,2018,ge,1.56
AUT,2018,ge,1.46
AZE,2018,ge,-0.15
BHS,2018,ge,0.5
BHR,2018,ge,0.12
BGD,2018,ge,-0.76
BRB,2018,ge,0.39
BLR,2018,ge,-0.3
BEL,2018,ge,1.22
BLZ,2018,ge,-0.63
BEN,2018,ge,-0.63
BMU,2018,ge,1.33
BTN,2018,ge,0.28
BOL,2018,ge,-0.33
BIH,2018,ge,-0.67
BWA,2018,ge,0.25
BRA,2018,ge,-0.52
BRN,2018,ge,1.21
BGR,2018,ge,0.11
BFA,2018,ge,-0.64
BDI,2018,ge,-1.45
KHM,2018,ge,-0.6
CMR,2018,ge,-0.86
CAN,2018,ge,1.68
CPV,2018,ge,0.34
CYM,2018,ge,1.16
CAF,2018,ge,-1.74
TCD,2018,ge,-1.56
CHL,2018,ge,0.91
CHN,2018,ge,0.5
COL,2018,ge,-0.14
COM,2018,ge,-1.72
ZAR,2018,ge,-1.57
COG,2018,ge,-1.2
CRI,2018,ge,0.35
HRV,2018,ge,0.51
CUB,2018,ge,-0.25
CYP,2018,ge,0.88
CZE,2018,ge,0.95
CIV,2018,ge,-0.65
DNK,2018,ge,1.81
DJI,2018,ge,-0.99
DMA,2018,ge,-0.27
DOM,2018,ge,-0.39
ECU,2018,ge,-0.32
EGY,2018,ge,-0.45
SLV,2018,ge,-0.49
GNQ,2018,ge,-1.2
ERI,2018,ge,-1.77
EST,2018,ge,1.15
SWZ,2018,ge,-0.67
ETH,2018,ge,-0.67
FJI,2018,ge,0.77
FIN,2018,ge,2.01
FRA,2018,ge,1.42
GUF,2018,ge,1.35
GAB,2018,ge,-0.83
GMB,2018,ge,-0.75
GEO,2018,ge,0.52
DEU,2018,ge,1.52
GHA,2018,ge,-0.32
GRC,2018,ge,0.26
GRL,2018,ge,0.81
GRD,2018,ge,-0.2
GUM,2018,ge,0.22
GTM,2018,ge,-0.72
GIN,2018,ge,-1.03
GNB,2018,ge,-1.52
GUY,2018,ge,-0.25
HTI,2018,ge,-1.97
HND,2018,ge,-0.62
HKG,2018,ge,1.86
HUN,2018,ge,0.44
ISL,2018,ge,1.43
IND,2018,ge,0.26
IDN,2018,ge,0.14
IRN,2018,ge,-0.48
IRQ,2018,ge,-1.27
IRL,2018,ge,1.38
ISR,2018,ge,1.17
ITA,2018,ge,0.41
JAM,2018,ge,0.6
JPN,2018,ge,1.63
JEY,2018,ge,1.23
JOR,2018,ge,0.1
KAZ,2018,ge,-0.04
KEN,2018,ge,-0.49
KIR,2018,ge,-0.06
PRK,2018,ge,-1.61
KOR,2018,ge,1.14
KSV,2018,ge,-0.44
KWT,2018,ge,-0.12
KGZ,2018,ge,-0.65
LAO,2018,ge,-0.72
LVA,2018,ge,1
LBN,2018,ge,-0.67
LSO,2018,ge,-0.92
LBR,2018,ge,-1.32
LBY,2018,ge,-1.69
LIE,2018,ge,1.69
LTU,2018,ge,1.03
LUX,2018,ge,1.74
MAC,2018,ge,1.16
MDG,2018,ge,-1.21
MWI,2018,ge,-0.8
MYS,2018,ge,1.05
MDV,2018,ge,-0.48
MLI,2018,ge,-1.03
MLT,2018,ge,0.93
MHL,2018,ge,-0.18
MTQ,2018,ge,1.05
MRT,2018,ge,-0.83
MUS,2018,ge,0.89
MEX,2018,ge,-0.29
FSM,2018,ge,0.16
MDA,2018,ge,-0.51
MCO,2018,ge,1.88
MNG,2018,ge,-0.25
MNE,2018,ge,0.09
MAR,2018,ge,-0.35
MOZ,2018,ge,-0.96
MMR,2018,ge,-1.09
NAM,2018,ge,0.11
NRU,2018,ge,0.27
NPL,2018,ge,-0.95
NLD,2018,ge,1.81
NZL,2018,ge,1.63
NIC,2018,ge,-0.81
NER,2018,ge,-0.83
NGA,2018,ge,-1.12
MKD,2018,ge,0.06
NOR,2018,ge,1.85
OMN,2018,ge,0.13
PAK,2018,ge,-0.67
PLW,2018,ge,0.23
PAN,2018,ge,0.01
PNG,2018,ge,-0.66
PRY,2018,ge,-0.6
PER,2018,ge,-0.32
PHL,2018,ge,0.06
POL,2018,ge,0.55
PRT,2018,ge,1.18
PRI,2018,ge,-0.19
QAT,2018,ge,0.63
ROM,2018,ge,-0.18
RUS,2018,ge,-0.1
RWA,2018,ge,0.08
REU,2018,ge,1.05
WSM,2018,ge,0.62
SMR,2018,ge,1.6
SAU,2018,ge,0.27
SEN,2018,ge,-0.33
SRB,2018,ge,0.07
SYC,2018,ge,0.63
SLE,2018,ge,-1.19
SGP,2018,ge,2.23
SVK,2018,ge,0.58
SVN,2018,ge,1.08
SLB,2018,ge,-0.9
SOM,2018,ge,-2.21
ZAF,2018,ge,0.1
SSD,2018,ge,-2.32
ESP,2018,ge,0.97
LKA,2018,ge,-0.26
KNA,2018,ge,0.5
LCA,2018,ge,0.33
VCT,2018,ge,0.33
SDN,2018,ge,-1.63
SUR,2018,ge,-0.69
SWE,2018,ge,1.67
CHE,2018,ge,2
SYR,2018,ge,-1.7
STP,2018,ge,-0.78
TWN,2018,ge,1.32
TJK,2018,ge,-1.16
TZA,2018,ge,-0.78
THA,2018,ge,0.25
TMP,2018,ge,-0.94
TGO,2018,ge,-1.09
TON,2018,ge,0.19
TTO,2018,ge,0.21
TUN,2018,ge,-0.01
TKM,2018,ge,-1.09
TUV,2018,ge,-0.55
TUR,2018,ge,-0.07
UGA,2018,ge,-0.69
UKR,2018,ge,-0.46
ARE,2018,ge,1.43
GBR,2018,ge,1.36
USA,2018,ge,1.54
URY,2018,ge,0.5
UZB,2018,ge,-0.62
VUT,2018,ge,-0.46
VEN,2018,ge,-1.67
VNM,2018,ge,-0.01
VIR,2018,ge,0.77
WBG,2018,ge,-0.79
YEM,2018,ge,-2.27
ZMB,2018,ge,-0.65
ZWE,2018,ge,-1.3
AFG,2018,pv,-2.75
ALB,2018,pv,0.37
DZA,2018,pv,-0.84
ASM,2018,pv,1.17
ADO,2018,pv,1.39
AGO,2018,pv,-0.35
AIA,2018,pv,1.26
ATG,2018,pv,0.82
ARG,2018,pv,0.01
ARM,2018,pv,-0.45
ABW,2018,pv,1.34
AUS,2018,pv,0.97
AUT,2018,pv,0.88
AZE,2018,pv,-0.71
BHS,2018,pv,0.85
BHR,2018,pv,-0.85
BGD,2018,pv,-0.99
BRB,2018,pv,0.9
BLR,2018,pv,0.35
BEL,2018,pv,0.39
BLZ,2018,pv,0
BEN,2018,pv,-0.15
BMU,2018,pv,1.13
BTN,2018,pv,1.08
BOL,2018,pv,-0.29
BIH,2018,pv,-0.4
BWA,2018,pv,0.96
BRA,2018,pv,-0.46
BRN,2018,pv,1.24
BGR,2018,pv,0.44
BFA,2018,pv,-1.06
BDI,2018,pv,-1.57
KHM,2018,pv,0.11
CMR,2018,pv,-1.4
CAN,2018,pv,0.96
CPV,2018,pv,0.83
CYM,2018,pv,1.11
CAF,2018,pv,-2.17
TCD,2018,pv,-1.48
CHL,2018,pv,0.41
CHN,2018,pv,-0.3
COL,2018,pv,-0.81
COM,2018,pv,-0.36
ZAR,2018,pv,-2.08
COG,2018,pv,-0.35
COK,2018,pv,0.93
CRI,2018,pv,0.45
HRV,2018,pv,0.79
CUB,2018,pv,0.64
CYP,2018,pv,0.48
CZE,2018,pv,1.03
CIV,2018,pv,-0.9
DNK,2018,pv,0.93
DJI,2018,pv,-0.13
DMA,2018,pv,1.07
DOM,2018,pv,0.01
ECU,2018,pv,-0.09
EGY,2018,pv,-1.19
SLV,2018,pv,-0.39
GNQ,2018,pv,-0.09
ERI,2018,pv,-0.61
EST,2018,pv,0.58
SWZ,2018,pv,-0.38
ETH,2018,pv,-1.27
FJI,2018,pv,0.83
FIN,2018,pv,0.89
FRA,2018,pv,0.01
GUF,2018,pv,0.51
GAB,2018,pv,-0.26
GMB,2018,pv,-0.09
GEO,2018,pv,-0.45
DEU,2018,pv,0.58
GHA,2018,pv,-0.04
GRC,2018,pv,0.15
GRL,2018,pv,1.94
GRD,2018,pv,0.97
GUM,2018,pv,0.7
GTM,2018,pv,-0.54
GIN,2018,pv,-0.88
GNB,2018,pv,-0.68
GUY,2018,pv,-0.19
HTI,2018,pv,-0.64
HND,2018,pv,-0.53
HKG,2018,pv,0.78
HUN,2018,pv,0.74
ISL,2018,pv,1.39
IND,2018,pv,-1
IDN,2018,pv,-0.55
IRN,2018,pv,-1.34
IRQ,2018,pv,-2.52
IRL,2018,pv,1.01
ISR,2018,pv,-0.92
ITA,2018,pv,0.33
JAM,2018,pv,0.42
JPN,2018,pv,1.04
JEY,2018,pv,1.27
JOR,2018,pv,-0.38
KAZ,2018,pv,-0.05
KEN,2018,pv,-1.18
KIR,2018,pv,1
PRK,2018,pv,-0.34
KOR,2018,pv,0.64
KSV,2018,pv,-0.68
KWT,2018,pv,0.09
KGZ,2018,pv,-0.53
LAO,2018,pv,0.41
LVA,2018,pv,0.4
LBN,2018,pv,-1.62
LSO,2018,pv,-0.19
LBR,2018,pv,-0.2
LBY,2018,pv,-2.44
LIE,2018,pv,1.45
LTU,2018,pv,0.73
LUX,2018,pv,1.35
MAC,2018,pv,1.23
MDG,2018,pv,-0.58
MWI,2018,pv,-0.43
MYS,2018,pv,0.25
MDV,2018,pv,0.08
MLI,2018,pv,-2.08
MLT,2018,pv,1.27
MHL,2018,pv,1
MTQ,2018,pv,0.96
MRT,2018,pv,-0.63
MUS,2018,pv,0.86
MEX,2018,pv,-0.67
FSM,2018,pv,1.32
MDA,2018,pv,-0.4
MCO,2018,pv,1.58
MNG,2018,pv,0.83
MNE,2018,pv,0.04
MAR,2018,pv,-0.35
MOZ,2018,pv,-0.83
MMR,2018,pv,-1.27
NAM,2018,pv,0.69
NRU,2018,pv,0.95
NPL,2018,pv,-0.54
NLD,2018,pv,0.84
NZL,2018,pv,1.51
NIC,2018,pv,-0.95
NER,2018,pv,-1.36
NGA,2018,pv,-2.1
NIU,2018,pv,1.01
MKD,2018,pv,-0.21
NOR,2018,pv,1.12
OMN,2018,pv,0.64
PAK,2018,pv,-2.25
PLW,2018,pv,1.2
PAN,2018,pv,0.25
PNG,2018,pv,-0.66
PRY,2018,pv,-0.09
PER,2018,pv,-0.28
PHL,2018,pv,-1.1
POL,2018,pv,0.48
PRT,2018,pv,1.12
PRI,2018,pv,0.27
QAT,2018,pv,0.65
ROM,2018,pv,0.04
RUS,2018,pv,-0.54
RWA,2018,pv,0.1
REU,2018,pv,0.24
WSM,2018,pv,1.13
SMR,2018,pv,1.39
SAU,2018,pv,-0.66
SEN,2018,pv,-0.11
SRB,2018,pv,0.01
SYC,2018,pv,0.67
SLE,2018,pv,-0.09
SGP,2018,pv,1.47
SVK,2018,pv,0.74
SVN,2018,pv,0.89
SLB,2018,pv,0.36
SOM,2018,pv,-2.25
ZAF,2018,pv,-0.24
SSD,2018,pv,-2.43
ESP,2018,pv,0.28
LKA,2018,pv,-0.14
KNA,2018,pv,0.68
LCA,2018,pv,0.99
VCT,2018,pv,0.82
SDN,2018,pv,-1.82
SUR,2018,pv,0.06
SWE,2018,pv,0.92
CHE,2018,pv,1.32
SYR,2018,pv,-2.74
STP,2018,pv,0.52
TWN,2018,pv,0.84
TJK,2018,pv,-0.75
TZA,2018,pv,-0.58
THA,2018,pv,-0.8
TMP,2018,pv,0.23
TGO,2018,pv,-0.89
TON,2018,pv,0.83
TTO,2018,pv,0.23
TUN,2018,pv,-0.87
TKM,2018,pv,-0.01
TUV,2018,pv,1.39
TUR,2018,pv,-1.32
UGA,2018,pv,-0.7
UKR,2018,pv,-1.87
ARE,2018,pv,0.69
GBR,2018,pv,0.08
USA,2018,pv,0.39
URY,2018,pv,1.02
UZB,2018,pv,-0.3
VUT,2018,pv,0.8
VEN,2018,pv,-1.35
VNM,2018,pv,0.03
VIR,2018,pv,0.96
WBG,2018,pv,-1.8
YEM,2018,pv,-3
ZMB,2018,pv,0.08
ZWE,2018,pv,-0.72
AFG,2018,rl,-1.69
ALB,2018,rl,-0.41
DZA,2018,rl,-0.81
ASM,2018,rl,1.3
ADO,2018,rl,1.54
AGO,2018,rl,-1
AIA,2018,rl,-0.14
ATG,2018,rl,0.38
ARG,2018,rl,-0.22
ARM,2018,rl,-0.2
ABW,2018,rl,1.26
AUS,2018,rl,1.67
AUT,2018,rl,1.85
AZE,2018,rl,-0.62
BHS,2018,rl,0.07
BHR,2018,rl,0.38
BGD,2018,rl,-0.65
BRB,2018,rl,0.36
BLR,2018,rl,-0.89
BEL,2018,rl,1.34
BLZ,2018,rl,-0.84
BEN,2018,rl,-0.69
BMU,2018,rl,0.82
BTN,2018,rl,0.55
BOL,2018,rl,-1.21
BIH,2018,rl,-0.23
BWA,2018,rl,0.38
BRA,2018,rl,-0.3
BRN,2018,rl,0.6
BGR,2018,rl,-0.11
BFA,2018,rl,-0.46
BDI,2018,rl,-1.51
KHM,2018,rl,-1.14
CMR,2018,rl,-1.1
CAN,2018,rl,1.72
CPV,2018,rl,0.39
CYM,2018,rl,0.74
CAF,2018,rl,-1.72
TCD,2018,rl,-1.33
CHL,2018,rl,0.94
CHN,2018,rl,-0.19
COL,2018,rl,-0.38
COM,2018,rl,-1.14
ZAR,2018,rl,-1.8
COG,2018,rl,-1.13
CRI,2018,rl,0.47
HRV,2018,rl,0.3
CUB,2018,rl,-0.46
CYP,2018,rl,0.72
CZE,2018,rl,1.02
CIV,2018,rl,-0.6
DNK,2018,rl,1.77
DJI,2018,rl,-0.95
DMA,2018,rl,0.7
DOM,2018,rl,-0.37
ECU,2018,rl,-0.66
EGY,2018,rl,-0.3
SLV,2018,rl,-0.93
GNQ,2018,rl,-1.42
ERI,2018,rl,-1.62
EST,2018,rl,1.2
SWZ,2018,rl,-0.28
ETH,2018,rl,-0.44
FJI,2018,rl,0.18
FIN,2018,rl,2.03
FRA,2018,rl,1.4
GUF,2018,rl,1.17
GAB,2018,rl,-0.72
GMB,2018,rl,-0.46
GEO,2018,rl,0.27
DEU,2018,rl,1.59
GHA,2018,rl,0.05
GRC,2018,rl,0.11
GRL,2018,rl,1.7
GRD,2018,rl,0.25
GUM,2018,rl,1.3
GTM,2018,rl,-1.08
GIN,2018,rl,-1.23
GNB,2018,rl,-1.27
GUY,2018,rl,-0.38
HTI,2018,rl,-1.06
HND,2018,rl,-1.06
HKG,2018,rl,1.73
HUN,2018,rl,0.56
ISL,2018,rl,1.68
IND,2018,rl,0
IDN,2018,rl,-0.31
IRN,2018,rl,-0.71
IRQ,2018,rl,-1.8
IRL,2018,rl,1.41
ISR,2018,rl,0.96
ITA,2018,rl,0.24
JAM,2018,rl,-0.22
JPN,2018,rl,1.49
JEY,2018,rl,1.7
JOR,2018,rl,0.23
KAZ,2018,rl,-0.5
KEN,2018,rl,-0.43
KIR,2018,rl,0.58
PRK,2018,rl,-1.64
KOR,2018,rl,1.2
KSV,2018,rl,-0.38
KWT,2018,rl,0.19
KGZ,2018,rl,-0.93
LAO,2018,rl,-0.86
LVA,2018,rl,0.92
LBN,2018,rl,-0.78
LSO,2018,rl,-0.37
LBR,2018,rl,-1
LBY,2018,rl,-1.69
LIE,2018,rl,1.63
LTU,2018,rl,0.92
LUX,2018,rl,1.77
MAC,2018,rl,0.97
MDG,2018,rl,-0.84
MWI,2018,rl,-0.41
MYS,2018,rl,0.53
MDV,2018,rl,-0.54
MLI,2018,rl,-0.82
MLT,2018,rl,1.02
MHL,2018,rl,0.16
MTQ,2018,rl,0.82
MRT,2018,rl,-0.71
MUS,2018,rl,0.71
MEX,2018,rl,-0.64
FSM,2018,rl,0.03
MDA,2018,rl,-0.44
MCO,2018,rl,1.54
MNG,2018,rl,-0.28
MNE,2018,rl,0
MAR,2018,rl,-0.25
MOZ,2018,rl,-1.07
MMR,2018,rl,-1.04
NAM,2018,rl,0.33
NRU,2018,rl,-0.06
NPL,2018,rl,-0.49
NLD,2018,rl,1.74
NZL,2018,rl,1.83
NIC,2018,rl,-1.08
NER,2018,rl,-0.61
NGA,2018,rl,-0.92
MKD,2018,rl,-0.31
NOR,2018,rl,1.92
OMN,2018,rl,0.44
PAK,2018,rl,-0.68
PLW,2018,rl,1
PAN,2018,rl,-0.16
PNG,2018,rl,-0.76
PRY,2018,rl,-0.6
PER,2018,rl,-0.57
PHL,2018,rl,-0.57
POL,2018,rl,0.38
PRT,2018,rl,1.11
PRI,2018,rl,0.56
QAT,2018,rl,0.71
ROM,2018,rl,0.37
RUS,2018,rl,-0.83
RWA,2018,rl,0.11
REU,2018,rl,1.06
WSM,2018,rl,0.91
SMR,2018,rl,1.54
SAU,2018,rl,0.12
SEN,2018,rl,-0.22
SRB,2018,rl,-0.17
SYC,2018,rl,0.28
SLE,2018,rl,-0.8
SGP,2018,rl,1.8
SVK,2018,rl,0.47
SVN,2018,rl,1.02
SLB,2018,rl,-0.2
SOM,2018,rl,-2.3
ZAF,2018,rl,-0.22
SSD,2018,rl,-1.99
ESP,2018,rl,0.98
LKA,2018,rl,0
KNA,2018,rl,0.52
LCA,2018,rl,0.63
VCT,2018,rl,0.44
SDN,2018,rl,-1.14
SUR,2018,rl,-0.09
SWE,2018,rl,1.78
CHE,2018,rl,1.89
SYR,2018,rl,-2.05
STP,2018,rl,-0.71
TWN,2018,rl,1.08
TJK,2018,rl,-1.3
TZA,2018,rl,-0.57
THA,2018,rl,0
TMP,2018,rl,-1.14
TGO,2018,rl,-0.62
TON,2018,rl,0.43
TTO,2018,rl,-0.17
TUN,2018,rl,0.05
TKM,2018,rl,-1.46
TUV,2018,rl,0.61
TUR,2018,rl,-0.39
UGA,2018,rl,-0.32
UKR,2018,rl,-0.76
ARE,2018,rl,0.77
GBR,2018,rl,1.6
USA,2018,rl,1.48
URY,2018,rl,0.57
UZB,2018,rl,-1.1
VUT,2018,rl,0.39
VEN,2018,rl,-2.27
VNM,2018,rl,-0.04
VIR,2018,rl,1.06
WBG,2018,rl,-0.5
YEM,2018,rl,-1.81
ZMB,2018,rl,-0.36
ZWE,2018,rl,-1.29
AFG,2018,rq,-1.14
ALB,2018,rq,0.26
DZA,2018,rq,-1.35
ASM,2018,rq,-0.31
ADO,2018,rq,1.19
AGO,2018,rq,-0.8
AIA,2018,rq,0.81
ATG,2018,rq,0.4
ARG,2018,rq,-0.2
ARM,2018,rq,0.35
ABW,2018,rq,0.85
AUS,2018,rq,1.9
AUT,2018,rq,1.52
AZE,2018,rq,-0.31
BHS,2018,rq,0.17
BHR,2018,rq,0.41
BGD,2018,rq,-0.85
BRB,2018,rq,0.53
BLR,2018,rq,-0.82
BEL,2018,rq,1.26
BLZ,2018,rq,-0.67
BEN,2018,rq,-0.39
BMU,2018,rq,0.81
BTN,2018,rq,-0.38
BOL,2018,rq,-1.01
BIH,2018,rq,-0.14
BWA,2018,rq,0.62
BRA,2018,rq,-0.29
BRN,2018,rq,0.68
BGR,2018,rq,0.61
BFA,2018,rq,-0.41
BDI,2018,rq,-1.01
KHM,2018,rq,-0.54
CMR,2018,rq,-0.81
CAN,2018,rq,1.7
CPV,2018,rq,-0.04
CYM,2018,rq,0.97
CAF,2018,rq,-1.39
TCD,2018,rq,-1.12
CHL,2018,rq,1.3
CHN,2018,rq,-0.23
COL,2018,rq,0.22
COM,2018,rq,-1.19
ZAR,2018,rq,-1.49
COG,2018,rq,-1.41
CRI,2018,rq,0.48
HRV,2018,rq,0.49
CUB,2018,rq,-1.48
CYP,2018,rq,0.86
CZE,2018,rq,1.27
CIV,2018,rq,-0.25
DNK,2018,rq,1.63
DJI,2018,rq,-0.74
DMA,2018,rq,0.13
DOM,2018,rq,-0.03
ECU,2018,rq,-0.89
EGY,2018,rq,-0.8
SLV,2018,rq,-0.02
GNQ,2018,rq,-1.66
ERI,2018,rq,-2.19
EST,2018,rq,1.54
SWZ,2018,rq,-0.51
ETH,2018,rq,-0.98
FJI,2018,rq,0.04
FIN,2018,rq,1.78
FRA,2018,rq,1.15
GUF,2018,rq,1.3
GAB,2018,rq,-0.89
GMB,2018,rq,-0.67
GEO,2018,rq,1.03
DEU,2018,rq,1.76
GHA,2018,rq,-0.14
GRC,2018,rq,0.4
GRL,2018,rq,1.36
GRD,2018,rq,-0.28
GUM,2018,rq,0.07
GTM,2018,rq,-0.29
GIN,2018,rq,-0.81
GNB,2018,rq,-1.24
GUY,2018,rq,-0.54
HTI,2018,rq,-1.3
HND,2018,rq,-0.45
HKG,2018,rq,2.22
HUN,2018,rq,0.56
ISL,2018,rq,1.41
IND,2018,rq,-0.23
IDN,2018,rq,-0.02
IRN,2018,rq,-1.4
IRQ,2018,rq,-1.06
IRL,2018,rq,1.62
ISR,2018,rq,1.24
ITA,2018,rq,0.72
JAM,2018,rq,0.13
JPN,2018,rq,1.33
JEY,2018,rq,0.7
JOR,2018,rq,0.03
KAZ,2018,rq,0.09
KEN,2018,rq,-0.27
KIR,2018,rq,-0.66
PRK,2018,rq,-2.38
KOR,2018,rq,1.09
KSV,2018,rq,-0.34
KWT,2018,rq,0.01
KGZ,2018,rq,-0.4
LAO,2018,rq,-0.82
LVA,2018,rq,1.13
LBN,2018,rq,-0.45
LSO,2018,rq,-0.56
LBR,2018,rq,-0.99
LBY,2018,rq,-2.22
LIE,2018,rq,1.52
LTU,2018,rq,1.09
LUX,2018,rq,1.75
MAC,2018,rq,1.61
MDG,2018,rq,-0.79
MWI,2018,rq,-0.72
MYS,2018,rq,0.58
MDV,2018,rq,-0.53
MLI,2018,rq,-0.6
MLT,2018,rq,1.33
MHL,2018,rq,-0.8
MTQ,2018,rq,1.19
MRT,2018,rq,-0.87
MUS,2018,rq,1.04
MEX,2018,rq,0.08
FSM,2018,rq,-0.92
MDA,2018,rq,-0.03
MCO,2018,rq,1.19
MNG,2018,rq,0.01
MNE,2018,rq,0.39
MAR,2018,rq,-0.26
MOZ,2018,rq,-0.8
MMR,2018,rq,-0.75
NAM,2018,rq,0
NRU,2018,rq,-0.14
NPL,2018,rq,-0.78
NLD,2018,rq,2.01
NZL,2018,rq,2
NIC,2018,rq,-0.73
NER,2018,rq,-0.68
NGA,2018,rq,-0.88
MKD,2018,rq,0.52
NOR,2018,rq,1.78
OMN,2018,rq,0.16
PAK,2018,rq,-0.67
PLW,2018,rq,0.11
PAN,2018,rq,0.39
PNG,2018,rq,-0.53
PRY,2018,rq,-0.09
PER,2018,rq,0.44
PHL,2018,rq,0.03
POL,2018,rq,0.87
PRT,2018,rq,0.87
PRI,2018,rq,0.94
QAT,2018,rq,0.59
ROM,2018,rq,0.41
RUS,2018,rq,-0.56
RWA,2018,rq,0.03
REU,2018,rq,1.19
WSM,2018,rq,-0.14
SMR,2018,rq,0.44
SAU,2018,rq,-0.09
SEN,2018,rq,-0.15
SRB,2018,rq,0.1
SYC,2018,rq,0.02
SLE,2018,rq,-0.92
SGP,2018,rq,2.12
SVK,2018,rq,0.8
SVN,2018,rq,0.64
SLB,2018,rq,-0.85
SOM,2018,rq,-2.09
ZAF,2018,rq,-0.04
SSD,2018,rq,-2.04
ESP,2018,rq,0.94
LKA,2018,rq,-0.22
KNA,2018,rq,0.5
LCA,2018,rq,0.34
VCT,2018,rq,0.3
SDN,2018,rq,-1.64
SUR,2018,rq,-0.67
SWE,2018,rq,1.83
CHE,2018,rq,1.79
SYR,2018,rq,-1.76
STP,2018,rq,-0.91
TWN,2018,rq,1.37
TJK,2018,rq,-1.1
TZA,2018,rq,-0.64
THA,2018,rq,-0.04
TMP,2018,rq,-0.79
TGO,2018,rq,-0.71
TON,2018,rq,-0.36
TTO,2018,rq,-0.13
TUN,2018,rq,-0.49
TKM,2018,rq,-2
TUV,2018,rq,-0.47
TUR,2018,rq,0.02
UGA,2018,rq,-0.29
UKR,2018,rq,-0.26
ARE,2018,rq,0.92
GBR,2018,rq,1.77
USA,2018,rq,1.61
URY,2018,rq,0.62
UZB,2018,rq,-1.14
VUT,2018,rq,-0.43
VEN,2018,rq,-2.39
VNM,2018,rq,-0.37
VIR,2018,rq,0.81
WBG,2018,rq,0
YEM,2018,rq,-1.64
ZMB,2018,rq,-0.53
ZWE,2018,rq,-1.53
AFG,2018,va,-1.01
ALB,2018,va,0.19
DZA,2018,va,-1
ADO,2018,va,1.05
AGO,2018,va,-0.9
ATG,2018,va,0.58
ARG,2018,va,0.54
ARM,2018,va,-0.13
ABW,2018,va,1.28
AUS,2018,va,1.39
AUT,2018,va,1.4
AZE,2018,va,-1.51
BHS,2018,va,0.77
BHR,2018,va,-1.42
BGD,2018,va,-0.74
BRB,2018,va,1.1
BLR,2018,va,-1.36
BEL,2018,va,1.33
BLZ,2018,va,0.43
BEN,2018,va,0.25
BTN,2018,va,0.04
BOL,2018,va,-0.06
BIH,2018,va,-0.26
BWA,2018,va,0.46
BRA,2018,va,0.38
BRN,2018,va,-0.86
BGR,2018,va,0.37
BFA,2018,va,-0.06
BDI,2018,va,-1.67
KHM,2018,va,-1.23
CMR,2018,va,-1.13
CAN,2018,va,1.5
CPV,2018,va,0.97
CYM,2018,va,0.47
CAF,2018,va,-1.2
TCD,2018,va,-1.47
CHL,2018,va,1.03
CHN,2018,va,-1.46
COL,2018,va,0.17
COM,2018,va,-0.49
ZAR,2018,va,-1.5
COG,2018,va,-1.19
COK,2018,va,1.18
CRI,2018,va,1.12
HRV,2018,va,0.45
CUB,2018,va,-1.46
CYP,2018,va,1.02
CZE,2018,va,0.82
CIV,2018,va,-0.25
DNK,2018,va,1.57
DJI,2018,va,-1.36
DMA,2018,va,0.8
DOM,2018,va,0.12
ECU,2018,va,0
EGY,2018,va,-1.32
SLV,2018,va,0.03
GNQ,2018,va,-1.87
ERI,2018,va,-2.18
EST,2018,va,1.19
SWZ,2018,va,-1.37
ETH,2018,va,-1.16
FJI,2018,va,0.15
FIN,2018,va,1.59
FRA,2018,va,1.16
GUF,2018,va,1.28
GAB,2018,va,-0.96
GMB,2018,va,-0.22
GEO,2018,va,0.23
DEU,2018,va,1.44
GHA,2018,va,0.56
GRC,2018,va,0.74
GRL,2018,va,1.28
GRD,2018,va,0.5
GUM,2018,va,1.17
GTM,2018,va,-0.35
GIN,2018,va,-0.77
GNB,2018,va,-0.68
GUY,2018,va,0.22
HTI,2018,va,-0.75
HND,2018,va,-0.52
HKG,2018,va,0.45
HUN,2018,va,0.49
ISL,2018,va,1.39
IND,2018,va,0.36
IDN,2018,va,0.16
IRN,2018,va,-1.33
IRQ,2018,va,-1
IRL,2018,va,1.3
ISR,2018,va,0.63
ITA,2018,va,0.96
JAM,2018,va,0.59
JPN,2018,va,0.99
JEY,2018,va,1.28
JOR,2018,va,-0.72
KAZ,2018,va,-1.2
KEN,2018,va,-0.38
KIR,2018,va,1.12
PRK,2018,va,-2.21
KOR,2018,va,0.8
KSV,2018,va,-0.14
KWT,2018,va,-0.6
KGZ,2018,va,-0.35
LAO,2018,va,-1.75
LVA,2018,va,0.79
LBN,2018,va,-0.51
LSO,2018,va,0.01
LBR,2018,va,-0.03
LBY,2018,va,-1.53
LIE,2018,va,1.3
LTU,2018,va,0.9
LUX,2018,va,1.54
MAC,2018,va,-0.07
MDG,2018,va,-0.32
MWI,2018,va,-0.08
MYS,2018,va,-0.1
MDV,2018,va,-0.65
MLI,2018,va,-0.33
MLT,2018,va,1.1
MHL,2018,va,1.12
MRT,2018,va,-0.87
MUS,2018,va,0.74
MEX,2018,va,-0.01
FSM,2018,va,1.12
MDA,2018,va,-0.12
MCO,2018,va,0.64
MNG,2018,va,0.24
MNE,2018,va,0.06
MAR,2018,va,-0.68
MOZ,2018,va,-0.48
MMR,2018,va,-0.9
NAM,2018,va,0.47
NRU,2018,va,0.47
NPL,2018,va,-0.13
NLD,2018,va,1.5
NZL,2018,va,1.61
NIC,2018,va,-1.1
NER,2018,va,-0.6
NGA,2018,va,-0.43
NIU,2018,va,1.47
MKD,2018,va,-0.03
NOR,2018,va,1.71
OMN,2018,va,-1.04
PAK,2018,va,-0.81
PLW,2018,va,1.12
PAN,2018,va,0.56
PNG,2018,va,0.06
PRY,2018,va,0.03
PER,2018,va,0.22
PHL,2018,va,0.02
POL,2018,va,0.71
PRT,2018,va,1.18
PRI,2018,va,0.47
QAT,2018,va,-1.21
ROM,2018,va,0.53
RUS,2018,va,-1.07
RWA,2018,va,-1.14
WSM,2018,va,0.78
SMR,2018,va,1.12
SAU,2018,va,-1.69
SEN,2018,va,0.22
SRB,2018,va,-0.01
SYC,2018,va,0.19
SLE,2018,va,-0.18
SGP,2018,va,-0.08
SVK,2018,va,0.85
SVN,2018,va,0.97
SLB,2018,va,0.38
SOM,2018,va,-1.85
ZAF,2018,va,0.64
SSD,2018,va,-1.99
ESP,2018,va,1.03
LKA,2018,va,-0.01
KNA,2018,va,0.86
LCA,2018,va,0.85
VCT,2018,va,0.85
SDN,2018,va,-1.85
SUR,2018,va,0.3
SWE,2018,va,1.58
CHE,2018,va,1.59
SYR,2018,va,-1.97
STP,2018,va,0.14
TWN,2018,va,0.96
TJK,2018,va,-1.7
TZA,2018,va,-0.38
THA,2018,va,-1.02
TMP,2018,va,0.32
TGO,2018,va,-0.76
TON,2018,va,0.65
TTO,2018,va,0.55
TUN,2018,va,0.19
TKM,2018,va,-2.15
TUV,2018,va,1.12
TUR,2018,va,-0.85
UGA,2018,va,-0.68
UKR,2018,va,-0.03
ARE,2018,va,-1.12
GBR,2018,va,1.38
USA,2018,va,1
URY,2018,va,1.19
UZB,2018,va,-1.63
VUT,2018,va,0.52
VEN,2018,va,-1.44
VNM,2018,va,-1.47
WBG,2018,va,-0.92
YEM,2018,va,-1.76
ZMB,2018,va,-0.34
ZWE,2018,va,-1.14
AFG,2019,cc,-1.42
ALB,2019,cc,-0.56
DZA,2019,cc,-0.66
ASM,2019,cc,1.78
ADO,2019,cc,1.18
AGO,2019,cc,-1.05
AIA,2019,cc,1.18
ATG,2019,cc,0.24
ARG,2019,cc,-0.11
ARM,2019,cc,-0.23
ABW,2019,cc,1.17
AUS,2019,cc,1.79
AUT,2019,cc,1.52
AZE,2019,cc,-0.85
BHS,2019,cc,1.1
BHR,2019,cc,-0.04
BGD,2019,cc,-1.02
BRB,2019,cc,1.16
BLR,2019,cc,0.01
BEL,2019,cc,1.45
BLZ,2019,cc,-0.19
BEN,2019,cc,-0.33
BMU,2019,cc,1.18
BTN,2019,cc,1.57
BOL,2019,cc,-0.78
BIH,2019,cc,-0.65
BWA,2019,cc,0.69
BRA,2019,cc,-0.41
BRN,2019,cc,0.77
BGR,2019,cc,-0.18
BFA,2019,cc,-0.22
BDI,2019,cc,-1.5
KHM,2019,cc,-1.32
CMR,2019,cc,-1.22
CAN,2019,cc,1.73
CPV,2019,cc,0.85
CYM,2019,cc,0.43
CAF,2019,cc,-1.23
TCD,2019,cc,-1.42
CHL,2019,cc,0.98
CHN,2019,cc,-0.31
COL,2019,cc,-0.28
COM,2019,cc,-1.06
ZAR,2019,cc,-1.56
COG,2019,cc,-1.44
CRI,2019,cc,0.63
HRV,2019,cc,0.05
CUB,2019,cc,0.01
CYP,2019,cc,0.6
CZE,2019,cc,0.53
CIV,2019,cc,-0.56
DNK,2019,cc,2.12
DJI,2019,cc,-0.88
DMA,2019,cc,0.52
DOM,2019,cc,-0.84
ECU,2019,cc,-0.51
EGY,2019,cc,-0.66
SLV,2019,cc,-0.54
GNQ,2019,cc,-1.56
ERI,2019,cc,-1.41
EST,2019,cc,1.53
SWZ,2019,cc,-0.33
ETH,2019,cc,-0.43
FJI,2019,cc,0.69
FIN,2019,cc,2.11
FRA,2019,cc,1.25
GUF,2019,cc,0.88
GAB,2019,cc,-0.89
GMB,2019,cc,-0.41
GEO,2019,cc,0.72
DEU,2019,cc,1.87
GHA,2019,cc,-0.11
GRC,2019,cc,0.01
GRL,2019,cc,1.11
GRD,2019,cc,0.34
GUM,2019,cc,1.18
GTM,2019,cc,-0.92
GIN,2019,cc,-0.91
GNB,2019,cc,-1.5
GUY,2019,cc,-0.14
HTI,2019,cc,-1.35
HND,2019,cc,-0.88
HKG,2019,cc,1.65
HUN,2019,cc,0.03
ISL,2019,cc,1.67
IND,2019,cc,-0.3
IDN,2019,cc,-0.47
IRN,2019,cc,-1.07
IRQ,2019,cc,-1.39
IRL,2019,cc,1.46
ISR,2019,cc,0.77
ITA,2019,cc,0.23
JAM,2019,cc,-0.11
JPN,2019,cc,1.43
JEY,2019,cc,1.02
JOR,2019,cc,0.08
KAZ,2019,cc,-0.29
KEN,2019,cc,-0.81
KIR,2019,cc,0.37
PRK,2019,cc,-1.61
KOR,2019,cc,0.7
KSV,2019,cc,-0.54
KWT,2019,cc,-0.16
KGZ,2019,cc,-0.96
LAO,2019,cc,-1.08
LVA,2019,cc,0.48
LBN,2019,cc,-1.17
LSO,2019,cc,-0.12
LBR,2019,cc,-0.92
LBY,2019,cc,-1.57
LIE,2019,cc,1.92
LTU,2019,cc,0.67
LUX,2019,cc,2.07
MAC,2019,cc,0.66
MDG,2019,cc,-1.05
MWI,2019,cc,-0.78
MYS,2019,cc,0.23
MDV,2019,cc,-0.22
MLI,2019,cc,-0.7
MLT,2019,cc,0.21
MHL,2019,cc,0.37
MTQ,2019,cc,1.18
MRT,2019,cc,-0.87
MUS,2019,cc,0.21
MEX,2019,cc,-0.92
FSM,2019,cc,0.71
MDA,2019,cc,-0.65
MCO,2019,cc,1.78
MNG,2019,cc,-0.46
MNE,2019,cc,-0.03
MAR,2019,cc,-0.33
MOZ,2019,cc,-0.87
MMR,2019,cc,-0.64
NAM,2019,cc,0.31
NRU,2019,cc,0.53
NPL,2019,cc,-0.69
NLD,2019,cc,1.87
NZL,2019,cc,2.13
NIC,2019,cc,-1.03
NER,2019,cc,-0.57
NGA,2019,cc,-1.11
MKD,2019,cc,-0.46
NOR,2019,cc,2.03
OMN,2019,cc,0.42
PAK,2019,cc,-0.88
PLW,2019,cc,0.53
PAN,2019,cc,-0.64
PNG,2019,cc,-1
PRY,2019,cc,-0.89
PER,2019,cc,-0.51
PHL,2019,cc,-0.61
POL,2019,cc,0.61
PRT,2019,cc,0.75
PRI,2019,cc,-0.02
QAT,2019,cc,0.82
ROM,2019,cc,-0.24
RUS,2019,cc,-0.82
RWA,2019,cc,0.52
REU,2019,cc,0.57
WSM,2019,cc,0.65
SMR,2019,cc,1.18
SAU,2019,cc,0.25
SEN,2019,cc,0
SRB,2019,cc,-0.45
SYC,2019,cc,1.18
SLE,2019,cc,-0.47
SGP,2019,cc,2.12
SVK,2019,cc,0.19
SVN,2019,cc,0.89
SLB,2019,cc,-0.05
SOM,2019,cc,-1.72
ZAF,2019,cc,-0.03
SSD,2019,cc,-1.8
ESP,2019,cc,0.67
LKA,2019,cc,-0.3
KNA,2019,cc,0.35
LCA,2019,cc,0.56
VCT,2019,cc,0.76
SDN,2019,cc,-1.4
SUR,2019,cc,-0.42
SWE,2019,cc,2.09
CHE,2019,cc,1.94
SYR,2019,cc,-1.71
STP,2019,cc,0.13
TWN,2019,cc,1.02
TJK,2019,cc,-1.35
TZA,2019,cc,-0.42
THA,2019,cc,-0.47
TMP,2019,cc,-0.4
TGO,2019,cc,-0.75
TON,2019,cc,-0.33
TTO,2019,cc,-0.26
TUN,2019,cc,-0.14
TKM,2019,cc,-1.39
TUV,2019,cc,0.39
TUR,2019,cc,-0.33
UGA,2019,cc,-1.17
UKR,2019,cc,-0.8
ARE,2019,cc,1.07
GBR,2019,cc,1.75
USA,2019,cc,1.18
URY,2019,cc,1.2
UZB,2019,cc,-1.05
VUT,2019,cc,-0.28
VEN,2019,cc,-1.53
VNM,2019,cc,-0.55
VIR,2019,cc,0.57
WBG,2019,cc,-0.35
YEM,2019,cc,-1.71
ZMB,2019,cc,-0.67
ZWE,2019,cc,-1.29
AFG,2019,ge,-1.52
ALB,2019,ge,-0.06
DZA,2019,ge,-0.57
ASM,2019,ge,0.49
ADO,2019,ge,1.85
AGO,2019,ge,-1.13
AIA,2019,ge,0.76
ATG,2019,ge,-0.05
ARG,2019,ge,-0.12
ARM,2019,ge,-0.23
ABW,2019,ge,0.99
AUS,2019,ge,1.54
AUT,2019,ge,1.49
AZE,2019,ge,-0.13
BHS,2019,ge,0.45
BHR,2019,ge,0.25
BGD,2019,ge,-0.75
BRB,2019,ge,0.59
BLR,2019,ge,-0.17
BEL,2019,ge,1.11
BLZ,2019,ge,-0.63
BEN,2019,ge,-0.49
BMU,2019,ge,1.31
BTN,2019,ge,0.25
BOL,2019,ge,-0.79
BIH,2019,ge,-0.71
BWA,2019,ge,0.38
BRA,2019,ge,-0.23
BRN,2019,ge,1.28
BGR,2019,ge,0.17
BFA,2019,ge,-0.78
BDI,2019,ge,-1.37
KHM,2019,ge,-0.62
CMR,2019,ge,-0.87
CAN,2019,ge,1.7
CPV,2019,ge,0.28
CYM,2019,ge,1.13
CAF,2019,ge,-1.78
TCD,2019,ge,-1.61
CHL,2019,ge,0.86
CHN,2019,ge,0.54
COL,2019,ge,0.03
COM,2019,ge,-1.75
ZAR,2019,ge,-1.66
COG,2019,ge,-1.13
CRI,2019,ge,0.35
HRV,2019,ge,0.46
CUB,2019,ge,-0.18
CYP,2019,ge,0.96
CZE,2019,ge,0.92
CIV,2019,ge,-0.56
DNK,2019,ge,1.87
DJI,2019,ge,-0.82
DMA,2019,ge,-0.25
DOM,2019,ge,-0.35
ECU,2019,ge,-0.37
EGY,2019,ge,-0.25
SLV,2019,ge,-0.53
GNQ,2019,ge,-1.04
ERI,2019,ge,-1.8
EST,2019,ge,1.14
SWZ,2019,ge,-0.64
ETH,2019,ge,-0.66
FJI,2019,ge,0.76
FIN,2019,ge,1.97
FRA,2019,ge,1.34
GUF,2019,ge,1.35
GAB,2019,ge,-0.96
GMB,2019,ge,-0.77
GEO,2019,ge,0.77
DEU,2019,ge,1.5
GHA,2019,ge,-0.29
GRC,2019,ge,0.31
GRL,2019,ge,0.79
GRD,2019,ge,-0.11
GUM,2019,ge,0.22
GTM,2019,ge,-0.73
GIN,2019,ge,-0.86
GNB,2019,ge,-1.56
GUY,2019,ge,-0.4
HTI,2019,ge,-2.07
HND,2019,ge,-0.62
HKG,2019,ge,1.71
HUN,2019,ge,0.45
ISL,2019,ge,1.48
IND,2019,ge,0.13
IDN,2019,ge,0.14
IRN,2019,ge,-0.6
IRQ,2019,ge,-1.31
IRL,2019,ge,1.26
ISR,2019,ge,1.29
ITA,2019,ge,0.45
JAM,2019,ge,0.59
JPN,2019,ge,1.55
JEY,2019,ge,1.21
JOR,2019,ge,0.07
KAZ,2019,ge,0.07
KEN,2019,ge,-0.44
KIR,2019,ge,-0.05
PRK,2019,ge,-1.43
KOR,2019,ge,1.33
KSV,2019,ge,-0.37
KWT,2019,ge,-0.02
KGZ,2019,ge,-0.73
LAO,2019,ge,-0.82
LVA,2019,ge,1.07
LBN,2019,ge,-0.81
LSO,2019,ge,-0.9
LBR,2019,ge,-1.39
LBY,2019,ge,-1.77
LIE,2019,ge,1.65
LTU,2019,ge,1.01
LUX,2019,ge,1.7
MAC,2019,ge,1.13
MDG,2019,ge,-1.19
MWI,2019,ge,-0.8
MYS,2019,ge,0.97
MDV,2019,ge,-0.18
MLI,2019,ge,-1.1
MLT,2019,ge,0.82
MHL,2019,ge,-0.17
MTQ,2019,ge,1.03
MRT,2019,ge,-0.61
MUS,2019,ge,0.86
MEX,2019,ge,-0.31
FSM,2019,ge,0.1
MDA,2019,ge,-0.44
MCO,2019,ge,1.85
MNG,2019,ge,-0.23
MNE,2019,ge,0.11
MAR,2019,ge,-0.25
MOZ,2019,ge,-0.91
MMR,2019,ge,-1.19
NAM,2019,ge,0.1
NRU,2019,ge,0
NPL,2019,ge,-1.09
NLD,2019,ge,1.77
NZL,2019,ge,1.63
NIC,2019,ge,-0.78
NER,2019,ge,-0.84
NGA,2019,ge,-1.21
MKD,2019,ge,-0.12
NOR,2019,ge,1.83
OMN,2019,ge,0.21
PAK,2019,ge,-0.72
PLW,2019,ge,0.23
PAN,2019,ge,0.1
PNG,2019,ge,-0.79
PRY,2019,ge,-0.58
PER,2019,ge,-0.13
PHL,2019,ge,0.06
POL,2019,ge,0.51
PRT,2019,ge,1.13
PRI,2019,ge,-0.2
QAT,2019,ge,0.71
ROM,2019,ge,-0.22
RUS,2019,ge,0.02
RWA,2019,ge,0.09
REU,2019,ge,1.03
WSM,2019,ge,0.44
SMR,2019,ge,1.58
SAU,2019,ge,0.26
SEN,2019,ge,-0.13
SRB,2019,ge,-0.02
SYC,2019,ge,0.62
SLE,2019,ge,-1.17
SGP,2019,ge,2.23
SVK,2019,ge,0.55
SVN,2019,ge,1.04
SLB,2019,ge,-0.88
SOM,2019,ge,-2.28
ZAF,2019,ge,0.13
SSD,2019,ge,-2.38
ESP,2019,ge,0.97
LKA,2019,ge,-0.12
KNA,2019,ge,0.49
LCA,2019,ge,0.34
VCT,2019,ge,0.34
SDN,2019,ge,-1.66
SUR,2019,ge,-0.63
SWE,2019,ge,1.67
CHE,2019,ge,1.92
SYR,2019,ge,-1.74
STP,2019,ge,-0.75
TWN,2019,ge,1.4
TJK,2019,ge,-1.12
TZA,2019,ge,-0.85
THA,2019,ge,0.26
TMP,2019,ge,-0.86
TGO,2019,ge,-0.97
TON,2019,ge,0.21
TTO,2019,ge,0.09
TUN,2019,ge,-0.04
TKM,2019,ge,-1.02
TUV,2019,ge,-0.54
TUR,2019,ge,-0.02
UGA,2019,ge,-0.65
UKR,2019,ge,-0.33
ARE,2019,ge,1.38
GBR,2019,ge,1.45
USA,2019,ge,1.45
URY,2019,ge,0.64
UZB,2019,ge,-0.6
VUT,2019,ge,-0.52
VEN,2019,ge,-1.72
VNM,2019,ge,0.03
VIR,2019,ge,0.76
WBG,2019,ge,-0.78
YEM,2019,ge,-2.33
ZMB,2019,ge,-0.74
ZWE,2019,ge,-1.31
AFG,2019,pv,-2.65
ALB,2019,pv,0.11
DZA,2019,pv,-1.06
ASM,2019,pv,1.14
ADO,2019,pv,1.58
AGO,2019,pv,-0.37
AIA,2019,pv,1.32
ATG,2019,pv,0.94
ARG,2019,pv,-0.1
ARM,2019,pv,-0.42
ABW,2019,pv,1.34
AUS,2019,pv,0.92
AUT,2019,pv,0.89
AZE,2019,pv,-0.69
BHS,2019,pv,0.8
BHR,2019,pv,-0.63
BGD,2019,pv,-0.93
BRB,2019,pv,1.03
BLR,2019,pv,0.34
BEL,2019,pv,0.46
BLZ,2019,pv,0.06
BEN,2019,pv,-0.42
BMU,2019,pv,1.05
BTN,2019,pv,1.07
BOL,2019,pv,-0.73
BIH,2019,pv,-0.42
BWA,2019,pv,1.1
BRA,2019,pv,-0.71
BRN,2019,pv,1.11
BGR,2019,pv,0.56
BFA,2019,pv,-1.3
BDI,2019,pv,-1.63
KHM,2019,pv,-0.08
CMR,2019,pv,-1.56
CAN,2019,pv,0.99
CPV,2019,pv,0.86
CYM,2019,pv,1.4
CAF,2019,pv,-2.14
TCD,2019,pv,-1.35
CHL,2019,pv,-0.02
CHN,2019,pv,-0.26
COL,2019,pv,-0.98
COM,2019,pv,-0.18
ZAR,2019,pv,-1.63
COG,2019,pv,-0.3
COK,2019,pv,1.12
CRI,2019,pv,0.43
HRV,2019,pv,0.69
CUB,2019,pv,0.61
CYP,2019,pv,0.54
CZE,2019,pv,0.94
CIV,2019,pv,-1.04
DNK,2019,pv,0.97
DJI,2019,pv,-0.34
DMA,2019,pv,1.03
DOM,2019,pv,0
ECU,2019,pv,-0.24
EGY,2019,pv,-1.12
SLV,2019,pv,-0.12
GNQ,2019,pv,-0.15
ERI,2019,pv,-0.71
EST,2019,pv,0.63
SWZ,2019,pv,-0.27
ETH,2019,pv,-1.3
FJI,2019,pv,0.78
FIN,2019,pv,0.84
FRA,2019,pv,0.27
GUF,2019,pv,0.24
GAB,2019,pv,-0.08
GMB,2019,pv,0.21
GEO,2019,pv,-0.5
DEU,2019,pv,0.55
GHA,2019,pv,0.12
GRC,2019,pv,0.16
GRL,2019,pv,1.89
GRD,2019,pv,0.94
GUM,2019,pv,0.89
GTM,2019,pv,-0.58
GIN,2019,pv,-0.84
GNB,2019,pv,-0.56
GUY,2019,pv,-0.25
HTI,2019,pv,-0.89
HND,2019,pv,-0.57
HKG,2019,pv,-0.23
HUN,2019,pv,0.76
ISL,2019,pv,1.62
IND,2019,pv,-0.8
IDN,2019,pv,-0.5
IRN,2019,pv,-1.71
IRQ,2019,pv,-2.61
IRL,2019,pv,0.96
ISR,2019,pv,-0.82
ITA,2019,pv,0.38
JAM,2019,pv,0.39
JPN,2019,pv,1.02
JEY,2019,pv,1.28
JOR,2019,pv,-0.28
KAZ,2019,pv,-0.17
KEN,2019,pv,-1.11
KIR,2019,pv,1.12
PRK,2019,pv,-0.29
KOR,2019,pv,0.55
KSV,2019,pv,-0.35
KWT,2019,pv,0.18
KGZ,2019,pv,-0.27
LAO,2019,pv,0.53
LVA,2019,pv,0.43
LBN,2019,pv,-1.67
LSO,2019,pv,-0.43
LBR,2019,pv,-0.34
LBY,2019,pv,-2.57
LIE,2019,pv,1.6
LTU,2019,pv,0.77
LUX,2019,pv,1.33
MAC,2019,pv,1.22
MDG,2019,pv,-0.31
MWI,2019,pv,-0.29
MYS,2019,pv,0.15
MDV,2019,pv,0.03
MLI,2019,pv,-2.21
MLT,2019,pv,1.01
MHL,2019,pv,1.17
MTQ,2019,pv,0.75
MRT,2019,pv,-0.56
MUS,2019,pv,0.8
MEX,2019,pv,-0.84
FSM,2019,pv,1.03
MDA,2019,pv,-0.39
MCO,2019,pv,1.58
MNG,2019,pv,0.64
MNE,2019,pv,0.06
MAR,2019,pv,-0.35
MOZ,2019,pv,-0.77
MMR,2019,pv,-1.33
NAM,2019,pv,0.53
NRU,2019,pv,0.8
NPL,2019,pv,-0.45
NLD,2019,pv,0.82
NZL,2019,pv,1.42
NIC,2019,pv,-0.99
NER,2019,pv,-1.41
NGA,2019,pv,-1.93
NIU,2019,pv,1.36
MKD,2019,pv,0.01
NOR,2019,pv,1.14
OMN,2019,pv,0.59
PAK,2019,pv,-2.25
PLW,2019,pv,1.17
PAN,2019,pv,0.29
PNG,2019,pv,-0.71
PRY,2019,pv,-0.02
PER,2019,pv,-0.16
PHL,2019,pv,-0.93
POL,2019,pv,0.55
PRT,2019,pv,1.05
PRI,2019,pv,0.14
QAT,2019,pv,0.68
ROM,2019,pv,0.54
RUS,2019,pv,-0.55
RWA,2019,pv,0.06
REU,2019,pv,0.21
WSM,2019,pv,1.16
SMR,2019,pv,1.23
SAU,2019,pv,-0.62
SEN,2019,pv,0.04
SRB,2019,pv,-0.08
SYC,2019,pv,0.66
SLE,2019,pv,-0.06
SGP,2019,pv,1.48
SVK,2019,pv,0.67
SVN,2019,pv,0.8
SLB,2019,pv,0.5
SOM,2019,pv,-2.39
ZAF,2019,pv,-0.28
SSD,2019,pv,-2.52
ESP,2019,pv,0.29
LKA,2019,pv,-0.22
KNA,2019,pv,0.7
LCA,2019,pv,0.91
VCT,2019,pv,0.94
SDN,2019,pv,-1.7
SUR,2019,pv,0.09
SWE,2019,pv,1.01
CHE,2019,pv,1.31
SYR,2019,pv,-2.73
STP,2019,pv,0.5
TWN,2019,pv,0.79
TJK,2019,pv,-0.51
TZA,2019,pv,-0.39
THA,2019,pv,-0.49
TMP,2019,pv,0.24
TGO,2019,pv,-0.91
TON,2019,pv,1.04
TTO,2019,pv,0.08
TUN,2019,pv,-0.88
TKM,2019,pv,-0.18
TUV,2019,pv,1.17
TUR,2019,pv,-1.38
UGA,2019,pv,-0.69
UKR,2019,pv,-1.43
ARE,2019,pv,0.67
GBR,2019,pv,0.53
USA,2019,pv,0.12
URY,2019,pv,1.03
UZB,2019,pv,-0.3
VUT,2019,pv,1.01
VEN,2019,pv,-1.54
VNM,2019,pv,0.04
VIR,2019,pv,1.05
WBG,2019,pv,-1.89
YEM,2019,pv,-2.77
ZMB,2019,pv,-0.12
ZWE,2019,pv,-0.94
AFG,2019,rl,-1.74
ALB,2019,rl,-0.43
DZA,2019,rl,-0.86
ASM,2019,rl,1.27
ADO,2019,rl,1.51
AGO,2019,rl,-1.02
AIA,2019,rl,0.3
ATG,2019,rl,0.36
ARG,2019,rl,-0.43
ARM,2019,rl,-0.18
ABW,2019,rl,1.23
AUS,2019,rl,1.69
AUT,2019,rl,1.86
AZE,2019,rl,-0.61
BHS,2019,rl,0.05
BHR,2019,rl,0.46
BGD,2019,rl,-0.64
BRB,2019,rl,0.32
BLR,2019,rl,-0.86
BEL,2019,rl,1.34
BLZ,2019,rl,-0.86
BEN,2019,rl,-0.68
BMU,2019,rl,0.78
BTN,2019,rl,0.58
BOL,2019,rl,-1.19
BIH,2019,rl,-0.23
BWA,2019,rl,0.43
BRA,2019,rl,-0.22
BRN,2019,rl,0.59
BGR,2019,rl,-0.04
BFA,2019,rl,-0.46
BDI,2019,rl,-1.45
KHM,2019,rl,-0.95
CMR,2019,rl,-1.14
CAN,2019,rl,1.72
CPV,2019,rl,0.45
CYM,2019,rl,0.73
CAF,2019,rl,-1.77
TCD,2019,rl,-1.31
CHL,2019,rl,0.92
CHN,2019,rl,-0.26
COL,2019,rl,-0.39
COM,2019,rl,-1.16
ZAR,2019,rl,-1.81
COG,2019,rl,-1.11
CRI,2019,rl,0.53
HRV,2019,rl,0.35
CUB,2019,rl,-0.34
CYP,2019,rl,0.73
CZE,2019,rl,1.02
CIV,2019,rl,-0.61
DNK,2019,rl,1.83
DJI,2019,rl,-0.95
DMA,2019,rl,0.72
DOM,2019,rl,-0.32
ECU,2019,rl,-0.54
EGY,2019,rl,-0.33
SLV,2019,rl,-0.87
GNQ,2019,rl,-1.28
ERI,2019,rl,-1.63
EST,2019,rl,1.24
SWZ,2019,rl,-0.48
ETH,2019,rl,-0.48
FJI,2019,rl,0.42
FIN,2019,rl,2.01
FRA,2019,rl,1.37
GUF,2019,rl,1.13
GAB,2019,rl,-0.76
GMB,2019,rl,-0.41
GEO,2019,rl,0.25
DEU,2019,rl,1.58
GHA,2019,rl,0.01
GRC,2019,rl,0.16
GRL,2019,rl,1.71
GRD,2019,rl,0.19
GUM,2019,rl,1.27
GTM,2019,rl,-1.1
GIN,2019,rl,-1.24
GNB,2019,rl,-1.3
GUY,2019,rl,-0.45
HTI,2019,rl,-0.97
HND,2019,rl,-1.04
HKG,2019,rl,1.57
HUN,2019,rl,0.5
ISL,2019,rl,1.73
IND,2019,rl,-0.07
IDN,2019,rl,-0.35
IRN,2019,rl,-0.77
IRQ,2019,rl,-1.77
IRL,2019,rl,1.35
ISR,2019,rl,1.01
ITA,2019,rl,0.27
JAM,2019,rl,-0.31
JPN,2019,rl,1.5
JEY,2019,rl,1.71
JOR,2019,rl,0.13
KAZ,2019,rl,-0.51
KEN,2019,rl,-0.46
KIR,2019,rl,0.82
PRK,2019,rl,-1.66
KOR,2019,rl,1.16
KSV,2019,rl,-0.41
KWT,2019,rl,0.19
KGZ,2019,rl,-0.91
LAO,2019,rl,-0.97
LVA,2019,rl,0.98
LBN,2019,rl,-0.85
LSO,2019,rl,-0.43
LBR,2019,rl,-1
LBY,2019,rl,-1.76
LIE,2019,rl,1.64
LTU,2019,rl,0.99
LUX,2019,rl,1.75
MAC,2019,rl,0.88
MDG,2019,rl,-1.01
MWI,2019,rl,-0.34
MYS,2019,rl,0.49
MDV,2019,rl,-0.38
MLI,2019,rl,-0.86
MLT,2019,rl,0.92
MHL,2019,rl,0.46
MTQ,2019,rl,0.54
MRT,2019,rl,-0.61
MUS,2019,rl,0.69
MEX,2019,rl,-0.66
FSM,2019,rl,0.08
MDA,2019,rl,-0.46
MCO,2019,rl,1.51
MNG,2019,rl,-0.26
MNE,2019,rl,-0.01
MAR,2019,rl,-0.23
MOZ,2019,rl,-1.07
MMR,2019,rl,-1.08
NAM,2019,rl,0.36
NRU,2019,rl,-0.14
NPL,2019,rl,-0.55
NLD,2019,rl,1.73
NZL,2019,rl,1.84
NIC,2019,rl,-1.2
NER,2019,rl,-0.55
NGA,2019,rl,-0.94
MKD,2019,rl,-0.31
NOR,2019,rl,1.94
OMN,2019,rl,0.53
PAK,2019,rl,-0.69
PLW,2019,rl,0.78
PAN,2019,rl,-0.19
PNG,2019,rl,-0.8
PRY,2019,rl,-0.57
PER,2019,rl,-0.52
PHL,2019,rl,-0.57
POL,2019,rl,0.39
PRT,2019,rl,1.11
PRI,2019,rl,0.56
QAT,2019,rl,0.71
ROM,2019,rl,0.42
RUS,2019,rl,-0.77
RWA,2019,rl,0.06
REU,2019,rl,0.78
WSM,2019,rl,1.16
SMR,2019,rl,1.51
SAU,2019,rl,0.15
SEN,2019,rl,-0.22
SRB,2019,rl,-0.14
SYC,2019,rl,0.25
SLE,2019,rl,-0.8
SGP,2019,rl,1.84
SVK,2019,rl,0.5
SVN,2019,rl,1.09
SLB,2019,rl,-0.11
SOM,2019,rl,-2.38
ZAF,2019,rl,-0.19
SSD,2019,rl,-2.01
ESP,2019,rl,0.99
LKA,2019,rl,0.04
KNA,2019,rl,0.44
LCA,2019,rl,0.59
VCT,2019,rl,0.46
SDN,2019,rl,-1.17
SUR,2019,rl,-0.08
SWE,2019,rl,1.79
CHE,2019,rl,1.86
SYR,2019,rl,-2.09
STP,2019,rl,-0.69
TWN,2019,rl,1.1
TJK,2019,rl,-1.25
TZA,2019,rl,-0.57
THA,2019,rl,0.09
TMP,2019,rl,-1.13
TGO,2019,rl,-0.59
TON,2019,rl,0.5
TTO,2019,rl,-0.17
TUN,2019,rl,0.09
TKM,2019,rl,-1.41
TUV,2019,rl,0.56
TUR,2019,rl,-0.35
UGA,2019,rl,-0.35
UKR,2019,rl,-0.75
ARE,2019,rl,0.81
GBR,2019,rl,1.57
USA,2019,rl,1.42
URY,2019,rl,0.6
UZB,2019,rl,-1.08
VUT,2019,rl,0.21
VEN,2019,rl,-2.26
VNM,2019,rl,-0.05
VIR,2019,rl,1.03
WBG,2019,rl,-0.5
YEM,2019,rl,-1.79
ZMB,2019,rl,-0.47
ZWE,2019,rl,-1.31
AFG,2019,rq,-1.11
ALB,2019,rq,0.27
DZA,2019,rq,-1.39
ASM,2019,rq,-0.33
ADO,2019,rq,1.22
AGO,2019,rq,-0.83
AIA,2019,rq,0.84
ATG,2019,rq,0.47
ARG,2019,rq,-0.45
ARM,2019,rq,0.24
ABW,2019,rq,0.85
AUS,2019,rq,1.86
AUT,2019,rq,1.45
AZE,2019,rq,-0.22
BHS,2019,rq,-0.06
BHR,2019,rq,0.47
BGD,2019,rq,-0.94
BRB,2019,rq,0.4
BLR,2019,rq,-0.67
BEL,2019,rq,1.28
BLZ,2019,rq,-0.56
BEN,2019,rq,-0.45
BMU,2019,rq,0.84
BTN,2019,rq,-0.36
BOL,2019,rq,-1
BIH,2019,rq,-0.13
BWA,2019,rq,0.5
BRA,2019,rq,-0.12
BRN,2019,rq,0.62
BGR,2019,rq,0.53
BFA,2019,rq,-0.42
BDI,2019,rq,-0.99
KHM,2019,rq,-0.61
CMR,2019,rq,-0.85
CAN,2019,rq,1.71
CPV,2019,rq,-0.02
CYM,2019,rq,0.97
CAF,2019,rq,-1.38
TCD,2019,rq,-1.12
CHL,2019,rq,1.16
CHN,2019,rq,-0.3
COL,2019,rq,0.32
COM,2019,rq,-1.2
ZAR,2019,rq,-1.52
COG,2019,rq,-1.29
CRI,2019,rq,0.54
HRV,2019,rq,0.55
CUB,2019,rq,-1.51
CYP,2019,rq,1
CZE,2019,rq,1.24
CIV,2019,rq,-0.3
DNK,2019,rq,1.55
DJI,2019,rq,-0.82
DMA,2019,rq,0.15
DOM,2019,rq,-0.02
ECU,2019,rq,-0.8
EGY,2019,rq,-0.76
SLV,2019,rq,-0.04
GNQ,2019,rq,-1.69
ERI,2019,rq,-2.19
EST,2019,rq,1.58
SWZ,2019,rq,-0.53
ETH,2019,rq,-0.91
FJI,2019,rq,0.03
FIN,2019,rq,1.84
FRA,2019,rq,1.43
GUF,2019,rq,1.31
GAB,2019,rq,-0.96
GMB,2019,rq,-0.72
GEO,2019,rq,1.03
DEU,2019,rq,1.71
GHA,2019,rq,-0.19
GRC,2019,rq,0.52
GRL,2019,rq,1.35
GRD,2019,rq,-0.29
GUM,2019,rq,0.06
GTM,2019,rq,-0.34
GIN,2019,rq,-0.81
GNB,2019,rq,-1.27
GUY,2019,rq,-0.61
HTI,2019,rq,-1.32
HND,2019,rq,-0.5
HKG,2019,rq,1.98
HUN,2019,rq,0.59
ISL,2019,rq,1.36
IND,2019,rq,-0.15
IDN,2019,rq,0.03
IRN,2019,rq,-1.44
IRQ,2019,rq,-1.1
IRL,2019,rq,1.59
ISR,2019,rq,1.27
ITA,2019,rq,0.94
JAM,2019,rq,0.08
JPN,2019,rq,1.31
JEY,2019,rq,0.91
JOR,2019,rq,0.03
KAZ,2019,rq,0.11
KEN,2019,rq,-0.34
KIR,2019,rq,-0.46
PRK,2019,rq,-2.42
KOR,2019,rq,1.06
KSV,2019,rq,-0.39
KWT,2019,rq,0.05
KGZ,2019,rq,-0.39
LAO,2019,rq,-0.76
LVA,2019,rq,1.18
LBN,2019,rq,-0.53
LSO,2019,rq,-0.61
LBR,2019,rq,-1.01
LBY,2019,rq,-2.3
LIE,2019,rq,1.53
LTU,2019,rq,1.15
LUX,2019,rq,1.69
MAC,2019,rq,1.62
MDG,2019,rq,-0.79
MWI,2019,rq,-0.75
MYS,2019,rq,0.55
MDV,2019,rq,-0.55
MLI,2019,rq,-0.62
MLT,2019,rq,0.94
MHL,2019,rq,-0.73
MTQ,2019,rq,1.22
MRT,2019,rq,-0.83
MUS,2019,rq,1.02
MEX,2019,rq,0.01
FSM,2019,rq,-0.9
MDA,2019,rq,-0.05
MCO,2019,rq,1.22
MNG,2019,rq,0
MNE,2019,rq,0.39
MAR,2019,rq,-0.15
MOZ,2019,rq,-0.78
MMR,2019,rq,-0.75
NAM,2019,rq,0
NRU,2019,rq,-0.14
NPL,2019,rq,-0.74
NLD,2019,rq,1.85
NZL,2019,rq,1.87
NIC,2019,rq,-0.71
NER,2019,rq,-0.72
NGA,2019,rq,-0.94
MKD,2019,rq,0.44
NOR,2019,rq,1.8
OMN,2019,rq,0.28
PAK,2019,rq,-0.69
PLW,2019,rq,0.47
PAN,2019,rq,0.38
PNG,2019,rq,-0.54
PRY,2019,rq,-0.14
PER,2019,rq,0.52
PHL,2019,rq,0.1
POL,2019,rq,1.01
PRT,2019,rq,0.96
PRI,2019,rq,0.72
QAT,2019,rq,0.67
ROM,2019,rq,0.44
RUS,2019,rq,-0.48
RWA,2019,rq,-0.01
REU,2019,rq,1.22
WSM,2019,rq,-0.26
SMR,2019,rq,0.45
SAU,2019,rq,-0.09
SEN,2019,rq,-0.18
SRB,2019,rq,0.1
SYC,2019,rq,0.03
SLE,2019,rq,-0.92
SGP,2019,rq,2.15
SVK,2019,rq,1
SVN,2019,rq,1
SLB,2019,rq,-0.84
SOM,2019,rq,-2.15
ZAF,2019,rq,0.01
SSD,2019,rq,-1.98
ESP,2019,rq,1.04
LKA,2019,rq,-0.23
KNA,2019,rq,0.49
LCA,2019,rq,0.3
VCT,2019,rq,0.27
SDN,2019,rq,-1.67
SUR,2019,rq,-0.7
SWE,2019,rq,1.79
CHE,2019,rq,1.65
SYR,2019,rq,-1.78
STP,2019,rq,-0.97
TWN,2019,rq,1.4
TJK,2019,rq,-1.06
TZA,2019,rq,-0.67
THA,2019,rq,-0.02
TMP,2019,rq,-0.78
TGO,2019,rq,-0.74
TON,2019,rq,-0.32
TTO,2019,rq,-0.19
TUN,2019,rq,-0.39
TKM,2019,rq,-2.03
TUV,2019,rq,-0.4
TUR,2019,rq,-0.02
UGA,2019,rq,-0.41
UKR,2019,rq,-0.22
ARE,2019,rq,0.97
GBR,2019,rq,1.61
USA,2019,rq,1.33
URY,2019,rq,0.61
UZB,2019,rq,-1.06
VUT,2019,rq,-0.43
VEN,2019,rq,-2.38
VNM,2019,rq,-0.38
VIR,2019,rq,1.22
WBG,2019,rq,0
YEM,2019,rq,-1.7
ZMB,2019,rq,-0.61
ZWE,2019,rq,-1.49
AFG,2019,va,-1.01
ALB,2019,va,0.14
DZA,2019,va,-1.05
ASM,2019,va,1.32
ADO,2019,va,1.11
AGO,2019,va,-0.79
ATG,2019,va,0.73
ARG,2019,va,0.57
ARM,2019,va,0.05
ABW,2019,va,1.26
AUS,2019,va,1.27
AUT,2019,va,1.34
AZE,2019,va,-1.53
BHS,2019,va,0.9
BHR,2019,va,-1.43
BGD,2019,va,-0.74
BRB,2019,va,1.1
BLR,2019,va,-1.41
BEL,2019,va,1.31
BLZ,2019,va,0.5
BEN,2019,va,0.06
BTN,2019,va,0.07
BOL,2019,va,-0.12
BIH,2019,va,-0.24
BWA,2019,va,0.5
BRA,2019,va,0.3
BRN,2019,va,-0.97
BGR,2019,va,0.35
BFA,2019,va,-0.21
BDI,2019,va,-1.72
KHM,2019,va,-1.22
CMR,2019,va,-1.21
CAN,2019,va,1.43
CPV,2019,va,0.95
CYM,2019,va,0.47
CAF,2019,va,-1.22
TCD,2019,va,-1.43
CHL,2019,va,0.98
CHN,2019,va,-1.63
COL,2019,va,0.2
COM,2019,va,-0.71
ZAR,2019,va,-1.31
COG,2019,va,-1.28
COK,2019,va,1.08
CRI,2019,va,1.09
HRV,2019,va,0.45
CUB,2019,va,-1.44
CYP,2019,va,1.05
CZE,2019,va,0.83
CIV,2019,va,-0.25
DNK,2019,va,1.54
DJI,2019,va,-1.42
DMA,2019,va,0.87
DOM,2019,va,0.18
ECU,2019,va,0.03
EGY,2019,va,-1.44
SLV,2019,va,0.12
GNQ,2019,va,-1.88
ERI,2019,va,-2.21
EST,2019,va,1.18
SWZ,2019,va,-1.34
ETH,2019,va,-1.06
FJI,2019,va,0.02
FIN,2019,va,1.56
FRA,2019,va,1.12
GUF,2019,va,1.26
GAB,2019,va,-1.04
GMB,2019,va,-0.25
GEO,2019,va,0.17
DEU,2019,va,1.35
GHA,2019,va,0.55
GRC,2019,va,0.81
GRL,2019,va,1.26
GRD,2019,va,0.68
GUM,2019,va,1.17
GTM,2019,va,-0.33
GIN,2019,va,-0.77
GNB,2019,va,-0.48
GUY,2019,va,0.25
HTI,2019,va,-0.75
HND,2019,va,-0.57
HKG,2019,va,0.13
HUN,2019,va,0.34
ISL,2019,va,1.3
IND,2019,va,0.27
IDN,2019,va,0.13
IRN,2019,va,-1.39
IRQ,2019,va,-0.96
IRL,2019,va,1.3
ISR,2019,va,0.66
ITA,2019,va,0.91
JAM,2019,va,0.61
JPN,2019,va,0.93
JEY,2019,va,1.26
JOR,2019,va,-0.69
KAZ,2019,va,-1.23
KEN,2019,va,-0.31
KIR,2019,va,1.08
PRK,2019,va,-2.21
KOR,2019,va,0.75
KSV,2019,va,-0.12
KWT,2019,va,-0.66
KGZ,2019,va,-0.45
LAO,2019,va,-1.82
LVA,2019,va,0.86
LBN,2019,va,-0.52
LSO,2019,va,-0.01
LBR,2019,va,-0.08
LBY,2019,va,-1.48
LIE,2019,va,1.23
LTU,2019,va,0.99
LUX,2019,va,1.49
MAC,2019,va,-0.33
MDG,2019,va,-0.24
MWI,2019,va,-0.11
MYS,2019,va,-0.05
MDV,2019,va,-0.45
MLI,2019,va,-0.44
MLT,2019,va,1.08
MHL,2019,va,1.08
MRT,2019,va,-0.8
MUS,2019,va,0.76
MEX,2019,va,0.01
FSM,2019,va,1.15
MDA,2019,va,-0.11
MCO,2019,va,0.66
MNG,2019,va,0.32
MNE,2019,va,0.02
MAR,2019,va,-0.62
MOZ,2019,va,-0.54
MMR,2019,va,-0.86
NAM,2019,va,0.51
NRU,2019,va,0.47
NPL,2019,va,-0.15
NLD,2019,va,1.48
NZL,2019,va,1.54
NIC,2019,va,-1.1
NER,2019,va,-0.58
NGA,2019,va,-0.43
NIU,2019,va,1.37
MKD,2019,va,-0.02
NOR,2019,va,1.65
OMN,2019,va,-1.15
PAK,2019,va,-0.86
PLW,2019,va,1.06
PAN,2019,va,0.6
PNG,2019,va,0.09
PRY,2019,va,0.05
PER,2019,va,0.26
PHL,2019,va,0.01
POL,2019,va,0.67
PRT,2019,va,1.19
PRI,2019,va,0.47
QAT,2019,va,-1.31
ROM,2019,va,0.52
RUS,2019,va,-1.12
RWA,2019,va,-1.1
WSM,2019,va,0.79
SMR,2019,va,1.16
SAU,2019,va,-1.66
SEN,2019,va,0.23
SRB,2019,va,-0.05
SYC,2019,va,0.31
SLE,2019,va,-0.13
SGP,2019,va,-0.21
SVK,2019,va,0.86
SVN,2019,va,0.98
SLB,2019,va,0.49
SOM,2019,va,-1.85
ZAF,2019,va,0.64
SSD,2019,va,-1.99
ESP,2019,va,1.04
LKA,2019,va,-0.09
KNA,2019,va,0.81
LCA,2019,va,0.9
VCT,2019,va,0.9
SDN,2019,va,-1.65
SUR,2019,va,0.36
SWE,2019,va,1.56
CHE,2019,va,1.5
SYR,2019,va,-1.99
STP,2019,va,0.37
TWN,2019,va,0.98
TJK,2019,va,-1.8
TZA,2019,va,-0.52
THA,2019,va,-0.85
TMP,2019,va,0.36
TGO,2019,va,-0.73
TON,2019,va,0.63
TTO,2019,va,0.6
TUN,2019,va,0.27
TKM,2019,va,-2.18
TUV,2019,va,1.19
TUR,2019,va,-0.83
UGA,2019,va,-0.65
UKR,2019,va,0.02
ARE,2019,va,-1.14
GBR,2019,va,1.26
USA,2019,va,0.91
URY,2019,va,1.23
UZB,2019,va,-1.65
VUT,2019,va,0.64
VEN,2019,va,-1.43
VNM,2019,va,-1.4
WBG,2019,va,-1.03
YEM,2019,va,-1.78
ZMB,2019,va,-0.31
ZWE,2019,va,-1.16
AFG,2020,cc,-1.49
ALB,2020,cc,-0.57
DZA,2020,cc,-0.67
ASM,2020,cc,1.27
ADO,2020,cc,1.27
AGO,2020,cc,-0.94
AIA,2020,cc,0.63
ATG,2020,cc,0.24
ARG,2020,cc,-0.16
ARM,2020,cc,0
ABW,2020,cc,1.2
AUS,2020,cc,1.63
AUT,2020,cc,1.48
AZE,2020,cc,-1.08
BHS,2020,cc,1.11
BHR,2020,cc,-0.09
BGD,2020,cc,-1
BRB,2020,cc,1.19
BLR,2020,cc,-0.13
BEL,2020,cc,1.45
BLZ,2020,cc,-0.19
BEN,2020,cc,-0.04
BMU,2020,cc,1.27
BTN,2020,cc,1.62
BOL,2020,cc,-0.84
BIH,2020,cc,-0.64
BWA,2020,cc,0.61
BRA,2020,cc,-0.43
BRN,2020,cc,1.25
BGR,2020,cc,-0.32
BFA,2020,cc,-0.12
BDI,2020,cc,-1.56
KHM,2020,cc,-1.27
CMR,2020,cc,-1.14
CAN,2020,cc,1.57
CPV,2020,cc,0.85
CYM,2020,cc,0.44
CAF,2020,cc,-1.3
TCD,2020,cc,-1.43
CHL,2020,cc,1.11
CHN,2020,cc,-0.07
COL,2020,cc,-0.25
COM,2020,cc,-1.21
ZAR,2020,cc,-1.59
COG,2020,cc,-1.46
CRI,2020,cc,0.66
HRV,2020,cc,0.18
CUB,2020,cc,-0.15
CYP,2020,cc,0.35
CZE,2020,cc,0.56
CIV,2020,cc,-0.55
DNK,2020,cc,2.24
DJI,2020,cc,-0.75
DMA,2020,cc,0.56
DOM,2020,cc,-0.75
ECU,2020,cc,-0.5
EGY,2020,cc,-0.81
SLV,2020,cc,-0.58
GNQ,2020,cc,-1.54
ERI,2020,cc,-1.34
EST,2020,cc,1.58
SWZ,2020,cc,-0.29
ETH,2020,cc,-0.39
FJI,2020,cc,0.61
FIN,2020,cc,2.17
FRA,2020,cc,1.12
GUF,2020,cc,0.9
GAB,2020,cc,-0.89
GMB,2020,cc,-0.42
GEO,2020,cc,0.6
DEU,2020,cc,1.83
GHA,2020,cc,-0.13
GRC,2020,cc,0.03
GRL,2020,cc,1.01
GRD,2020,cc,0.36
GUM,2020,cc,1.27
GTM,2020,cc,-1.13
GIN,2020,cc,-0.97
GNB,2020,cc,-1.36
GUY,2020,cc,-0.17
HTI,2020,cc,-1.35
HND,2020,cc,-0.99
HKG,2020,cc,1.62
HUN,2020,cc,0.07
ISL,2020,cc,1.67
IND,2020,cc,-0.29
IDN,2020,cc,-0.45
IRN,2020,cc,-1.11
IRQ,2020,cc,-1.33
IRL,2020,cc,1.54
ISR,2020,cc,0.54
ITA,2020,cc,0.51
JAM,2020,cc,-0.05
JPN,2020,cc,1.46
JEY,2020,cc,1.01
JOR,2020,cc,0.04
KAZ,2020,cc,-0.38
KEN,2020,cc,-0.88
KIR,2020,cc,0.47
PRK,2020,cc,-1.7
KOR,2020,cc,0.7
KSV,2020,cc,-0.46
KWT,2020,cc,-0.09
KGZ,2020,cc,-1.12
LAO,2020,cc,-1.08
LVA,2020,cc,0.69
LBN,2020,cc,-1.18
LSO,2020,cc,-0.14
LBR,2020,cc,-0.9
LBY,2020,cc,-1.58
LIE,2020,cc,1.96
LTU,2020,cc,0.78
LUX,2020,cc,2.02
MAC,2020,cc,0.77
MDG,2020,cc,-1.01
MWI,2020,cc,-0.39
MYS,2020,cc,0.23
MDV,2020,cc,-0.29
MLI,2020,cc,-0.8
MLT,2020,cc,0.34
MHL,2020,cc,0.47
MTQ,2020,cc,0.63
MRT,2020,cc,-0.82
MUS,2020,cc,0.44
MEX,2020,cc,-0.92
FSM,2020,cc,0.87
MDA,2020,cc,-0.59
MCO,2020,cc,1.27
MNG,2020,cc,-0.49
MNE,2020,cc,-0.04
MAR,2020,cc,-0.41
MOZ,2020,cc,-0.79
MMR,2020,cc,-0.68
NAM,2020,cc,0.27
NRU,2020,cc,0.6
NPL,2020,cc,-0.6
NLD,2020,cc,2
NZL,2020,cc,2.12
NIC,2020,cc,-1.18
NER,2020,cc,-0.66
NGA,2020,cc,-1.12
MKD,2020,cc,-0.49
NOR,2020,cc,2.07
OMN,2020,cc,0.2
PAK,2020,cc,-0.86
PLW,2020,cc,0.6
PAN,2020,cc,-0.58
PNG,2020,cc,-0.6
PRY,2020,cc,-0.86
PER,2020,cc,-0.52
PHL,2020,cc,-0.51
POL,2020,cc,0.62
PRT,2020,cc,0.72
PRI,2020,cc,-0.02
QAT,2020,cc,0.75
ROM,2020,cc,-0.1
RUS,2020,cc,-0.93
RWA,2020,cc,0.53
REU,2020,cc,0.63
WSM,2020,cc,0.71
SMR,2020,cc,1.27
SAU,2020,cc,0.24
SEN,2020,cc,-0.01
SRB,2020,cc,-0.45
SYC,2020,cc,1.39
SLE,2020,cc,-0.4
SGP,2020,cc,2.12
SVK,2020,cc,0.42
SVN,2020,cc,0.78
SLB,2020,cc,0.07
SOM,2020,cc,-1.69
ZAF,2020,cc,-0.06
SSD,2020,cc,-1.94
ESP,2020,cc,0.71
LKA,2020,cc,-0.33
KNA,2020,cc,0.34
LCA,2020,cc,0.54
VCT,2020,cc,0.8
SDN,2020,cc,-1.42
SUR,2020,cc,-0.46
SWE,2020,cc,2.09
CHE,2020,cc,2.05
SYR,2020,cc,-1.74
STP,2020,cc,0.12
TWN,2020,cc,1.12
TJK,2020,cc,-1.35
TZA,2020,cc,-0.41
THA,2020,cc,-0.48
TMP,2020,cc,-0.34
TGO,2020,cc,-0.73
TON,2020,cc,-0.34
TTO,2020,cc,-0.16
TUN,2020,cc,-0.12
TKM,2020,cc,-1.43
TUV,2020,cc,0.48
TUR,2020,cc,-0.36
UGA,2020,cc,-1.07
UKR,2020,cc,-0.83
ARE,2020,cc,1.08
GBR,2020,cc,1.66
USA,2020,cc,1.04
URY,2020,cc,1.36
UZB,2020,cc,-1.07
VUT,2020,cc,-0.17
VEN,2020,cc,-1.58
VNM,2020,cc,-0.37
VIR,2020,cc,0
WBG,2020,cc,-0.58
YEM,2020,cc,-1.71
ZMB,2020,cc,-0.73
ZWE,2020,cc,-1.31
AFG,2020,ge,-1.61
ALB,2020,ge,-0.16
DZA,2020,ge,-0.57
ASM,2020,ge,0.63
ADO,2020,ge,1.75
AGO,2020,ge,-1.26
AIA,2020,ge,0.91
ATG,2020,ge,-0.2
ARG,2020,ge,-0.25
ARM,2020,ge,-0.3
ABW,2020,ge,1.07
AUS,2020,ge,1.57
AUT,2020,ge,1.61
AZE,2020,ge,-0.16
BHS,2020,ge,0.41
BHR,2020,ge,0.39
BGD,2020,ge,-0.78
BRB,2020,ge,0.44
BLR,2020,ge,-0.83
BEL,2020,ge,1.08
BLZ,2020,ge,-0.6
BEN,2020,ge,-0.29
BMU,2020,ge,1.47
BTN,2020,ge,0.31
BOL,2020,ge,-0.73
BIH,2020,ge,-1.08
BWA,2020,ge,0.17
BRA,2020,ge,-0.47
BRN,2020,ge,1.38
BGR,2020,ge,-0.21
BFA,2020,ge,-0.71
BDI,2020,ge,-1.3
KHM,2020,ge,-0.45
CMR,2020,ge,-0.93
CAN,2020,ge,1.6
CPV,2020,ge,0.2
CYM,2020,ge,1.07
CAF,2020,ge,-1.73
TCD,2020,ge,-1.51
CHL,2020,ge,0.71
CHN,2020,ge,0.64
COL,2020,ge,0.01
COM,2020,ge,-1.64
ZAR,2020,ge,-1.74
COG,2020,ge,-1.25
CRI,2020,ge,0.2
HRV,2020,ge,0.42
CUB,2020,ge,-0.2
CYP,2020,ge,0.84
CZE,2020,ge,0.91
CIV,2020,ge,-0.54
DNK,2020,ge,1.84
DJI,2020,ge,-0.76
DMA,2020,ge,-0.13
DOM,2020,ge,-0.28
ECU,2020,ge,-0.47
EGY,2020,ge,-0.45
SLV,2020,ge,-0.26
GNQ,2020,ge,-1.22
ERI,2020,ge,-1.64
EST,2020,ge,1.3
SWZ,2020,ge,-0.75
ETH,2020,ge,-0.59
FJI,2020,ge,0.59
FIN,2020,ge,1.9
FRA,2020,ge,1.2
GUF,2020,ge,1.27
GAB,2020,ge,-0.99
GMB,2020,ge,-0.79
GEO,2020,ge,0.72
DEU,2020,ge,1.31
GHA,2020,ge,-0.2
GRC,2020,ge,0.4
GRL,2020,ge,0.77
GRD,2020,ge,0
GUM,2020,ge,0.63
GTM,2020,ge,-0.71
GIN,2020,ge,-0.97
GNB,2020,ge,-1.47
GUY,2020,ge,-0.45
HTI,2020,ge,-2.11
HND,2020,ge,-0.65
HKG,2020,ge,1.62
HUN,2020,ge,0.54
ISL,2020,ge,1.48
IND,2020,ge,0.37
IDN,2020,ge,0.32
IRN,2020,ge,-1.02
IRQ,2020,ge,-1.3
IRL,2020,ge,1.44
ISR,2020,ge,1.05
ITA,2020,ge,0.36
JAM,2020,ge,0.53
JPN,2020,ge,1.55
JEY,2020,ge,1.19
JOR,2020,ge,0.09
KAZ,2020,ge,0.11
KEN,2020,ge,-0.4
KIR,2020,ge,0.13
PRK,2020,ge,-1.49
KOR,2020,ge,1.37
KSV,2020,ge,-0.33
KWT,2020,ge,-0.2
KGZ,2020,ge,-0.58
LAO,2020,ge,-0.74
LVA,2020,ge,0.84
LBN,2020,ge,-1.21
LSO,2020,ge,-0.98
LBR,2020,ge,-1.46
LBY,2020,ge,-1.86
LIE,2020,ge,1.76
LTU,2020,ge,1.01
LUX,2020,ge,1.79
MAC,2020,ge,1.07
MDG,2020,ge,-1.05
MWI,2020,ge,-0.82
MYS,2020,ge,1.02
MDV,2020,ge,-0.09
MLI,2020,ge,-1.19
MLT,2020,ge,0.99
MHL,2020,ge,0.11
MTQ,2020,ge,0.91
MRT,2020,ge,-0.84
MUS,2020,ge,0.85
MEX,2020,ge,-0.27
FSM,2020,ge,0.36
MDA,2020,ge,-0.53
MCO,2020,ge,2.03
MNG,2020,ge,-0.42
MNE,2020,ge,-0.11
MAR,2020,ge,-0.19
MOZ,2020,ge,-0.81
MMR,2020,ge,-1.02
NAM,2020,ge,0.05
NRU,2020,ge,0.14
NPL,2020,ge,-0.99
NLD,2020,ge,1.81
NZL,2020,ge,1.54
NIC,2020,ge,-0.68
NER,2020,ge,-0.66
NGA,2020,ge,-1.14
MKD,2020,ge,0.03
NOR,2020,ge,1.89
OMN,2020,ge,0.1
PAK,2020,ge,-0.57
PLW,2020,ge,0.39
PAN,2020,ge,0.16
PNG,2020,ge,-0.83
PRY,2020,ge,-0.57
PER,2020,ge,-0.29
PHL,2020,ge,0.07
POL,2020,ge,0.32
PRT,2020,ge,0.98
PRI,2020,ge,-0.3
QAT,2020,ge,0.87
ROM,2020,ge,-0.29
RUS,2020,ge,-0.11
RWA,2020,ge,0.27
REU,2020,ge,0.91
WSM,2020,ge,0.55
SMR,2020,ge,1.75
SAU,2020,ge,0.11
SEN,2020,ge,-0.06
SRB,2020,ge,-0.04
SYC,2020,ge,0.68
SLE,2020,ge,-1.06
SGP,2020,ge,2.28
SVK,2020,ge,0.5
SVN,2020,ge,1.12
SLB,2020,ge,-0.7
SOM,2020,ge,-2.13
ZAF,2020,ge,0.05
SSD,2020,ge,-2.32
ESP,2020,ge,0.85
LKA,2020,ge,-0.08
KNA,2020,ge,0.63
LCA,2020,ge,0.31
VCT,2020,ge,0.31
SDN,2020,ge,-1.54
SUR,2020,ge,-0.58
SWE,2020,ge,1.67
CHE,2020,ge,1.97
SYR,2020,ge,-1.75
STP,2020,ge,-0.71
TWN,2020,ge,1.54
TJK,2020,ge,-0.76
TZA,2020,ge,-0.74
THA,2020,ge,0.2
TMP,2020,ge,-0.76
TGO,2020,ge,-0.73
TON,2020,ge,0.28
TTO,2020,ge,0.17
TUN,2020,ge,-0.19
TKM,2020,ge,-1.02
TUV,2020,ge,-0.43
TUR,2020,ge,-0.16
UGA,2020,ge,-0.62
UKR,2020,ge,-0.41
ARE,2020,ge,1.29
GBR,2020,ge,1.33
USA,2020,ge,1.27
URY,2020,ge,0.73
UZB,2020,ge,-0.62
VUT,2020,ge,-0.38
VEN,2020,ge,-1.89
VNM,2020,ge,0.19
VIR,2020,ge,0.63
WBG,2020,ge,-0.68
YEM,2020,ge,-2.36
ZMB,2020,ge,-0.82
ZWE,2020,ge,-1.34
AFG,2020,pv,-2.7
ALB,2020,pv,0.09
DZA,2020,pv,-0.85
ASM,2020,pv,1.09
ADO,2020,pv,1.59
AGO,2020,pv,-0.6
AIA,2020,pv,1.5
ATG,2020,pv,0.93
ARG,2020,pv,-0.07
ARM,2020,pv,-0.77
ABW,2020,pv,1.37
AUS,2020,pv,0.86
AUT,2020,pv,0.89
AZE,2020,pv,-0.85
BHS,2020,pv,0.83
BHR,2020,pv,-0.61
BGD,2020,pv,-0.92
BRB,2020,pv,1.12
BLR,2020,pv,-0.89
BEL,2020,pv,0.52
BLZ,2020,pv,0.52
BEN,2020,pv,-0.44
BMU,2020,pv,1
BTN,2020,pv,1.01
BOL,2020,pv,-0.45
BIH,2020,pv,-0.45
BWA,2020,pv,1.01
BRA,2020,pv,-0.45
BRN,2020,pv,1.19
BGR,2020,pv,0.4
BFA,2020,pv,-1.54
BDI,2020,pv,-1.54
KHM,2020,pv,-0.21
CMR,2020,pv,-1.51
CAN,2020,pv,1.01
CPV,2020,pv,0.87
CYM,2020,pv,1.46
CAF,2020,pv,-2.24
TCD,2020,pv,-1.26
CHL,2020,pv,0.04
CHN,2020,pv,-0.47
COL,2020,pv,-0.7
COM,2020,pv,-0.29
ZAR,2020,pv,-1.79
COG,2020,pv,-0.21
COK,2020,pv,1.15
CRI,2020,pv,0.75
HRV,2020,pv,0.61
CUB,2020,pv,0.6
CYP,2020,pv,0.29
CZE,2020,pv,0.91
CIV,2020,pv,-1.03
DNK,2020,pv,0.92
DJI,2020,pv,-0.45
DMA,2020,pv,1.32
DOM,2020,pv,0.16
ECU,2020,pv,-0.27
EGY,2020,pv,-1.18
SLV,2020,pv,-0.11
GNQ,2020,pv,-0.22
ERI,2020,pv,-0.99
EST,2020,pv,0.71
SWZ,2020,pv,-0.04
ETH,2020,pv,-1.75
FJI,2020,pv,0.66
FIN,2020,pv,0.98
FRA,2020,pv,0.28
GUF,2020,pv,0.32
GAB,2020,pv,-0.07
GMB,2020,pv,0.25
GEO,2020,pv,-0.43
DEU,2020,pv,0.65
GHA,2020,pv,0.17
GRC,2020,pv,0.12
GRL,2020,pv,1.91
GRD,2020,pv,1.03
GUM,2020,pv,0.89
GTM,2020,pv,-0.42
GIN,2020,pv,-0.67
GNB,2020,pv,-0.72
GUY,2020,pv,-0.14
HTI,2020,pv,-1.03
HND,2020,pv,-0.45
HKG,2020,pv,0.06
HUN,2020,pv,0.84
ISL,2020,pv,1.38
IND,2020,pv,-0.84
IDN,2020,pv,-0.46
IRN,2020,pv,-1.7
IRQ,2020,pv,-2.47
IRL,2020,pv,0.97
ISR,2020,pv,-0.89
ITA,2020,pv,0.4
JAM,2020,pv,0.26
JPN,2020,pv,1.03
JEY,2020,pv,1.33
JOR,2020,pv,-0.27
KAZ,2020,pv,-0.26
KEN,2020,pv,-1.01
KIR,2020,pv,1.16
PRK,2020,pv,-0.38
KOR,2020,pv,0.61
KSV,2020,pv,-0.28
KWT,2020,pv,0.23
KGZ,2020,pv,-0.46
LAO,2020,pv,0.69
LVA,2020,pv,0.46
LBN,2020,pv,-1.62
LSO,2020,pv,-0.25
LBR,2020,pv,-0.31
LBY,2020,pv,-2.46
LIE,2020,pv,1.67
LTU,2020,pv,0.92
LUX,2020,pv,1.21
MAC,2020,pv,1.14
MDG,2020,pv,-0.51
MWI,2020,pv,-0.12
MYS,2020,pv,0.13
MDV,2020,pv,0.36
MLI,2020,pv,-2.15
MLT,2020,pv,1
MHL,2020,pv,0.98
MTQ,2020,pv,0.6
MRT,2020,pv,-0.7
MUS,2020,pv,0.87
MEX,2020,pv,-0.79
FSM,2020,pv,1.12
MDA,2020,pv,-0.34
MCO,2020,pv,1.18
MNG,2020,pv,0.72
MNE,2020,pv,-0.06
MAR,2020,pv,-0.36
MOZ,2020,pv,-1.28
MMR,2020,pv,-1.51
NAM,2020,pv,0.51
NRU,2020,pv,0.78
NPL,2020,pv,-0.18
NLD,2020,pv,0.83
NZL,2020,pv,1.47
NIC,2020,pv,-0.59
NER,2020,pv,-1.67
NGA,2020,pv,-1.89
NIU,2020,pv,1.36
MKD,2020,pv,0.11
NOR,2020,pv,1.22
OMN,2020,pv,0.42
PAK,2020,pv,-1.79
PLW,2020,pv,1.17
PAN,2020,pv,0.24
PNG,2020,pv,-0.65
PRY,2020,pv,0.02
PER,2020,pv,-0.36
PHL,2020,pv,-0.78
POL,2020,pv,0.49
PRT,2020,pv,1.01
PRI,2020,pv,0.44
QAT,2020,pv,0.67
ROM,2020,pv,0.51
RUS,2020,pv,-0.67
RWA,2020,pv,0.07
REU,2020,pv,0.2
WSM,2020,pv,1.15
SMR,2020,pv,1.18
SAU,2020,pv,-0.65
SEN,2020,pv,-0.14
SRB,2020,pv,-0.17
SYC,2020,pv,0.7
SLE,2020,pv,-0.3
SGP,2020,pv,1.44
SVK,2020,pv,0.63
SVN,2020,pv,0.7
SLB,2020,pv,0.56
SOM,2020,pv,-2.58
ZAF,2020,pv,-0.25
SSD,2020,pv,-2.19
ESP,2020,pv,0.41
LKA,2020,pv,-0.09
KNA,2020,pv,0.93
LCA,2020,pv,0.86
VCT,2020,pv,1.03
SDN,2020,pv,-1.66
SUR,2020,pv,0.42
SWE,2020,pv,1
CHE,2020,pv,1.18
SYR,2020,pv,-2.71
STP,2020,pv,0.49
TWN,2020,pv,0.76
TJK,2020,pv,-0.5
TZA,2020,pv,-0.48
THA,2020,pv,-0.58
TMP,2020,pv,0.2
TGO,2020,pv,-0.89
TON,2020,pv,1.09
TTO,2020,pv,0.11
TUN,2020,pv,-0.59
TKM,2020,pv,-0.2
TUV,2020,pv,1.22
TUR,2020,pv,-1.14
UGA,2020,pv,-0.81
UKR,2020,pv,-1.16
ARE,2020,pv,0.59
GBR,2020,pv,0.48
USA,2020,pv,-0.03
URY,2020,pv,1.05
UZB,2020,pv,-0.44
VUT,2020,pv,0.88
VEN,2020,pv,-1.55
VNM,2020,pv,-0.04
VIR,2020,pv,1
WBG,2020,pv,-2.02
YEM,2020,pv,-2.65
ZMB,2020,pv,-0.13
ZWE,2020,pv,-1.05
AFG,2020,rl,-1.83
ALB,2020,rl,-0.38
DZA,2020,rl,-0.8
ASM,2020,rl,1.12
ADO,2020,rl,1.62
AGO,2020,rl,-0.95
AIA,2020,rl,0.37
ATG,2020,rl,0.41
ARG,2020,rl,-0.49
ARM,2020,rl,-0.13
ABW,2020,rl,1.27
AUS,2020,rl,1.62
AUT,2020,rl,1.77
AZE,2020,rl,-0.73
BHS,2020,rl,0.02
BHR,2020,rl,0.45
BGD,2020,rl,-0.57
BRB,2020,rl,0.29
BLR,2020,rl,-1.09
BEL,2020,rl,1.33
BLZ,2020,rl,-0.83
BEN,2020,rl,-0.77
BMU,2020,rl,0.62
BTN,2020,rl,0.58
BOL,2020,rl,-1.22
BIH,2020,rl,-0.32
BWA,2020,rl,0.38
BRA,2020,rl,-0.23
BRN,2020,rl,0.9
BGR,2020,rl,-0.13
BFA,2020,rl,-0.47
BDI,2020,rl,-1.34
KHM,2020,rl,-0.96
CMR,2020,rl,-1.17
CAN,2020,rl,1.62
CPV,2020,rl,0.43
CYM,2020,rl,0.73
CAF,2020,rl,-1.75
TCD,2020,rl,-1.33
CHL,2020,rl,0.93
CHN,2020,rl,-0.1
COL,2020,rl,-0.49
COM,2020,rl,-1.28
ZAR,2020,rl,-1.82
COG,2020,rl,-1.12
CRI,2020,rl,0.5
HRV,2020,rl,0.24
CUB,2020,rl,-0.29
CYP,2020,rl,0.55
CZE,2020,rl,1.02
CIV,2020,rl,-0.66
DNK,2020,rl,1.81
DJI,2020,rl,-1.04
DMA,2020,rl,0.79
DOM,2020,rl,-0.17
ECU,2020,rl,-0.54
EGY,2020,rl,-0.32
SLV,2020,rl,-0.78
GNQ,2020,rl,-1.16
ERI,2020,rl,-1.49
EST,2020,rl,1.34
SWZ,2020,rl,-0.5
ETH,2020,rl,-0.4
FJI,2020,rl,0.2
FIN,2020,rl,2.02
FRA,2020,rl,1.3
GUF,2020,rl,1.16
GAB,2020,rl,-0.68
GMB,2020,rl,-0.39
GEO,2020,rl,0.22
DEU,2020,rl,1.52
GHA,2020,rl,-0.08
GRC,2020,rl,0.29
GRL,2020,rl,1.7
GRD,2020,rl,0.33
GUM,2020,rl,1.12
GTM,2020,rl,-1.1
GIN,2020,rl,-1.3
GNB,2020,rl,-1.4
GUY,2020,rl,-0.43
HTI,2020,rl,-1.03
HND,2020,rl,-1.01
HKG,2020,rl,1.55
HUN,2020,rl,0.49
ISL,2020,rl,1.75
IND,2020,rl,-0.06
IDN,2020,rl,-0.37
IRN,2020,rl,-0.89
IRQ,2020,rl,-1.8
IRL,2020,rl,1.46
ISR,2020,rl,0.94
ITA,2020,rl,0.21
JAM,2020,rl,-0.24
JPN,2020,rl,1.47
JEY,2020,rl,1.7
JOR,2020,rl,0.19
KAZ,2020,rl,-0.47
KEN,2020,rl,-0.58
KIR,2020,rl,1.01
PRK,2020,rl,-1.61
KOR,2020,rl,1.15
KSV,2020,rl,-0.41
KWT,2020,rl,0.31
KGZ,2020,rl,-0.96
LAO,2020,rl,-0.88
LVA,2020,rl,0.92
LBN,2020,rl,-0.91
LSO,2020,rl,-0.49
LBR,2020,rl,-1.03
LBY,2020,rl,-1.88
LIE,2020,rl,1.72
LTU,2020,rl,0.95
LUX,2020,rl,1.74
MAC,2020,rl,0.81
MDG,2020,rl,-0.88
MWI,2020,rl,-0.28
MYS,2020,rl,0.57
MDV,2020,rl,-0.24
MLI,2020,rl,-0.95
MLT,2020,rl,0.88
MHL,2020,rl,0.6
MTQ,2020,rl,0.62
MRT,2020,rl,-0.6
MUS,2020,rl,0.89
MEX,2020,rl,-0.64
FSM,2020,rl,0.19
MDA,2020,rl,-0.52
MCO,2020,rl,1.37
MNG,2020,rl,-0.27
MNE,2020,rl,-0.04
MAR,2020,rl,-0.19
MOZ,2020,rl,-1.08
MMR,2020,rl,-1.2
NAM,2020,rl,0.33
NRU,2020,rl,-0.1
NPL,2020,rl,-0.51
NLD,2020,rl,1.71
NZL,2020,rl,1.84
NIC,2020,rl,-1.2
NER,2020,rl,-0.57
NGA,2020,rl,-0.84
MKD,2020,rl,-0.11
NOR,2020,rl,1.93
OMN,2020,rl,0.59
PAK,2020,rl,-0.71
PLW,2020,rl,0.69
PAN,2020,rl,-0.28
PNG,2020,rl,-0.71
PRY,2020,rl,-0.43
PER,2020,rl,-0.38
PHL,2020,rl,-0.65
POL,2020,rl,0.52
PRT,2020,rl,1.16
PRI,2020,rl,0.61
QAT,2020,rl,0.98
ROM,2020,rl,0.37
RUS,2020,rl,-0.81
RWA,2020,rl,0.08
REU,2020,rl,0.62
WSM,2020,rl,1.01
SMR,2020,rl,1.62
SAU,2020,rl,0.22
SEN,2020,rl,-0.32
SRB,2020,rl,-0.12
SYC,2020,rl,0.23
SLE,2020,rl,-0.79
SGP,2020,rl,1.84
SVK,2020,rl,0.66
SVN,2020,rl,1.04
SLB,2020,rl,-0.04
SOM,2020,rl,-2.31
ZAF,2020,rl,-0.24
SSD,2020,rl,-1.97
ESP,2020,rl,0.86
LKA,2020,rl,-0.01
KNA,2020,rl,0.48
LCA,2020,rl,0.66
VCT,2020,rl,0.6
SDN,2020,rl,-1.09
SUR,2020,rl,-0.13
SWE,2020,rl,1.77
CHE,2020,rl,1.78
SYR,2020,rl,-2.09
STP,2020,rl,-0.71
TWN,2020,rl,1.22
TJK,2020,rl,-1.25
TZA,2020,rl,-0.62
THA,2020,rl,0.11
TMP,2020,rl,-1.2
TGO,2020,rl,-0.67
TON,2020,rl,0.49
TTO,2020,rl,-0.17
TUN,2020,rl,0.14
TKM,2020,rl,-1.4
TUV,2020,rl,0.65
TUR,2020,rl,-0.42
UGA,2020,rl,-0.35
UKR,2020,rl,-0.71
ARE,2020,rl,0.88
GBR,2020,rl,1.46
USA,2020,rl,1.34
URY,2020,rl,0.65
UZB,2020,rl,-1.12
VUT,2020,rl,0.3
VEN,2020,rl,-2.33
VNM,2020,rl,-0.19
VIR,2020,rl,0.87
WBG,2020,rl,-0.47
YEM,2020,rl,-1.77
ZMB,2020,rl,-0.65
ZWE,2020,rl,-1.34
AFG,2020,rq,-1.39
ALB,2020,rq,0.22
DZA,2020,rq,-1.36
ASM,2020,rq,0.53
ADO,2020,rq,1.34
AGO,2020,rq,-0.86
AIA,2020,rq,0.93
ATG,2020,rq,0.5
ARG,2020,rq,-0.5
ARM,2020,rq,0.24
ABW,2020,rq,0.91
AUS,2020,rq,1.81
AUT,2020,rq,1.4
AZE,2020,rq,-0.34
BHS,2020,rq,0
BHR,2020,rq,0.61
BGD,2020,rq,-0.91
BRB,2020,rq,0.47
BLR,2020,rq,-0.8
BEL,2020,rq,1.34
BLZ,2020,rq,-0.55
BEN,2020,rq,-0.48
BMU,2020,rq,0.93
BTN,2020,rq,-0.33
BOL,2020,rq,-1.04
BIH,2020,rq,-0.18
BWA,2020,rq,0.53
BRA,2020,rq,-0.11
BRN,2020,rq,0.9
BGR,2020,rq,0.46
BFA,2020,rq,-0.48
BDI,2020,rq,-1.06
KHM,2020,rq,-0.66
CMR,2020,rq,-0.83
CAN,2020,rq,1.59
CPV,2020,rq,0.16
CYM,2020,rq,1.05
CAF,2020,rq,-1.5
TCD,2020,rq,-1.13
CHL,2020,rq,0.95
CHN,2020,rq,-0.2
COL,2020,rq,0.23
COM,2020,rq,-1.26
ZAR,2020,rq,-1.51
COG,2020,rq,-1.45
CRI,2020,rq,0.48
HRV,2020,rq,0.36
CUB,2020,rq,-1.53
CYP,2020,rq,0.99
CZE,2020,rq,1.23
CIV,2020,rq,-0.38
DNK,2020,rq,1.79
DJI,2020,rq,-0.86
DMA,2020,rq,0.27
DOM,2020,rq,0.02
ECU,2020,rq,-0.87
EGY,2020,rq,-0.57
SLV,2020,rq,-0.09
GNQ,2020,rq,-1.71
ERI,2020,rq,-2.16
EST,2020,rq,1.53
SWZ,2020,rq,-0.49
ETH,2020,rq,-0.98
FJI,2020,rq,-0.1
FIN,2020,rq,1.85
FRA,2020,rq,1.19
GUF,2020,rq,1.18
GAB,2020,rq,-0.88
GMB,2020,rq,-0.76
GEO,2020,rq,1
DEU,2020,rq,1.58
GHA,2020,rq,-0.13
GRC,2020,rq,0.54
GRL,2020,rq,1.38
GRD,2020,rq,-0.12
GUM,2020,rq,0.53
GTM,2020,rq,-0.27
GIN,2020,rq,-0.88
GNB,2020,rq,-1.29
GUY,2020,rq,-0.54
HTI,2020,rq,-1.26
HND,2020,rq,-0.49
HKG,2020,rq,1.78
HUN,2020,rq,0.47
ISL,2020,rq,1.44
IND,2020,rq,-0.13
IDN,2020,rq,0.22
IRN,2020,rq,-1.49
IRQ,2020,rq,-1.34
IRL,2020,rq,1.47
ISR,2020,rq,1.23
ITA,2020,rq,0.49
JAM,2020,rq,0.04
JPN,2020,rq,1.35
JEY,2020,rq,0.93
JOR,2020,rq,0.25
KAZ,2020,rq,0.11
KEN,2020,rq,-0.52
KIR,2020,rq,-0.43
PRK,2020,rq,-2.37
KOR,2020,rq,1.02
KSV,2020,rq,-0.32
KWT,2020,rq,0.27
KGZ,2020,rq,-0.45
LAO,2020,rq,-0.84
LVA,2020,rq,1.18
LBN,2020,rq,-0.77
LSO,2020,rq,-0.67
LBR,2020,rq,-1.04
LBY,2020,rq,-2.22
LIE,2020,rq,1.62
LTU,2020,rq,1.08
LUX,2020,rq,1.84
MAC,2020,rq,1.74
MDG,2020,rq,-0.81
MWI,2020,rq,-0.79
MYS,2020,rq,0.67
MDV,2020,rq,-0.59
MLI,2020,rq,-0.67
MLT,2020,rq,1.21
MHL,2020,rq,-0.67
MTQ,2020,rq,0.93
MRT,2020,rq,-0.89
MUS,2020,rq,1.18
MEX,2020,rq,-0.01
FSM,2020,rq,-0.89
MDA,2020,rq,-0.01
MCO,2020,rq,1.34
MNG,2020,rq,-0.11
MNE,2020,rq,0.42
MAR,2020,rq,-0.05
MOZ,2020,rq,-0.77
MMR,2020,rq,-0.62
NAM,2020,rq,0.01
NRU,2020,rq,-0.08
NPL,2020,rq,-0.74
NLD,2020,rq,1.75
NZL,2020,rq,1.87
NIC,2020,rq,-0.68
NER,2020,rq,-0.8
NGA,2020,rq,-1.02
MKD,2020,rq,0.44
NOR,2020,rq,1.69
OMN,2020,rq,0.44
PAK,2020,rq,-0.76
PLW,2020,rq,0.55
PAN,2020,rq,0.32
PNG,2020,rq,-0.68
PRY,2020,rq,-0.14
PER,2020,rq,0.47
PHL,2020,rq,0.11
POL,2020,rq,0.85
PRT,2020,rq,0.82
PRI,2020,rq,0.78
QAT,2020,rq,0.84
ROM,2020,rq,0.35
RUS,2020,rq,-0.48
RWA,2020,rq,0
REU,2020,rq,0.93
WSM,2020,rq,-0.21
SMR,2020,rq,0.53
SAU,2020,rq,0.25
SEN,2020,rq,-0.29
SRB,2020,rq,0.08
SYC,2020,rq,0.02
SLE,2020,rq,-0.9
SGP,2020,rq,2.21
SVK,2020,rq,0.77
SVN,2020,rq,0.91
SLB,2020,rq,-0.83
SOM,2020,rq,-1.95
ZAF,2020,rq,0.02
SSD,2020,rq,-2.01
ESP,2020,rq,0.76
LKA,2020,rq,-0.23
KNA,2020,rq,0.51
LCA,2020,rq,0.37
VCT,2020,rq,0.35
SDN,2020,rq,-1.57
SUR,2020,rq,-0.8
SWE,2020,rq,1.68
CHE,2020,rq,1.58
SYR,2020,rq,-1.89
STP,2020,rq,-0.97
TWN,2020,rq,1.37
TJK,2020,rq,-1.07
TZA,2020,rq,-0.69
THA,2020,rq,0.06
TMP,2020,rq,-0.76
TGO,2020,rq,-0.66
TON,2020,rq,-0.38
TTO,2020,rq,-0.18
TUN,2020,rq,-0.3
TKM,2020,rq,-2.05
TUV,2020,rq,-0.32
TUR,2020,rq,-0.02
UGA,2020,rq,-0.48
UKR,2020,rq,-0.27
ARE,2020,rq,1.07
GBR,2020,rq,1.47
USA,2020,rq,1.24
URY,2020,rq,0.69
UZB,2020,rq,-1
VUT,2020,rq,-0.38
VEN,2020,rq,-2.27
VNM,2020,rq,-0.24
VIR,2020,rq,1.34
WBG,2020,rq,0.05
YEM,2020,rq,-1.86
ZMB,2020,rq,-0.69
ZWE,2020,rq,-1.43
AFG,2020,va,-1.08
ALB,2020,va,0.09
DZA,2020,va,-1.09
ASM,2020,va,0.97
ADO,2020,va,1.09
AGO,2020,va,-0.82
ATG,2020,va,0.74
ARG,2020,va,0.58
ARM,2020,va,0.05
ABW,2020,va,1.28
AUS,2020,va,1.3
AUT,2020,va,1.39
AZE,2020,va,-1.54
BHS,2020,va,0.91
BHR,2020,va,-1.45
BGD,2020,va,-0.77
BRB,2020,va,1.13
BLR,2020,va,-1.45
BEL,2020,va,1.28
BLZ,2020,va,0.52
BEN,2020,va,-0.08
BTN,2020,va,0.15
BOL,2020,va,-0.09
BIH,2020,va,-0.32
BWA,2020,va,0.49
BRA,2020,va,0.29
BRN,2020,va,-0.93
BGR,2020,va,0.26
BFA,2020,va,-0.19
BDI,2020,va,-1.53
KHM,2020,va,-1.36
CMR,2020,va,-1.21
CAN,2020,va,1.47
CPV,2020,va,0.91
CYM,2020,va,0.5
CAF,2020,va,-1.3
TCD,2020,va,-1.4
CHL,2020,va,0.99
CHN,2020,va,-1.66
COL,2020,va,0.14
COM,2020,va,-0.76
ZAR,2020,va,-1.25
COG,2020,va,-1.28
COK,2020,va,1.06
CRI,2020,va,1.12
HRV,2020,va,0.58
CUB,2020,va,-1.42
CYP,2020,va,0.9
CZE,2020,va,0.98
CIV,2020,va,-0.53
DNK,2020,va,1.51
DJI,2020,va,-1.41
DMA,2020,va,0.87
DOM,2020,va,0.24
ECU,2020,va,-0.01
EGY,2020,va,-1.48
SLV,2020,va,0.07
GNQ,2020,va,-1.81
ERI,2020,va,-2.06
EST,2020,va,1.17
SWZ,2020,va,-1.33
ETH,2020,va,-1.04
FJI,2020,va,0.06
FIN,2020,va,1.61
FRA,2020,va,1.07
GUF,2020,va,1.28
GAB,2020,va,-0.98
GMB,2020,va,-0.2
GEO,2020,va,0.06
DEU,2020,va,1.37
GHA,2020,va,0.55
GRC,2020,va,0.96
GRL,2020,va,1.28
GRD,2020,va,0.68
GUM,2020,va,1.11
GTM,2020,va,-0.38
GIN,2020,va,-0.92
GNB,2020,va,-0.46
GUY,2020,va,0.21
HTI,2020,va,-0.84
HND,2020,va,-0.62
HKG,2020,va,0.02
HUN,2020,va,0.39
ISL,2020,va,1.38
IND,2020,va,0.13
IDN,2020,va,0.1
IRN,2020,va,-1.48
IRQ,2020,va,-1.01
IRL,2020,va,1.39
ISR,2020,va,0.65
ITA,2020,va,1.05
JAM,2020,va,0.62
JPN,2020,va,0.98
JEY,2020,va,1.28
JOR,2020,va,-0.75
KAZ,2020,va,-1.18
KEN,2020,va,-0.34
KIR,2020,va,1.12
PRK,2020,va,-2.16
KOR,2020,va,0.82
KSV,2020,va,-0.16
KWT,2020,va,-0.68
KGZ,2020,va,-0.58
LAO,2020,va,-1.79
LVA,2020,va,0.87
LBN,2020,va,-0.56
LSO,2020,va,0
LBR,2020,va,-0.07
LBY,2020,va,-1.36
LIE,2020,va,1.26
LTU,2020,va,1
LUX,2020,va,1.5
MAC,2020,va,-0.29
MDG,2020,va,-0.26
MWI,2020,va,0
MYS,2020,va,-0.15
MDV,2020,va,-0.3
MLI,2020,va,-0.76
MLT,2020,va,1.12
MHL,2020,va,1.13
MRT,2020,va,-0.83
MUS,2020,va,0.71
MEX,2020,va,-0.03
FSM,2020,va,1.13
MDA,2020,va,-0.06
MCO,2020,va,0.67
MNG,2020,va,0.37
MNE,2020,va,0.04
MAR,2020,va,-0.59
MOZ,2020,va,-0.6
MMR,2020,va,-0.94
NAM,2020,va,0.55
NRU,2020,va,0.53
NPL,2020,va,-0.09
NLD,2020,va,1.52
NZL,2020,va,1.6
NIC,2020,va,-1.1
NER,2020,va,-0.49
NGA,2020,va,-0.58
NIU,2020,va,1.27
MKD,2020,va,0.06
NOR,2020,va,1.72
OMN,2020,va,-1.14
PAK,2020,va,-0.88
PLW,2020,va,1.08
PAN,2020,va,0.57
PNG,2020,va,0.03
PRY,2020,va,0.05
PER,2020,va,0.25
PHL,2020,va,-0.11
POL,2020,va,0.62
PRT,2020,va,1.26
PRI,2020,va,0.5
QAT,2020,va,-1.29
ROM,2020,va,0.59
RUS,2020,va,-1.07
RWA,2020,va,-1.09
WSM,2020,va,0.78
SMR,2020,va,1.12
SAU,2020,va,-1.61
SEN,2020,va,0.24
SRB,2020,va,-0.12
SYC,2020,va,0.48
SLE,2020,va,-0.09
SGP,2020,va,-0.2
SVK,2020,va,0.88
SVN,2020,va,0.93
SLB,2020,va,0.45
SOM,2020,va,-1.84
ZAF,2020,va,0.69
SSD,2020,va,-1.81
ESP,2020,va,1
LKA,2020,va,-0.05
KNA,2020,va,0.81
LCA,2020,va,0.87
VCT,2020,va,0.91
SDN,2020,va,-1.43
SUR,2020,va,0.41
SWE,2020,va,1.5
CHE,2020,va,1.54
SYR,2020,va,-1.93
STP,2020,va,0.37
TWN,2020,va,1.1
TJK,2020,va,-1.78
TZA,2020,va,-0.74
THA,2020,va,-0.81
TMP,2020,va,0.37
TGO,2020,va,-0.75
TON,2020,va,0.69
TTO,2020,va,0.64
TUN,2020,va,0.28
TKM,2020,va,-2.03
TUV,2020,va,1.17
TUR,2020,va,-0.86
UGA,2020,va,-0.71
UKR,2020,va,0.09
ARE,2020,va,-1.18
GBR,2020,va,1.23
USA,2020,va,0.86
URY,2020,va,1.31
UZB,2020,va,-1.53
VUT,2020,va,0.65
VEN,2020,va,-1.52
VNM,2020,va,-1.38
WBG,2020,va,-1.13
YEM,2020,va,-1.76
ZMB,2020,va,-0.43
ZWE,2020,va,-1.11
AFG,2021,cc,-1.15
ALB,2021,cc,-0.58
DZA,2021,cc,-0.64
ASM,2021,cc,1.28
ADO,2021,cc,1.28
AGO,2021,cc,-0.65
AIA,2021,cc,0.64
ATG,2021,cc,0.23
ARG,2021,cc,-0.42
ARM,2021,cc,0.05
ABW,2021,cc,0.8
AUS,2021,cc,1.71
AUT,2021,cc,1.24
AZE,2021,cc,-0.85
BHS,2021,cc,1.15
BHR,2021,cc,0.14
BGD,2021,cc,-0.99
BRB,2021,cc,1.21
BLR,2021,cc,-0.26
BEL,2021,cc,1.46
BLZ,2021,cc,-0.33
BEN,2021,cc,-0.17
BMU,2021,cc,1.28
BTN,2021,cc,1.51
BOL,2021,cc,-0.88
BIH,2021,cc,-0.67
BWA,2021,cc,0.67
BRA,2021,cc,-0.5
BRN,2021,cc,1.22
BGR,2021,cc,-0.26
BFA,2021,cc,-0.08
BDI,2021,cc,-1.6
KHM,2021,cc,-1.2
CMR,2021,cc,-1.12
CAN,2021,cc,1.62
CPV,2021,cc,1.02
CYM,2021,cc,0.47
CAF,2021,cc,-1.25
TCD,2021,cc,-1.5
CHL,2021,cc,0.96
CHN,2021,cc,0.03
COL,2021,cc,-0.37
COM,2021,cc,-1.31
ZAR,2021,cc,-1.57
COG,2021,cc,-1.39
CRI,2021,cc,0.47
HRV,2021,cc,0.04
CUB,2021,cc,-0.03
CYP,2021,cc,0.37
CZE,2021,cc,0.62
CIV,2021,cc,-0.4
DNK,2021,cc,2.33
DJI,2021,cc,-0.81
DMA,2021,cc,0.55
DOM,2021,cc,-0.59
ECU,2021,cc,-0.59
EGY,2021,cc,-0.71
SLV,2021,cc,-0.55
GNQ,2021,cc,-1.59
ERI,2021,cc,-1.26
EST,2021,cc,1.51
SWZ,2021,cc,-0.7
ETH,2021,cc,-0.42
FJI,2021,cc,0.44
FIN,2021,cc,2.24
FRA,2021,cc,1.28
GUF,2021,cc,0.9
GAB,2021,cc,-0.87
GMB,2021,cc,-0.38
GEO,2021,cc,0.66
DEU,2021,cc,1.78
GHA,2021,cc,-0.13
GRC,2021,cc,0.18
GRL,2021,cc,1
GRD,2021,cc,0.49
GUM,2021,cc,1.28
GTM,2021,cc,-1.19
GIN,2021,cc,-1.02
GNB,2021,cc,-1.32
GUY,2021,cc,-0.19
HTI,2021,cc,-1.44
HND,2021,cc,-1.09
HKG,2021,cc,1.68
HUN,2021,cc,0.01
ISL,2021,cc,1.76
IND,2021,cc,-0.32
IDN,2021,cc,-0.45
IRN,2021,cc,-1.12
IRQ,2021,cc,-1.27
IRL,2021,cc,1.62
ISR,2021,cc,0.83
ITA,2021,cc,0.52
JAM,2021,cc,-0.05
JPN,2021,cc,1.54
JEY,2021,cc,1
JOR,2021,cc,0.03
KAZ,2021,cc,-0.26
KEN,2021,cc,-0.73
KIR,2021,cc,0.28
PRK,2021,cc,-1.62
KOR,2021,cc,0.73
KSV,2021,cc,-0.34
KWT,2021,cc,-0.06
KGZ,2021,cc,-1.15
LAO,2021,cc,-1.06
LVA,2021,cc,0.72
LBN,2021,cc,-1.25
LSO,2021,cc,-0.35
LBR,2021,cc,-0.94
LBY,2021,cc,-1.58
LIE,2021,cc,1.67
LTU,2021,cc,0.82
LUX,2021,cc,1.84
MAC,2021,cc,0.82
MDG,2021,cc,-0.95
MWI,2021,cc,-0.32
MYS,2021,cc,0.15
MDV,2021,cc,-0.31
MLI,2021,cc,-0.89
MLT,2021,cc,0.29
MHL,2021,cc,0.42
MTQ,2021,cc,0.64
MRT,2021,cc,-0.84
MUS,2021,cc,0.44
MEX,2021,cc,-1.02
FSM,2021,cc,0.56
MDA,2021,cc,-0.47
MCO,2021,cc,1.28
MNG,2021,cc,-0.55
MNE,2021,cc,-0.04
MAR,2021,cc,-0.42
MOZ,2021,cc,-0.83
MMR,2021,cc,-1.05
NAM,2021,cc,0.22
NRU,2021,cc,0.6
NPL,2021,cc,-0.56
NLD,2021,cc,2
NZL,2021,cc,2.17
NIC,2021,cc,-1.26
NER,2021,cc,-0.58
NGA,2021,cc,-1.1
MKD,2021,cc,-0.38
NOR,2021,cc,2.11
OMN,2021,cc,0.06
PAK,2021,cc,-0.81
PLW,2021,cc,0.6
PAN,2021,cc,-0.59
PNG,2021,cc,-0.77
PRY,2021,cc,-1.03
PER,2021,cc,-0.65
PHL,2021,cc,-0.53
POL,2021,cc,0.55
PRT,2021,cc,0.74
PRI,2021,cc,0.37
QAT,2021,cc,0.78
ROM,2021,cc,-0.06
RUS,2021,cc,-0.92
RWA,2021,cc,0.57
REU,2021,cc,0.64
WSM,2021,cc,0.59
SMR,2021,cc,1.28
SAU,2021,cc,0.28
SEN,2021,cc,0.04
SRB,2021,cc,-0.46
SYC,2021,cc,1.6
SLE,2021,cc,-0.46
SGP,2021,cc,2.14
SVK,2021,cc,0.21
SVN,2021,cc,0.69
SLB,2021,cc,-0.16
SOM,2021,cc,-1.8
ZAF,2021,cc,-0.03
SSD,2021,cc,-1.84
ESP,2021,cc,0.72
LKA,2021,cc,-0.36
KNA,2021,cc,0.41
LCA,2021,cc,0.56
VCT,2021,cc,0.77
SDN,2021,cc,-1.28
SUR,2021,cc,-0.42
SWE,2021,cc,2.1
CHE,2021,cc,1.96
SYR,2021,cc,-1.8
STP,2021,cc,0.23
TWN,2021,cc,1.18
TJK,2021,cc,-1.35
TZA,2021,cc,-0.39
THA,2021,cc,-0.48
TMP,2021,cc,-0.07
TGO,2021,cc,-0.69
TON,2021,cc,-0.43
TTO,2021,cc,-0.3
TUN,2021,cc,-0.26
TKM,2021,cc,-1.44
TUV,2021,cc,0.66
TUR,2021,cc,-0.41
UGA,2021,cc,-1.03
UKR,2021,cc,-0.79
ARE,2021,cc,1.15
GBR,2021,cc,1.64
USA,2021,cc,1.02
URY,2021,cc,1.59
UZB,2021,cc,-0.83
VUT,2021,cc,-0.04
VEN,2021,cc,-1.62
VNM,2021,cc,-0.31
VIR,2021,cc,0
WBG,2021,cc,-0.76
YEM,2021,cc,-1.67
ZMB,2021,cc,-0.76
ZWE,2021,cc,-1.28
AFG,2021,ge,-1.67
ALB,2021,ge,-0.04
DZA,2021,ge,-0.65
ASM,2021,ge,0.64
ADO,2021,ge,1.75
AGO,2021,ge,-1.13
AIA,2021,ge,0.92
ATG,2021,ge,-0.19
ARG,2021,ge,-0.39
ARM,2021,ge,-0.28
ABW,2021,ge,1.08
AUS,2021,ge,1.47
AUT,2021,ge,1.53
AZE,2021,ge,0.21
BHS,2021,ge,0.42
BHR,2021,ge,0.68
BGD,2021,ge,-0.65
BRB,2021,ge,0.5
BLR,2021,ge,-0.8
BEL,2021,ge,1.09
BLZ,2021,ge,-0.53
BEN,2021,ge,-0.24
BMU,2021,ge,1.47
BTN,2021,ge,0.71
BOL,2021,ge,-0.76
BIH,2021,ge,-1.07
BWA,2021,ge,0.32
BRA,2021,ge,-0.49
BRN,2021,ge,1.41
BGR,2021,ge,-0.17
BFA,2021,ge,-0.77
BDI,2021,ge,-1.36
KHM,2021,ge,-0.47
CMR,2021,ge,-0.9
CAN,2021,ge,1.56
CPV,2021,ge,0
CYM,2021,ge,1.24
CAF,2021,ge,-1.67
TCD,2021,ge,-1.46
CHL,2021,ge,0.59
CHN,2021,ge,0.81
COL,2021,ge,-0.05
COM,2021,ge,-1.81
ZAR,2021,ge,-1.76
COG,2021,ge,-1.32
CRI,2021,ge,0.22
HRV,2021,ge,0.55
CUB,2021,ge,-0.25
CYP,2021,ge,0.7
CZE,2021,ge,1.07
CIV,2021,ge,-0.54
DNK,2021,ge,1.96
DJI,2021,ge,-0.83
DMA,2021,ge,-0.12
DOM,2021,ge,0
ECU,2021,ge,-0.24
EGY,2021,ge,-0.46
SLV,2021,ge,-0.34
GNQ,2021,ge,-1.18
ERI,2021,ge,-1.7
EST,2021,ge,1.34
SWZ,2021,ge,-0.75
ETH,2021,ge,-0.65
FJI,2021,ge,0.66
FIN,2021,ge,1.92
FRA,2021,ge,1.23
GUF,2021,ge,1.22
GAB,2021,ge,-0.82
GMB,2021,ge,-0.68
GEO,2021,ge,0.62
DEU,2021,ge,1.29
GHA,2021,ge,-0.18
GRC,2021,ge,0.41
GRL,2021,ge,0.75
GRD,2021,ge,0.02
GUM,2021,ge,0.64
GTM,2021,ge,-0.78
GIN,2021,ge,-0.95
GNB,2021,ge,-1.45
GUY,2021,ge,-0.26
HTI,2021,ge,-2.22
HND,2021,ge,-0.82
HKG,2021,ge,1.49
HUN,2021,ge,0.6
ISL,2021,ge,1.59
IND,2021,ge,0.25
IDN,2021,ge,0.35
IRN,2021,ge,-0.89
IRQ,2021,ge,-1.32
IRL,2021,ge,1.46
ISR,2021,ge,1.25
ITA,2021,ge,0.33
JAM,2021,ge,0.38
JPN,2021,ge,1.36
JEY,2021,ge,1.15
JOR,2021,ge,0.19
KAZ,2021,ge,0.03
KEN,2021,ge,-0.33
KIR,2021,ge,0.09
PRK,2021,ge,-1.58
KOR,2021,ge,1.37
KSV,2021,ge,-0.26
KWT,2021,ge,-0.07
KGZ,2021,ge,-0.78
LAO,2021,ge,-0.62
LVA,2021,ge,0.83
LBN,2021,ge,-1.31
LSO,2021,ge,-0.95
LBR,2021,ge,-1.41
LBY,2021,ge,-1.75
LIE,2021,ge,1.46
LTU,2021,ge,1.02
LUX,2021,ge,1.68
MAC,2021,ge,1.08
MDG,2021,ge,-1.03
MWI,2021,ge,-0.79
MYS,2021,ge,0.95
MDV,2021,ge,0.44
MLI,2021,ge,-1.25
MLT,2021,ge,0.85
MHL,2021,ge,0.02
MTQ,2021,ge,0.92
MRT,2021,ge,-0.78
MUS,2021,ge,0.81
MEX,2021,ge,-0.34
FSM,2021,ge,0.3
MDA,2021,ge,-0.44
MCO,2021,ge,2.03
MNG,2021,ge,-0.52
MNE,2021,ge,-0.03
MAR,2021,ge,-0.17
MOZ,2021,ge,-0.8
MMR,2021,ge,-1.42
NAM,2021,ge,0.04
NRU,2021,ge,0.09
NPL,2021,ge,-0.93
NLD,2021,ge,1.73
NZL,2021,ge,1.31
NIC,2021,ge,-0.88
NER,2021,ge,-0.64
NGA,2021,ge,-1.03
MKD,2021,ge,-0.12
NOR,2021,ge,1.8
OMN,2021,ge,-0.16
PAK,2021,ge,-0.44
PLW,2021,ge,0.37
PAN,2021,ge,0.12
PNG,2021,ge,-0.89
PRY,2021,ge,-0.66
PER,2021,ge,-0.3
PHL,2021,ge,0.03
POL,2021,ge,0.25
PRT,2021,ge,0.95
PRI,2021,ge,-0.3
QAT,2021,ge,1.08
ROM,2021,ge,-0.16
RUS,2021,ge,-0.21
RWA,2021,ge,0.23
REU,2021,ge,0.92
WSM,2021,ge,0.38
SMR,2021,ge,1.75
SAU,2021,ge,0.46
SEN,2021,ge,0.02
SRB,2021,ge,0.01
SYC,2021,ge,0.9
SLE,2021,ge,-1.15
SGP,2021,ge,2.25
SVK,2021,ge,0.49
SVN,2021,ge,1.14
SLB,2021,ge,-0.84
SOM,2021,ge,-2.09
ZAF,2021,ge,-0.07
SSD,2021,ge,-2.4
ESP,2021,ge,0.91
LKA,2021,ge,-0.12
KNA,2021,ge,0.36
LCA,2021,ge,-0.12
VCT,2021,ge,0.31
SDN,2021,ge,-1.66
SUR,2021,ge,-0.68
SWE,2021,ge,1.61
CHE,2021,ge,1.99
SYR,2021,ge,-1.77
STP,2021,ge,-0.76
TWN,2021,ge,1.43
TJK,2021,ge,-0.65
TZA,2021,ge,-0.65
THA,2021,ge,0.22
TMP,2021,ge,-0.75
TGO,2021,ge,-0.69
TON,2021,ge,0.31
TTO,2021,ge,0.15
TUN,2021,ge,-0.21
TKM,2021,ge,-0.96
TUV,2021,ge,-0.41
TUR,2021,ge,-0.12
UGA,2021,ge,-0.6
UKR,2021,ge,-0.44
ARE,2021,ge,1.36
GBR,2021,ge,1.24
USA,2021,ge,1.3
URY,2021,ge,0.8
UZB,2021,ge,-0.26
VUT,2021,ge,-0.55
VEN,2021,ge,-1.87
VNM,2021,ge,0.24
VIR,2021,ge,0.64
WBG,2021,ge,-0.8
YEM,2021,ge,-2.33
ZMB,2021,ge,-0.84
ZWE,2021,ge,-1.29
AFG,2021,pv,-2.52
ALB,2021,pv,0.2
DZA,2021,pv,-0.99
ASM,2021,pv,1.07
ADO,2021,pv,1.58
AGO,2021,pv,-0.71
AIA,2021,pv,1.53
ATG,2021,pv,0.95
ARG,2021,pv,0
ARM,2021,pv,-0.8
ABW,2021,pv,1.43
AUS,2021,pv,0.84
AUT,2021,pv,0.9
AZE,2021,pv,-0.84
BHS,2021,pv,0.85
BHR,2021,pv,-0.52
BGD,2021,pv,-1.04
BRB,2021,pv,1.12
BLR,2021,pv,-0.75
BEL,2021,pv,0.66
BLZ,2021,pv,0.27
BEN,2021,pv,-0.4
BMU,2021,pv,1
BTN,2021,pv,0.8
BOL,2021,pv,-0.28
BIH,2021,pv,-0.42
BWA,2021,pv,1.04
BRA,2021,pv,-0.42
BRN,2021,pv,1.17
BGR,2021,pv,0.36
BFA,2021,pv,-1.64
BDI,2021,pv,-1.26
KHM,2021,pv,-0.13
CMR,2021,pv,-1.39
CAN,2021,pv,0.96
CPV,2021,pv,0.89
CYM,2021,pv,1.62
CAF,2021,pv,-2.13
TCD,2021,pv,-1.39
CHL,2021,pv,0.16
CHN,2021,pv,-0.52
COL,2021,pv,-0.95
COM,2021,pv,-0.23
ZAR,2021,pv,-1.66
COG,2021,pv,-0.23
COK,2021,pv,1.15
CRI,2021,pv,0.86
HRV,2021,pv,0.62
CUB,2021,pv,0.39
CYP,2021,pv,0.42
CZE,2021,pv,0.95
CIV,2021,pv,-0.72
DNK,2021,pv,0.93
DJI,2021,pv,-0.57
DMA,2021,pv,1.33
DOM,2021,pv,0.29
ECU,2021,pv,-0.26
EGY,2021,pv,-1.03
SLV,2021,pv,-0.09
GNQ,2021,pv,-0.2
ERI,2021,pv,-1.06
EST,2021,pv,0.75
SWZ,2021,pv,-0.35
ETH,2021,pv,-2.18
FJI,2021,pv,0.73
FIN,2021,pv,0.96
FRA,2021,pv,0.33
GUF,2021,pv,0.33
GAB,2021,pv,-0.08
GMB,2021,pv,0.04
GEO,2021,pv,-0.43
DEU,2021,pv,0.73
GHA,2021,pv,0.07
GRC,2021,pv,0.1
GRL,2021,pv,1.88
GRD,2021,pv,1.04
GUM,2021,pv,0.88
GTM,2021,pv,-0.4
GIN,2021,pv,-0.94
GNB,2021,pv,-0.28
GUY,2021,pv,-0.14
HTI,2021,pv,-1.13
HND,2021,pv,-0.63
HKG,2021,pv,0.26
HUN,2021,pv,0.8
ISL,2021,pv,1.37
IND,2021,pv,-0.69
IDN,2021,pv,-0.53
IRN,2021,pv,-1.58
IRQ,2021,pv,-2.38
IRL,2021,pv,0.84
ISR,2021,pv,-1.12
ITA,2021,pv,0.55
JAM,2021,pv,0.22
JPN,2021,pv,1.02
JEY,2021,pv,1.28
JOR,2021,pv,-0.31
KAZ,2021,pv,-0.23
KEN,2021,pv,-1.03
KIR,2021,pv,1.14
PRK,2021,pv,-0.48
KOR,2021,pv,0.63
KSV,2021,pv,-0.11
KWT,2021,pv,0.26
KGZ,2021,pv,-0.47
LAO,2021,pv,0.71
LVA,2021,pv,0.67
LBN,2021,pv,-1.48
LSO,2021,pv,-0.21
LBR,2021,pv,-0.29
LBY,2021,pv,-2.31
LIE,2021,pv,1.6
LTU,2021,pv,0.81
LUX,2021,pv,1.19
MAC,2021,pv,1.03
MDG,2021,pv,-0.54
MWI,2021,pv,-0.11
MYS,2021,pv,0.06
MDV,2021,pv,0.53
MLI,2021,pv,-2.33
MLT,2021,pv,0.89
MHL,2021,pv,0.93
MTQ,2021,pv,0.63
MRT,2021,pv,-0.56
MUS,2021,pv,0.83
MEX,2021,pv,-0.69
FSM,2021,pv,1.2
MDA,2021,pv,-0.21
MCO,2021,pv,1.17
MNG,2021,pv,0.71
MNE,2021,pv,-0.05
MAR,2021,pv,-0.4
MOZ,2021,pv,-1.26
MMR,2021,pv,-2.08
NAM,2021,pv,0.52
NRU,2021,pv,0.79
NPL,2021,pv,-0.19
NLD,2021,pv,0.89
NZL,2021,pv,1.39
NIC,2021,pv,-0.47
NER,2021,pv,-1.54
NGA,2021,pv,-1.79
NIU,2021,pv,1.32
MKD,2021,pv,0.06
NOR,2021,pv,1.09
OMN,2021,pv,0.43
PAK,2021,pv,-1.71
PLW,2021,pv,1.17
PAN,2021,pv,0.31
PNG,2021,pv,-0.58
PRY,2021,pv,0
PER,2021,pv,-0.36
PHL,2021,pv,-0.98
POL,2021,pv,0.49
PRT,2021,pv,0.94
PRI,2021,pv,0.49
QAT,2021,pv,0.83
ROM,2021,pv,0.58
RUS,2021,pv,-0.71
RWA,2021,pv,0.07
REU,2021,pv,0.23
WSM,2021,pv,1.11
SMR,2021,pv,1.17
SAU,2021,pv,-0.59
SEN,2021,pv,-0.18
SRB,2021,pv,-0.09
SYC,2021,pv,0.74
SLE,2021,pv,-0.1
SGP,2021,pv,1.44
SVK,2021,pv,0.62
SVN,2021,pv,0.76
SLB,2021,pv,0.54
SOM,2021,pv,-2.73
ZAF,2021,pv,-0.75
SSD,2021,pv,-2.29
ESP,2021,pv,0.51
LKA,2021,pv,-0.38
KNA,2021,pv,0.95
LCA,2021,pv,0.83
VCT,2021,pv,1.04
SDN,2021,pv,-1.99
SUR,2021,pv,0.35
SWE,2021,pv,1.01
CHE,2021,pv,1.12
SYR,2021,pv,-2.66
STP,2021,pv,0.59
TWN,2021,pv,0.77
TJK,2021,pv,-0.68
TZA,2021,pv,-0.34
THA,2021,pv,-0.57
TMP,2021,pv,0.19
TGO,2021,pv,-0.7
TON,2021,pv,1.08
TTO,2021,pv,0.24
TUN,2021,pv,-0.76
TKM,2021,pv,-0.33
TUV,2021,pv,1.27
TUR,2021,pv,-1.14
UGA,2021,pv,-0.94
UKR,2021,pv,-1.13
ARE,2021,pv,0.6
GBR,2021,pv,0.49
USA,2021,pv,-0.01
URY,2021,pv,1.05
UZB,2021,pv,-0.25
VUT,2021,pv,0.9
VEN,2021,pv,-1.45
VNM,2021,pv,-0.12
VIR,2021,pv,0.48
WBG,2021,pv,-1.84
YEM,2021,pv,-2.58
ZMB,2021,pv,0.05
ZWE,2021,pv,-0.95
AFG,2021,rl,-1.88
ALB,2021,rl,-0.28
DZA,2021,rl,-0.83
ASM,2021,rl,1.14
ADO,2021,rl,1.64
AGO,2021,rl,-0.98
AIA,2021,rl,0.38
ATG,2021,rl,0.3
ARG,2021,rl,-0.48
ARM,2021,rl,-0.12
ABW,2021,rl,1.25
AUS,2021,rl,1.64
AUT,2021,rl,1.75
AZE,2021,rl,-0.61
BHS,2021,rl,0.07
BHR,2021,rl,0.44
BGD,2021,rl,-0.63
BRB,2021,rl,0.34
BLR,2021,rl,-1.12
BEL,2021,rl,1.29
BLZ,2021,rl,-0.8
BEN,2021,rl,-0.63
BMU,2021,rl,0.64
BTN,2021,rl,0.61
BOL,2021,rl,-1.18
BIH,2021,rl,-0.3
BWA,2021,rl,0.45
BRA,2021,rl,-0.3
BRN,2021,rl,0.86
BGR,2021,rl,-0.07
BFA,2021,rl,-0.46
BDI,2021,rl,-1.31
KHM,2021,rl,-0.92
CMR,2021,rl,-1.12
CAN,2021,rl,1.59
CPV,2021,rl,0.33
CYM,2021,rl,0.74
CAF,2021,rl,-1.69
TCD,2021,rl,-1.34
CHL,2021,rl,0.89
CHN,2021,rl,0.01
COL,2021,rl,-0.47
COM,2021,rl,-1.26
ZAR,2021,rl,-1.72
COG,2021,rl,-1.1
CRI,2021,rl,0.42
HRV,2021,rl,0.28
CUB,2021,rl,-0.42
CYP,2021,rl,0.61
CZE,2021,rl,1.09
CIV,2021,rl,-0.66
DNK,2021,rl,1.9
DJI,2021,rl,-1.03
DMA,2021,rl,0.69
DOM,2021,rl,-0.12
ECU,2021,rl,-0.35
EGY,2021,rl,-0.26
SLV,2021,rl,-0.87
GNQ,2021,rl,-1.2
ERI,2021,rl,-1.58
EST,2021,rl,1.39
SWZ,2021,rl,-0.58
ETH,2021,rl,-0.62
FJI,2021,rl,0.3
FIN,2021,rl,2.01
FRA,2021,rl,1.26
GUF,2021,rl,1.14
GAB,2021,rl,-0.71
GMB,2021,rl,-0.41
GEO,2021,rl,0.14
DEU,2021,rl,1.57
GHA,2021,rl,-0.11
GRC,2021,rl,0.32
GRL,2021,rl,1.69
GRD,2021,rl,0.49
GUM,2021,rl,1.14
GTM,2021,rl,-1.11
GIN,2021,rl,-1.16
GNB,2021,rl,-1.46
GUY,2021,rl,-0.42
HTI,2021,rl,-1.26
HND,2021,rl,-1.09
HKG,2021,rl,1.41
HUN,2021,rl,0.51
ISL,2021,rl,1.71
IND,2021,rl,-0.11
IDN,2021,rl,-0.25
IRN,2021,rl,-0.97
IRQ,2021,rl,-1.75
IRL,2021,rl,1.49
ISR,2021,rl,0.91
ITA,2021,rl,0.24
JAM,2021,rl,-0.2
JPN,2021,rl,1.54
JEY,2021,rl,1.69
JOR,2021,rl,0.18
KAZ,2021,rl,-0.51
KEN,2021,rl,-0.42
KIR,2021,rl,0.89
PRK,2021,rl,-1.64
KOR,2021,rl,1.1
KSV,2021,rl,-0.3
KWT,2021,rl,0.24
KGZ,2021,rl,-1.1
LAO,2021,rl,-0.66
LVA,2021,rl,0.95
LBN,2021,rl,-1.09
LSO,2021,rl,-0.43
LBR,2021,rl,-0.94
LBY,2021,rl,-1.8
LIE,2021,rl,1.7
LTU,2021,rl,1.07
LUX,2021,rl,1.75
MAC,2021,rl,0.78
MDG,2021,rl,-0.89
MWI,2021,rl,-0.25
MYS,2021,rl,0.53
MDV,2021,rl,-0.11
MLI,2021,rl,-0.92
MLT,2021,rl,0.84
MHL,2021,rl,0.77
MTQ,2021,rl,0.64
MRT,2021,rl,-0.69
MUS,2021,rl,0.84
MEX,2021,rl,-0.81
FSM,2021,rl,0.52
MDA,2021,rl,-0.36
MCO,2021,rl,1.39
MNG,2021,rl,-0.25
MNE,2021,rl,-0.08
MAR,2021,rl,-0.24
MOZ,2021,rl,-1.06
MMR,2021,rl,-1.47
NAM,2021,rl,0.33
NRU,2021,rl,-0.07
NPL,2021,rl,-0.49
NLD,2021,rl,1.7
NZL,2021,rl,1.78
NIC,2021,rl,-1.37
NER,2021,rl,-0.43
NGA,2021,rl,-0.87
MKD,2021,rl,-0.1
NOR,2021,rl,1.91
OMN,2021,rl,0.38
PAK,2021,rl,-0.66
PLW,2021,rl,0.71
PAN,2021,rl,-0.27
PNG,2021,rl,-0.75
PRY,2021,rl,-0.58
PER,2021,rl,-0.53
PHL,2021,rl,-0.67
POL,2021,rl,0.43
PRT,2021,rl,1.11
PRI,2021,rl,0.57
QAT,2021,rl,0.9
ROM,2021,rl,0.38
RUS,2021,rl,-0.89
RWA,2021,rl,0.17
REU,2021,rl,0.64
WSM,2021,rl,0.89
SMR,2021,rl,1.64
SAU,2021,rl,0.21
SEN,2021,rl,-0.4
SRB,2021,rl,-0.12
SYC,2021,rl,0.3
SLE,2021,rl,-0.84
SGP,2021,rl,1.82
SVK,2021,rl,0.68
SVN,2021,rl,1
SLB,2021,rl,-0.36
SOM,2021,rl,-2.28
ZAF,2021,rl,0.06
SSD,2021,rl,-2.07
ESP,2021,rl,0.84
LKA,2021,rl,0.02
KNA,2021,rl,0.45
LCA,2021,rl,0.61
VCT,2021,rl,0.58
SDN,2021,rl,-1.22
SUR,2021,rl,-0.13
SWE,2021,rl,1.7
CHE,2021,rl,1.77
SYR,2021,rl,-2.08
STP,2021,rl,-0.73
TWN,2021,rl,1.26
TJK,2021,rl,-1.21
TZA,2021,rl,-0.55
THA,2021,rl,0.09
TMP,2021,rl,-1.03
TGO,2021,rl,-0.59
TON,2021,rl,0.43
TTO,2021,rl,-0.16
TUN,2021,rl,0.07
TKM,2021,rl,-1.46
TUV,2021,rl,0.73
TUR,2021,rl,-0.43
UGA,2021,rl,-0.37
UKR,2021,rl,-0.68
ARE,2021,rl,0.8
GBR,2021,rl,1.4
USA,2021,rl,1.39
URY,2021,rl,0.7
UZB,2021,rl,-0.92
VUT,2021,rl,0.45
VEN,2021,rl,-2.3
VNM,2021,rl,-0.17
VIR,2021,rl,0.89
WBG,2021,rl,-0.51
YEM,2021,rl,-1.8
ZMB,2021,rl,-0.61
ZWE,2021,rl,-1.28
AFG,2021,rq,-1.31
ALB,2021,rq,0.18
DZA,2021,rq,-1.18
ASM,2021,rq,0.53
ADO,2021,rq,1.36
AGO,2021,rq,-0.67
AIA,2021,rq,0.95
ATG,2021,rq,0.37
ARG,2021,rq,-0.63
ARM,2021,rq,0.13
ABW,2021,rq,0.94
AUS,2021,rq,1.83
AUT,2021,rq,1.34
AZE,2021,rq,-0.07
BHS,2021,rq,0.06
BHR,2021,rq,0.84
BGD,2021,rq,-0.85
BRB,2021,rq,0.55
BLR,2021,rq,-0.93
BEL,2021,rq,1.33
BLZ,2021,rq,-0.42
BEN,2021,rq,-0.45
BMU,2021,rq,0.95
BTN,2021,rq,-0.41
BOL,2021,rq,-1.17
BIH,2021,rq,-0.2
BWA,2021,rq,0.6
BRA,2021,rq,-0.12
BRN,2021,rq,0.99
BGR,2021,rq,0.43
BFA,2021,rq,-0.48
BDI,2021,rq,-1
KHM,2021,rq,-0.69
CMR,2021,rq,-0.93
CAN,2021,rq,1.61
CPV,2021,rq,0.27
CYM,2021,rq,1.05
CAF,2021,rq,-1.51
TCD,2021,rq,-1.17
CHL,2021,rq,0.94
CHN,2021,rq,-0.33
COL,2021,rq,0.2
COM,2021,rq,-1.27
ZAR,2021,rq,-1.44
COG,2021,rq,-1.23
CRI,2021,rq,0.44
HRV,2021,rq,0.49
CUB,2021,rq,-1.45
CYP,2021,rq,0.85
CZE,2021,rq,1.34
CIV,2021,rq,-0.27
DNK,2021,rq,1.8
DJI,2021,rq,-0.89
DMA,2021,rq,0.29
DOM,2021,rq,0.08
ECU,2021,rq,-0.72
EGY,2021,rq,-0.52
SLV,2021,rq,-0.36
GNQ,2021,rq,-1.73
ERI,2021,rq,-2.28
EST,2021,rq,1.55
SWZ,2021,rq,-0.6
ETH,2021,rq,-0.94
FJI,2021,rq,-0.01
FIN,2021,rq,1.89
FRA,2021,rq,1.23
GUF,2021,rq,1.17
GAB,2021,rq,-0.82
GMB,2021,rq,-0.89
GEO,2021,rq,1.05
DEU,2021,rq,1.63
GHA,2021,rq,-0.22
GRC,2021,rq,0.43
GRL,2021,rq,1.36
GRD,2021,rq,0.31
GUM,2021,rq,0.53
GTM,2021,rq,-0.33
GIN,2021,rq,-0.98
GNB,2021,rq,-1.28
GUY,2021,rq,-0.52
HTI,2021,rq,-1.34
HND,2021,rq,-0.53
HKG,2021,rq,1.57
HUN,2021,rq,0.49
ISL,2021,rq,1.53
IND,2021,rq,-0.09
IDN,2021,rq,0.29
IRN,2021,rq,-1.63
IRQ,2021,rq,-1.13
IRL,2021,rq,1.55
ISR,2021,rq,1.2
ITA,2021,rq,0.53
JAM,2021,rq,0.18
JPN,2021,rq,1.37
JEY,2021,rq,0.92
JOR,2021,rq,0.13
KAZ,2021,rq,0.08
KEN,2021,rq,-0.46
KIR,2021,rq,-0.38
PRK,2021,rq,-2.34
KOR,2021,rq,1.09
KSV,2021,rq,-0.29
KWT,2021,rq,0.16
KGZ,2021,rq,-0.63
LAO,2021,rq,-0.91
LVA,2021,rq,1.22
LBN,2021,rq,-0.91
LSO,2021,rq,-0.76
LBR,2021,rq,-0.96
LBY,2021,rq,-1.97
LIE,2021,rq,1.53
LTU,2021,rq,1.27
LUX,2021,rq,1.91
MAC,2021,rq,1.78
MDG,2021,rq,-0.84
MWI,2021,rq,-0.8
MYS,2021,rq,0.71
MDV,2021,rq,-0.61
MLI,2021,rq,-0.63
MLT,2021,rq,0.8
MHL,2021,rq,-0.65
MTQ,2021,rq,0.95
MRT,2021,rq,-1.08
MUS,2021,rq,1.16
MEX,2021,rq,-0.25
FSM,2021,rq,-0.71
MDA,2021,rq,0
MCO,2021,rq,1.36
MNG,2021,rq,-0.25
MNE,2021,rq,0.42
MAR,2021,rq,-0.13
MOZ,2021,rq,-0.8
MMR,2021,rq,-1.12
NAM,2021,rq,-0.02
NRU,2021,rq,-0.07
NPL,2021,rq,-0.64
NLD,2021,rq,1.74
NZL,2021,rq,1.8
NIC,2021,rq,-0.85
NER,2021,rq,-0.76
NGA,2021,rq,-0.94
MKD,2021,rq,0.41
NOR,2021,rq,1.63
OMN,2021,rq,0.32
PAK,2021,rq,-0.76
PLW,2021,rq,0.53
PAN,2021,rq,0.18
PNG,2021,rq,-0.83
PRY,2021,rq,-0.22
PER,2021,rq,0.06
PHL,2021,rq,0.06
POL,2021,rq,0.83
PRT,2021,rq,0.72
PRI,2021,rq,0.83
QAT,2021,rq,0.86
ROM,2021,rq,0.29
RUS,2021,rq,-0.54
RWA,2021,rq,0.06
REU,2021,rq,0.95
WSM,2021,rq,-0.22
SMR,2021,rq,0.53
SAU,2021,rq,0.32
SEN,2021,rq,-0.32
SRB,2021,rq,0.04
SYC,2021,rq,0.01
SLE,2021,rq,-0.98
SGP,2021,rq,2.23
SVK,2021,rq,0.87
SVN,2021,rq,0.82
SLB,2021,rq,-0.85
SOM,2021,rq,-1.84
ZAF,2021,rq,-0.09
SSD,2021,rq,-2
ESP,2021,rq,0.8
LKA,2021,rq,-0.39
KNA,2021,rq,0.54
LCA,2021,rq,0.38
VCT,2021,rq,0.34
SDN,2021,rq,-1.48
SUR,2021,rq,-0.72
SWE,2021,rq,1.75
CHE,2021,rq,1.72
SYR,2021,rq,-1.65
STP,2021,rq,-0.95
TWN,2021,rq,1.47
TJK,2021,rq,-1.15
TZA,2021,rq,-0.64
THA,2021,rq,0.08
TMP,2021,rq,-0.78
TGO,2021,rq,-0.65
TON,2021,rq,-0.32
TTO,2021,rq,-0.1
TUN,2021,rq,-0.4
TKM,2021,rq,-2.03
TUV,2021,rq,-0.29
TUR,2021,rq,-0.1
UGA,2021,rq,-0.49
UKR,2021,rq,-0.29
ARE,2021,rq,1.01
GBR,2021,rq,1.45
USA,2021,rq,1.44
URY,2021,rq,0.72
UZB,2021,rq,-0.6
VUT,2021,rq,-0.11
VEN,2021,rq,-2.22
VNM,2021,rq,-0.4
VIR,2021,rq,1.36
WBG,2021,rq,-0.06
YEM,2021,rq,-2.04
ZMB,2021,rq,-0.57
ZWE,2021,rq,-1.39
AFG,2021,va,-1.57
ALB,2021,va,0.09
DZA,2021,va,-1.01
ASM,2021,va,0.98
ADO,2021,va,1.03
AGO,2021,va,-0.86
ATG,2021,va,0.73
ARG,2021,va,0.61
ARM,2021,va,0.05
ABW,2021,va,1.02
AUS,2021,va,1.36
AUT,2021,va,1.39
AZE,2021,va,-1.53
BHS,2021,va,0.9
BHR,2021,va,-1.5
BGD,2021,va,-0.77
BRB,2021,va,1.12
BLR,2021,va,-1.58
BEL,2021,va,1.27
BLZ,2021,va,0.54
BEN,2021,va,-0.23
BTN,2021,va,0.22
BOL,2021,va,-0.12
BIH,2021,va,-0.32
BWA,2021,va,0.46
BRA,2021,va,0.25
BRN,2021,va,-0.85
BGR,2021,va,0.28
BFA,2021,va,-0.12
BDI,2021,va,-1.41
KHM,2021,va,-1.43
CMR,2021,va,-1.16
CAN,2021,va,1.45
CPV,2021,va,0.93
CYM,2021,va,0.76
CAF,2021,va,-1.19
TCD,2021,va,-1.41
CHL,2021,va,0.96
CHN,2021,va,-1.64
COL,2021,va,0.09
COM,2021,va,-0.73
ZAR,2021,va,-1.19
COG,2021,va,-1.24
COK,2021,va,1.17
CRI,2021,va,1.08
HRV,2021,va,0.6
CUB,2021,va,-1.42
CYP,2021,va,0.86
CZE,2021,va,1.01
CIV,2021,va,-0.46
DNK,2021,va,1.54
DJI,2021,va,-1.3
DMA,2021,va,0.81
DOM,2021,va,0.29
ECU,2021,va,0.1
EGY,2021,va,-1.51
SLV,2021,va,-0.06
GNQ,2021,va,-1.72
ERI,2021,va,-1.93
EST,2021,va,1.18
SWZ,2021,va,-1.29
ETH,2021,va,-1.07
FJI,2021,va,-0.17
FIN,2021,va,1.61
FRA,2021,va,1.1
GUF,2021,va,1.28
GAB,2021,va,-0.89
GMB,2021,va,-0.1
GEO,2021,va,0.01
DEU,2021,va,1.42
GHA,2021,va,0.47
GRC,2021,va,0.95
GRL,2021,va,1.28
GRD,2021,va,0.72
GUM,2021,va,1.14
GTM,2021,va,-0.47
GIN,2021,va,-0.99
GNB,2021,va,-0.25
GUY,2021,va,0.24
HTI,2021,va,-0.95
HND,2021,va,-0.59
HKG,2021,va,-0.25
HUN,2021,va,0.4
ISL,2021,va,1.36
IND,2021,va,0.09
IDN,2021,va,0.15
IRN,2021,va,-1.47
IRQ,2021,va,-0.96
IRL,2021,va,1.42
ISR,2021,va,0.67
ITA,2021,va,1.08
JAM,2021,va,0.62
JPN,2021,va,1.07
JEY,2021,va,1.28
JOR,2021,va,-0.79
KAZ,2021,va,-1.13
KEN,2021,va,-0.35
KIR,2021,va,1.12
PRK,2021,va,-2.06
KOR,2021,va,0.93
KSV,2021,va,-0.08
KWT,2021,va,-0.7
KGZ,2021,va,-0.59
LAO,2021,va,-1.68
LVA,2021,va,0.9
LBN,2021,va,-0.63
LSO,2021,va,-0.01
LBR,2021,va,-0.02
LBY,2021,va,-1.45
LIE,2021,va,1.33
LTU,2021,va,1.03
LUX,2021,va,1.5
MAC,2021,va,-0.53
MDG,2021,va,-0.28
MWI,2021,va,0.07
MYS,2021,va,-0.16
MDV,2021,va,-0.21
MLI,2021,va,-0.8
MLT,2021,va,1.07
MHL,2021,va,1.1
MRT,2021,va,-0.77
MUS,2021,va,0.67
MEX,2021,va,-0.08
FSM,2021,va,1.11
MDA,2021,va,0.04
MCO,2021,va,0.7
MNG,2021,va,0.31
MNE,2021,va,0.17
MAR,2021,va,-0.59
MOZ,2021,va,-0.61
MMR,2021,va,-1.66
NAM,2021,va,0.57
NRU,2021,va,0.48
NPL,2021,va,-0.09
NLD,2021,va,1.49
NZL,2021,va,1.59
NIC,2021,va,-1.29
NER,2021,va,-0.39
NGA,2021,va,-0.64
NIU,2021,va,1.31
MKD,2021,va,0.14
NOR,2021,va,1.74
OMN,2021,va,-1.19
PAK,2021,va,-0.84
PLW,2021,va,1.05
PAN,2021,va,0.54
PNG,2021,va,0.03
PRY,2021,va,0
PER,2021,va,0.17
PHL,2021,va,-0.15
POL,2021,va,0.58
PRT,2021,va,1.25
PRI,2021,va,0.5
QAT,2021,va,-1.17
ROM,2021,va,0.59
RUS,2021,va,-1.1
RWA,2021,va,-0.96
WSM,2021,va,0.75
SMR,2021,va,1.09
SAU,2021,va,-1.6
SEN,2021,va,0.2
SRB,2021,va,-0.13
SYC,2021,va,0.63
SLE,2021,va,-0.07
SGP,2021,va,-0.14
SVK,2021,va,0.9
SVN,2021,va,0.9
SLB,2021,va,0.41
SOM,2021,va,-1.74
ZAF,2021,va,0.78
SSD,2021,va,-1.72
ESP,2021,va,1
LKA,2021,va,-0.07
KNA,2021,va,0.77
LCA,2021,va,0.85
VCT,2021,va,0.87
SDN,2021,va,-1.45
SUR,2021,va,0.37
SWE,2021,va,1.49
CHE,2021,va,1.54
SYR,2021,va,-1.91
STP,2021,va,0.34
TWN,2021,va,1.09
TJK,2021,va,-1.7
TZA,2021,va,-0.71
THA,2021,va,-0.79
TMP,2021,va,0.45
TGO,2021,va,-0.79
TON,2021,va,0.79
TTO,2021,va,0.66
TUN,2021,va,0.11
TKM,2021,va,-1.91
TUV,2021,va,1.19
TUR,2021,va,-0.86
UGA,2021,va,-0.82
UKR,2021,va,0.07
ARE,2021,va,-1.19
GBR,2021,va,1.26
USA,2021,va,0.88
URY,2021,va,1.29
UZB,2021,va,-1.4
VUT,2021,va,0.72
VEN,2021,va,-1.62
VNM,2021,va,-1.31
WBG,2021,va,-1.11
YEM,2021,va,-1.68
ZMB,2021,va,-0.37
ZWE,2021,va,-1.14
AFG,2022,cc,-1.18
ALB,2022,cc,-0.41
DZA,2022,cc,-0.64
ASM,2022,cc,1.27
ADO,2022,cc,1.27
AGO,2022,cc,-0.61
AIA,2022,cc,1.27
ATG,2022,cc,0.31
ARG,2022,cc,-0.45
ARM,2022,cc,0.03
ABW,2022,cc,0.76
AUS,2022,cc,1.76
AUT,2022,cc,1.26
AZE,2022,cc,-1.04
BHS,2022,cc,1.26
BHR,2022,cc,0.14
BGD,2022,cc,-1.08
BRB,2022,cc,1.28
BLR,2022,cc,-0.58
BEL,2022,cc,1.49
BLZ,2022,cc,-0.24
BEN,2022,cc,-0.09
BMU,2022,cc,1.27
BTN,2022,cc,1.51
BOL,2022,cc,-0.89
BIH,2022,cc,-0.68
BWA,2022,cc,0.66
BRA,2022,cc,-0.57
BRN,2022,cc,1.18
BGR,2022,cc,-0.16
BFA,2022,cc,-0.11
BDI,2022,cc,-1.52
KHM,2022,cc,-1.24
CMR,2022,cc,-1.13
CAN,2022,cc,1.66
CPV,2022,cc,0.96
CYM,2022,cc,0.46
CAF,2022,cc,-1.25
TCD,2022,cc,-1.49
CHL,2022,cc,0.97
CHN,2022,cc,0.02
COL,2022,cc,-0.36
COM,2022,cc,-1.24
ZAR,2022,cc,-1.54
COG,2022,cc,-1.36
COK,2022,cc,0.05
CRI,2022,cc,0.47
HRV,2022,cc,0.15
CUB,2022,cc,-0.07
CYP,2022,cc,0.42
CZE,2022,cc,0.66
CIV,2022,cc,-0.34
DNK,2022,cc,2.4
DJI,2022,cc,-0.79
DMA,2022,cc,0.54
DOM,2022,cc,-0.44
ECU,2022,cc,-0.63
EGY,2022,cc,-0.68
SLV,2022,cc,-0.64
GNQ,2022,cc,-1.6
ERI,2022,cc,-1.28
EST,2022,cc,1.54
SWZ,2022,cc,-0.73
ETH,2022,cc,-0.43
FJI,2022,cc,0.39
FIN,2022,cc,2.25
FRA,2022,cc,1.26
GUF,2022,cc,0.94
GAB,2022,cc,-1.04
GMB,2022,cc,-0.28
GEO,2022,cc,0.62
DEU,2022,cc,1.82
GHA,2022,cc,-0.06
GRC,2022,cc,0.04
GRL,2022,cc,1.03
GRD,2022,cc,0.48
GUM,2022,cc,1.27
GTM,2022,cc,-1.21
GIN,2022,cc,-0.97
GNB,2022,cc,-1.19
GUY,2022,cc,-0.3
HTI,2022,cc,-1.46
HND,2022,cc,-1
HKG,2022,cc,1.61
HUN,2022,cc,-0.1
ISL,2022,cc,1.57
IND,2022,cc,-0.32
IDN,2022,cc,-0.44
IRN,2022,cc,-1.13
IRQ,2022,cc,-1.21
IRL,2022,cc,1.67
ISR,2022,cc,0.78
ITA,2022,cc,0.53
JAM,2022,cc,-0.02
JPN,2022,cc,1.54
JEY,2022,cc,1.03
JOR,2022,cc,0.07
KAZ,2022,cc,-0.19
KEN,2022,cc,-0.76
KIR,2022,cc,0.24
PRK,2022,cc,-1.61
KOR,2022,cc,0.75
KSV,2022,cc,-0.26
KWT,2022,cc,0.13
KGZ,2022,cc,-1.23
LAO,2022,cc,-0.97
LVA,2022,cc,0.69
LBN,2022,cc,-1.13
LSO,2022,cc,-0.37
LBR,2022,cc,-0.93
LBY,2022,cc,-1.53
LIE,2022,cc,1.71
LTU,2022,cc,0.75
LUX,2022,cc,1.88
MAC,2022,cc,0.87
MDG,2022,cc,-0.97
MWI,2022,cc,-0.61
MYS,2022,cc,0.25
MDV,2022,cc,-0.33
MLI,2022,cc,-0.84
MLT,2022,cc,0.24
MHL,2022,cc,0.39
MTQ,2022,cc,0.63
MRT,2022,cc,-0.79
MUS,2022,cc,0.42
MEX,2022,cc,-1.01
FSM,2022,cc,0.48
MDA,2022,cc,-0.34
MCO,2022,cc,1.27
MNG,2022,cc,-0.56
MNE,2022,cc,-0.12
MAR,2022,cc,-0.39
MOZ,2022,cc,-0.84
MMR,2022,cc,-1.15
NAM,2022,cc,0.22
NRU,2022,cc,0.6
NPL,2022,cc,-0.53
NLD,2022,cc,1.92
NZL,2022,cc,2.16
NIC,2022,cc,-1.29
NER,2022,cc,-0.58
NGA,2022,cc,-1.13
NIU,2022,cc,-0.18
MKD,2022,cc,-0.32
NOR,2022,cc,2.07
OMN,2022,cc,0.05
PAK,2022,cc,-0.8
PLW,2022,cc,0.6
PAN,2022,cc,-0.63
PNG,2022,cc,-0.7
PRY,2022,cc,-1.09
PER,2022,cc,-0.81
PHL,2022,cc,-0.54
POL,2022,cc,0.51
PRT,2022,cc,0.73
PRI,2022,cc,0.11
QAT,2022,cc,0.8
ROM,2022,cc,0.02
RUS,2022,cc,-0.98
RWA,2022,cc,0.56
REU,2022,cc,0.63
WSM,2022,cc,0.55
SMR,2022,cc,1.27
SAU,2022,cc,0.36
SEN,2022,cc,-0.01
SRB,2022,cc,-0.46
SYC,2022,cc,1.7
SLE,2022,cc,-0.56
SGP,2022,cc,2.09
SVK,2022,cc,0.21
SVN,2022,cc,0.77
SLB,2022,cc,-0.18
SOM,2022,cc,-1.79
ZAF,2022,cc,-0.33
SSD,2022,cc,-1.86
ESP,2022,cc,0.69
LKA,2022,cc,-0.38
KNA,2022,cc,0.39
LCA,2022,cc,0.58
VCT,2022,cc,0.76
SDN,2022,cc,-1.41
SUR,2022,cc,-0.4
SWE,2022,cc,2.06
CHE,2022,cc,2.01
SYR,2022,cc,-1.78
STP,2022,cc,0.31
TWN,2022,cc,1.15
TJK,2022,cc,-1.43
TZA,2022,cc,-0.35
THA,2022,cc,-0.45
TMP,2022,cc,-0.27
TGO,2022,cc,-0.64
TON,2022,cc,-0.42
TTO,2022,cc,-0.38
TUN,2022,cc,-0.3
TKM,2022,cc,-1.44
TUV,2022,cc,0.65
TUR,2022,cc,-0.47
UGA,2022,cc,-1.06
UKR,2022,cc,-0.63
ARE,2022,cc,1.16
GBR,2022,cc,1.62
USA,2022,cc,1.1
URY,2022,cc,1.61
UZB,2022,cc,-0.76
VUT,2022,cc,-0.03
VEN,2022,cc,-1.65
VNM,2022,cc,-0.29
VIR,2022,cc,-0.01
WBG,2022,cc,-0.7
YEM,2022,cc,-1.68
ZMB,2022,cc,-0.5
ZWE,2022,cc,-1.26
AFG,2022,ge,-1.88
ALB,2022,ge,0.06
DZA,2022,ge,-0.51
ASM,2022,ge,0.67
ADO,2022,ge,1.5
AGO,2022,ge,-1.03
AIA,2022,ge,1.22
ATG,2022,ge,-0.16
ARG,2022,ge,-0.28
ARM,2022,ge,-0.31
ABW,2022,ge,1.11
AUS,2022,ge,1.53
AUT,2022,ge,1.46
AZE,2022,ge,-0.04
BHS,2022,ge,0.42
BHR,2022,ge,0.64
BGD,2022,ge,-0.76
BRB,2022,ge,0.43
BLR,2022,ge,-0.85
BEL,2022,ge,1.23
BLZ,2022,ge,-0.36
BEN,2022,ge,-0.17
BMU,2022,ge,1.22
BTN,2022,ge,0.56
BOL,2022,ge,-0.56
BIH,2022,ge,-1.06
BWA,2022,ge,0.44
BRA,2022,ge,-0.59
BRN,2022,ge,1.42
BGR,2022,ge,-0.27
BFA,2022,ge,-0.85
BDI,2022,ge,-1.26
KHM,2022,ge,-0.35
CMR,2022,ge,-0.88
CAN,2022,ge,1.57
CPV,2022,ge,0.02
CYM,2022,ge,1.26
CAF,2022,ge,-1.71
TCD,2022,ge,-1.42
CHL,2022,ge,0.55
CHN,2022,ge,0.49
COL,2022,ge,0.01
COM,2022,ge,-1.68
ZAR,2022,ge,-1.75
COG,2022,ge,-1.37
COK,2022,ge,-0.16
CRI,2022,ge,0.05
HRV,2022,ge,0.58
CUB,2022,ge,-0.35
CYP,2022,ge,0.73
CZE,2022,ge,1.09
CIV,2022,ge,-0.33
DNK,2022,ge,1.99
DJI,2022,ge,-0.79
DMA,2022,ge,-0.1
DOM,2022,ge,-0.07
ECU,2022,ge,-0.31
EGY,2022,ge,-0.45
SLV,2022,ge,-0.32
GNQ,2022,ge,-1.3
ERI,2022,ge,-1.73
EST,2022,ge,1.34
SWZ,2022,ge,-0.78
ETH,2022,ge,-0.79
FJI,2022,ge,0.59
FIN,2022,ge,1.75
FRA,2022,ge,1.17
GUF,2022,ge,1.24
GAB,2022,ge,-0.69
GMB,2022,ge,-0.65
GEO,2022,ge,0.65
DEU,2022,ge,1.29
GHA,2022,ge,-0.11
GRC,2022,ge,0.45
GRL,2022,ge,0.76
GRD,2022,ge,0.04
GUM,2022,ge,0.67
GTM,2022,ge,-0.91
GIN,2022,ge,-0.91
GNB,2022,ge,-1.49
GUY,2022,ge,-0.27
HTI,2022,ge,-2.23
HND,2022,ge,-0.87
HKG,2022,ge,1.59
HUN,2022,ge,0.53
ISL,2022,ge,1.56
IND,2022,ge,0.37
IDN,2022,ge,0.44
IRN,2022,ge,-0.88
IRQ,2022,ge,-1.3
IRL,2022,ge,1.55
ISR,2022,ge,1.24
ITA,2022,ge,0.45
JAM,2022,ge,0.6
JPN,2022,ge,1.62
JEY,2022,ge,1.17
JOR,2022,ge,0.19
KAZ,2022,ge,0.14
KEN,2022,ge,-0.33
KIR,2022,ge,0.17
PRK,2022,ge,-1.46
KOR,2022,ge,1.35
KSV,2022,ge,-0.19
KWT,2022,ge,0.11
KGZ,2022,ge,-0.89
LAO,2022,ge,-0.6
LVA,2022,ge,0.69
LBN,2022,ge,-1.46
LSO,2022,ge,-0.89
LBR,2022,ge,-1.43
LBY,2022,ge,-1.76
LIE,2022,ge,1.49
LTU,2022,ge,0.99
LUX,2022,ge,1.77
MAC,2022,ge,1.11
MDG,2022,ge,-0.97
MWI,2022,ge,-0.85
MYS,2022,ge,0.99
MDV,2022,ge,-0.11
MLI,2022,ge,-1.15
MLT,2022,ge,0.8
MHL,2022,ge,0.23
MTQ,2022,ge,0.94
MRT,2022,ge,-0.73
MUS,2022,ge,0.77
MEX,2022,ge,-0.28
FSM,2022,ge,0.38
MDA,2022,ge,-0.31
MCO,2022,ge,2.05
MNG,2022,ge,-0.42
MNE,2022,ge,-0.03
MAR,2022,ge,-0.08
MOZ,2022,ge,-0.74
MMR,2022,ge,-1.69
NAM,2022,ge,0.07
NRU,2022,ge,0.2
NPL,2022,ge,-0.92
NLD,2022,ge,1.58
NZL,2022,ge,1.34
NIC,2022,ge,-1.04
NER,2022,ge,-0.63
NGA,2022,ge,-1.04
NIU,2022,ge,1.25
MKD,2022,ge,-0.08
NOR,2022,ge,1.94
OMN,2022,ge,0.02
PAK,2022,ge,-0.62
PLW,2022,ge,0.45
PAN,2022,ge,-0.13
PNG,2022,ge,-0.81
PRY,2022,ge,-0.61
PER,2022,ge,-0.4
PHL,2022,ge,0.06
POL,2022,ge,0.26
PRT,2022,ge,1
PRI,2022,ge,-0.48
QAT,2022,ge,1.14
ROM,2022,ge,0
RUS,2022,ge,-0.7
RWA,2022,ge,0.23
REU,2022,ge,0.94
WSM,2022,ge,0.31
SMR,2022,ge,1.77
SAU,2022,ge,0.58
SEN,2022,ge,0.04
SRB,2022,ge,0.07
SYC,2022,ge,0.66
SLE,2022,ge,-1.17
SGP,2022,ge,2.14
SVK,2022,ge,0.38
SVN,2022,ge,1.07
SLB,2022,ge,-0.68
SOM,2022,ge,-2.03
ZAF,2022,ge,-0.11
SSD,2022,ge,-2.39
ESP,2022,ge,0.92
LKA,2022,ge,-0.39
KNA,2022,ge,0.39
LCA,2022,ge,-0.1
VCT,2022,ge,0.32
SDN,2022,ge,-1.69
SUR,2022,ge,-0.94
SWE,2022,ge,1.57
CHE,2022,ge,2.05
SYR,2022,ge,-1.75
STP,2022,ge,-0.84
TWN,2022,ge,1.4
TJK,2022,ge,-0.76
TZA,2022,ge,-0.46
THA,2022,ge,0.13
TMP,2022,ge,-0.77
TGO,2022,ge,-0.65
TON,2022,ge,-0.17
TTO,2022,ge,-0.03
TUN,2022,ge,-0.26
TKM,2022,ge,-1.16
TUV,2022,ge,-0.31
TUR,2022,ge,-0.2
UGA,2022,ge,-0.61
UKR,2022,ge,-0.5
ARE,2022,ge,1.3
GBR,2022,ge,1.24
USA,2022,ge,1.26
URY,2022,ge,0.85
UZB,2022,ge,-0.33
VUT,2022,ge,-0.54
VEN,2022,ge,-1.69
VNM,2022,ge,0.17
VIR,2022,ge,0.67
WBG,2022,ge,-0.9
YEM,2022,ge,-2.23
ZMB,2022,ge,-0.64
ZWE,2022,ge,-1.25
AFG,2022,pv,-2.54
ALB,2022,pv,0.11
DZA,2022,pv,-0.65
ASM,2022,pv,1.12
ADO,2022,pv,1.59
AGO,2022,pv,-0.63
AIA,2022,pv,1.12
ATG,2022,pv,0.94
ARG,2022,pv,-0.1
ARM,2022,pv,-0.74
ABW,2022,pv,1.48
AUS,2022,pv,0.98
AUT,2022,pv,0.65
AZE,2022,pv,-0.92
BHS,2022,pv,0.88
BHR,2022,pv,-0.36
BGD,2022,pv,-1.05
BRB,2022,pv,1.14
BLR,2022,pv,-0.8
BEL,2022,pv,0.58
BLZ,2022,pv,0.56
BEN,2022,pv,-0.34
BMU,2022,pv,1.02
BTN,2022,pv,1.01
BOL,2022,pv,-0.19
BIH,2022,pv,-0.48
BWA,2022,pv,1.07
BRA,2022,pv,-0.4
BRN,2022,pv,1.24
BGR,2022,pv,0.31
BFA,2022,pv,-1.82
BDI,2022,pv,-1.19
KHM,2022,pv,-0.1
CMR,2022,pv,-1.38
CAN,2022,pv,0.78
CPV,2022,pv,0.93
CYM,2022,pv,1.66
CAF,2022,pv,-2.21
TCD,2022,pv,-1.47
CHL,2022,pv,0.13
CHN,2022,pv,-0.45
COL,2022,pv,-0.63
COM,2022,pv,-0.23
ZAR,2022,pv,-1.98
COG,2022,pv,0.04
COK,2022,pv,1.16
CRI,2022,pv,0.96
HRV,2022,pv,0.67
CUB,2022,pv,0.49
CYP,2022,pv,0.42
CZE,2022,pv,0.81
CIV,2022,pv,-0.59
DNK,2022,pv,0.87
DJI,2022,pv,-0.51
DMA,2022,pv,1.31
DOM,2022,pv,0.25
ECU,2022,pv,-0.37
EGY,2022,pv,-0.98
SLV,2022,pv,-0.35
GNQ,2022,pv,-0.24
ERI,2022,pv,-0.96
EST,2022,pv,0.73
SWZ,2022,pv,-0.21
ETH,2022,pv,-2.07
FJI,2022,pv,0.75
FIN,2022,pv,0.89
FRA,2022,pv,0.39
GUF,2022,pv,0.32
GAB,2022,pv,0.06
GMB,2022,pv,0.04
GEO,2022,pv,-0.44
DEU,2022,pv,0.63
GHA,2022,pv,-0.2
GRC,2022,pv,0.11
GRL,2022,pv,1.57
GRD,2022,pv,1.03
GUM,2022,pv,0.82
GTM,2022,pv,-0.26
GIN,2022,pv,-0.84
GNB,2022,pv,-0.39
GUY,2022,pv,0.02
HTI,2022,pv,-1.42
HND,2022,pv,-0.57
HKG,2022,pv,0.57
HUN,2022,pv,0.68
ISL,2022,pv,1.25
IND,2022,pv,-0.62
IDN,2022,pv,-0.55
IRN,2022,pv,-1.63
IRQ,2022,pv,-2.41
IRL,2022,pv,0.88
ISR,2022,pv,-1.23
ITA,2022,pv,0.47
JAM,2022,pv,0.36
JPN,2022,pv,1.03
JEY,2022,pv,1.62
JOR,2022,pv,-0.23
KAZ,2022,pv,-0.47
KEN,2022,pv,-0.95
KIR,2022,pv,1.1
PRK,2022,pv,-0.43
KOR,2022,pv,0.58
KSV,2022,pv,-0.2
KWT,2022,pv,0.29
KGZ,2022,pv,-0.47
LAO,2022,pv,0.79
LVA,2022,pv,0.49
LBN,2022,pv,-1.42
LSO,2022,pv,-0.29
LBR,2022,pv,-0.27
LBY,2022,pv,-2.19
LIE,2022,pv,1.64
LTU,2022,pv,0.65
LUX,2022,pv,1.06
MAC,2022,pv,1.12
MDG,2022,pv,-0.48
MWI,2022,pv,-0.16
MYS,2022,pv,0.16
MDV,2022,pv,0.65
MLI,2022,pv,-2.56
MLT,2022,pv,0.91
MHL,2022,pv,1.02
MTQ,2022,pv,0.64
MRT,2022,pv,-0.52
MUS,2022,pv,0.83
MEX,2022,pv,-0.69
FSM,2022,pv,1.21
MDA,2022,pv,-0.66
MCO,2022,pv,1.19
MNG,2022,pv,0.53
MNE,2022,pv,-0.14
MAR,2022,pv,-0.36
MOZ,2022,pv,-1.27
MMR,2022,pv,-2.2
NAM,2022,pv,0.56
NRU,2022,pv,0.88
NPL,2022,pv,-0.24
NLD,2022,pv,0.73
NZL,2022,pv,1.32
NIC,2022,pv,-0.36
NER,2022,pv,-1.46
NGA,2022,pv,-1.78
NIU,2022,pv,1.38
MKD,2022,pv,0.18
NOR,2022,pv,0.86
OMN,2022,pv,0.53
PAK,2022,pv,-1.84
PLW,2022,pv,1.08
PAN,2022,pv,0.29
PNG,2022,pv,-0.66
PRY,2022,pv,0.04
PER,2022,pv,-0.49
PHL,2022,pv,-0.66
POL,2022,pv,0.51
PRT,2022,pv,0.8
PRI,2022,pv,0.54
QAT,2022,pv,0.96
ROM,2022,pv,0.43
RUS,2022,pv,-1.01
RWA,2022,pv,0.08
REU,2022,pv,0.26
WSM,2022,pv,1.1
SMR,2022,pv,1.19
SAU,2022,pv,-0.36
SEN,2022,pv,-0.16
SRB,2022,pv,-0.17
SYC,2022,pv,0.76
SLE,2022,pv,-0.09
SGP,2022,pv,1.44
SVK,2022,pv,0.45
SVN,2022,pv,0.71
SLB,2022,pv,0.41
SOM,2022,pv,-2.43
ZAF,2022,pv,-0.68
SSD,2022,pv,-2.21
ESP,2022,pv,0.32
LKA,2022,pv,-0.8
KNA,2022,pv,0.94
LCA,2022,pv,1.03
VCT,2022,pv,1.03
SDN,2022,pv,-2.08
SUR,2022,pv,0.4
SWE,2022,pv,0.91
CHE,2022,pv,1.16
SYR,2022,pv,-2.78
STP,2022,pv,0.46
TWN,2022,pv,0.77
TJK,2022,pv,-0.74
TZA,2022,pv,-0.26
THA,2022,pv,-0.39
TMP,2022,pv,0.26
TGO,2022,pv,-0.79
TON,2022,pv,1.09
TTO,2022,pv,0.35
TUN,2022,pv,-0.59
TKM,2022,pv,-0.11
TUV,2022,pv,1.18
TUR,2022,pv,-1.03
UGA,2022,pv,-0.71
UKR,2022,pv,-1.95
ARE,2022,pv,0.74
GBR,2022,pv,0.53
USA,2022,pv,0.01
URY,2022,pv,1.09
UZB,2022,pv,-0.2
VUT,2022,pv,0.96
VEN,2022,pv,-1.25
VNM,2022,pv,-0.05
VIR,2022,pv,0.53
WBG,2022,pv,-1.7
YEM,2022,pv,-2.46
ZMB,2022,pv,0.16
ZWE,2022,pv,-0.89
AFG,2022,rl,-1.66
ALB,2022,rl,-0.17
DZA,2022,rl,-0.83
ASM,2022,rl,1.22
ADO,2022,rl,1.49
AGO,2022,rl,-1.02
AIA,2022,rl,0.43
ATG,2022,rl,0.39
ARG,2022,rl,-0.48
ARM,2022,rl,-0.17
ABW,2022,rl,1.28
AUS,2022,rl,1.51
AUT,2022,rl,1.7
AZE,2022,rl,-0.63
BHS,2022,rl,0.13
BHR,2022,rl,0.44
BGD,2022,rl,-0.6
BRB,2022,rl,0.36
BLR,2022,rl,-1.22
BEL,2022,rl,1.35
BLZ,2022,rl,-0.72
BEN,2022,rl,-0.6
BMU,2022,rl,0.69
BTN,2022,rl,0.67
BOL,2022,rl,-1.3
BIH,2022,rl,-0.31
BWA,2022,rl,0.46
BRA,2022,rl,-0.26
BRN,2022,rl,0.93
BGR,2022,rl,-0.11
BFA,2022,rl,-0.61
BDI,2022,rl,-1.28
KHM,2022,rl,-0.87
CMR,2022,rl,-1.04
CAN,2022,rl,1.56
CPV,2022,rl,0.4
CYM,2022,rl,0.72
CAF,2022,rl,-1.7
TCD,2022,rl,-1.37
CHL,2022,rl,0.69
CHN,2022,rl,-0.04
COL,2022,rl,-0.43
COM,2022,rl,-1.31
ZAR,2022,rl,-1.67
COG,2022,rl,-1.09
COK,2022,rl,-0.55
CRI,2022,rl,0.44
HRV,2022,rl,0.37
CUB,2022,rl,-0.46
CYP,2022,rl,0.57
CZE,2022,rl,1.1
CIV,2022,rl,-0.47
DNK,2022,rl,1.9
DJI,2022,rl,-1.1
DMA,2022,rl,0.73
DOM,2022,rl,-0.09
ECU,2022,rl,-0.62
EGY,2022,rl,-0.27
SLV,2022,rl,-0.74
GNQ,2022,rl,-1.41
ERI,2022,rl,-1.77
EST,2022,rl,1.43
SWZ,2022,rl,-0.65
ETH,2022,rl,-0.64
FJI,2022,rl,0.33
FIN,2022,rl,1.96
FRA,2022,rl,1.18
GUF,2022,rl,1.13
GAB,2022,rl,-0.82
GMB,2022,rl,-0.46
GEO,2022,rl,0.17
DEU,2022,rl,1.53
GHA,2022,rl,-0.08
GRC,2022,rl,0.33
GRL,2022,rl,1.69
GRD,2022,rl,0.56
GUM,2022,rl,1.22
GTM,2022,rl,-1.13
GIN,2022,rl,-1.1
GNB,2022,rl,-1.45
GUY,2022,rl,-0.31
HTI,2022,rl,-1.38
HND,2022,rl,-1.02
HKG,2022,rl,1.28
HUN,2022,rl,0.42
ISL,2022,rl,1.7
IND,2022,rl,0.11
IDN,2022,rl,-0.19
IRN,2022,rl,-1.02
IRQ,2022,rl,-1.75
IRL,2022,rl,1.53
ISR,2022,rl,0.94
ITA,2022,rl,0.3
JAM,2022,rl,-0.07
JPN,2022,rl,1.56
JEY,2022,rl,1.69
JOR,2022,rl,0.22
KAZ,2022,rl,-0.47
KEN,2022,rl,-0.32
KIR,2022,rl,0.63
PRK,2022,rl,-1.66
KOR,2022,rl,1.16
KSV,2022,rl,-0.37
KWT,2022,rl,0.28
KGZ,2022,rl,-1.15
LAO,2022,rl,-0.8
LVA,2022,rl,0.92
LBN,2022,rl,-1.1
LSO,2022,rl,-0.47
LBR,2022,rl,-0.92
LBY,2022,rl,-1.8
LIE,2022,rl,1.72
LTU,2022,rl,1.06
LUX,2022,rl,1.77
MAC,2022,rl,0.79
MDG,2022,rl,-0.95
MWI,2022,rl,-0.22
MYS,2022,rl,0.56
MDV,2022,rl,0.04
MLI,2022,rl,-0.98
MLT,2022,rl,0.79
MHL,2022,rl,0.73
MTQ,2022,rl,0.69
MRT,2022,rl,-0.65
MUS,2022,rl,0.8
MEX,2022,rl,-0.87
FSM,2022,rl,0.69
MDA,2022,rl,-0.29
MCO,2022,rl,1.49
MNG,2022,rl,-0.19
MNE,2022,rl,-0.13
MAR,2022,rl,-0.21
MOZ,2022,rl,-1.02
MMR,2022,rl,-1.53
NAM,2022,rl,0.41
NRU,2022,rl,-0.02
NPL,2022,rl,-0.45
NLD,2022,rl,1.66
NZL,2022,rl,1.73
NIC,2022,rl,-1.31
NER,2022,rl,-0.5
NGA,2022,rl,-0.91
NIU,2022,rl,-0.55
MKD,2022,rl,-0.1
NOR,2022,rl,1.76
OMN,2022,rl,0.5
PAK,2022,rl,-0.67
PLW,2022,rl,0.95
PAN,2022,rl,-0.36
PNG,2022,rl,-0.62
PRY,2022,rl,-0.59
PER,2022,rl,-0.55
PHL,2022,rl,-0.52
POL,2022,rl,0.43
PRT,2022,rl,1.11
PRI,2022,rl,0.53
QAT,2022,rl,0.92
ROM,2022,rl,0.4
RUS,2022,rl,-1.2
RWA,2022,rl,0.15
REU,2022,rl,0.69
WSM,2022,rl,0.95
SMR,2022,rl,1.75
SAU,2022,rl,0.29
SEN,2022,rl,-0.27
SRB,2022,rl,-0.11
SYC,2022,rl,0.46
SLE,2022,rl,-0.83
SGP,2022,rl,1.78
SVK,2022,rl,0.62
SVN,2022,rl,0.97
SLB,2022,rl,-0.24
SOM,2022,rl,-2.29
ZAF,2022,rl,0.04
SSD,2022,rl,-2.06
ESP,2022,rl,0.8
LKA,2022,rl,-0.06
KNA,2022,rl,0.5
LCA,2022,rl,0.66
VCT,2022,rl,0.64
SDN,2022,rl,-1.26
SUR,2022,rl,-0.13
SWE,2022,rl,1.69
CHE,2022,rl,1.75
SYR,2022,rl,-2.07
STP,2022,rl,-0.63
TWN,2022,rl,1.26
TJK,2022,rl,-1.26
TZA,2022,rl,-0.46
THA,2022,rl,0.07
TMP,2022,rl,-0.88
TGO,2022,rl,-0.55
TON,2022,rl,0.6
TTO,2022,rl,-0.17
TUN,2022,rl,-0.11
TKM,2022,rl,-1.49
TUV,2022,rl,0.82
TUR,2022,rl,-0.46
UGA,2022,rl,-0.37
UKR,2022,rl,-0.92
ARE,2022,rl,0.84
GBR,2022,rl,1.41
USA,2022,rl,1.37
URY,2022,rl,0.77
UZB,2022,rl,-0.85
VUT,2022,rl,0.32
VEN,2022,rl,-2.2
VNM,2022,rl,-0.16
VIR,2022,rl,0.96
WBG,2022,rl,-0.56
YEM,2022,rl,-1.85
ZMB,2022,rl,-0.52
ZWE,2022,rl,-1.24
AFG,2022,rq,-1.27
ALB,2022,rq,0.16
DZA,2022,rq,-1.06
ASM,2022,rq,0.55
ADO,2022,rq,1.4
AGO,2022,rq,-0.61
AIA,2022,rq,0.97
ATG,2022,rq,0.29
ARG,2022,rq,-0.7
ARM,2022,rq,-0.02
ABW,2022,rq,0.97
AUS,2022,rq,1.89
AUT,2022,rq,1.28
AZE,2022,rq,-0.1
BHS,2022,rq,-0.15
BHR,2022,rq,0.97
BGD,2022,rq,-0.93
BRB,2022,rq,0.48
BLR,2022,rq,-1.33
BEL,2022,rq,1.25
BLZ,2022,rq,-0.44
BEN,2022,rq,-0.35
BMU,2022,rq,0.97
BTN,2022,rq,-0.38
BOL,2022,rq,-1.21
BIH,2022,rq,-0.16
BWA,2022,rq,0.62
BRA,2022,rq,-0.22
BRN,2022,rq,1.07
BGR,2022,rq,0.32
BFA,2022,rq,-0.47
BDI,2022,rq,-0.95
KHM,2022,rq,-0.71
CMR,2022,rq,-0.9
CAN,2022,rq,1.68
CPV,2022,rq,0.26
CYM,2022,rq,1.09
CAF,2022,rq,-1.47
TCD,2022,rq,-1.15
CHL,2022,rq,0.98
CHN,2022,rq,-0.42
COL,2022,rq,0.14
COM,2022,rq,-1.2
ZAR,2022,rq,-1.48
COG,2022,rq,-1.26
COK,2022,rq,-0.08
CRI,2022,rq,0.57
HRV,2022,rq,0.5
CUB,2022,rq,-1.38
CYP,2022,rq,0.77
CZE,2022,rq,1.39
CIV,2022,rq,-0.15
DNK,2022,rq,1.84
DJI,2022,rq,-0.9
DMA,2022,rq,0.34
DOM,2022,rq,0.07
ECU,2022,rq,-0.46
EGY,2022,rq,-0.71
SLV,2022,rq,-0.46
GNQ,2022,rq,-1.49
ERI,2022,rq,-2.37
EST,2022,rq,1.56
SWZ,2022,rq,-0.72
ETH,2022,rq,-0.95
FJI,2022,rq,-0.06
FIN,2022,rq,1.78
FRA,2022,rq,1.19
GUF,2022,rq,1.09
GAB,2022,rq,-0.7
GMB,2022,rq,-0.71
GEO,2022,rq,1.03
DEU,2022,rq,1.52
GHA,2022,rq,-0.18
GRC,2022,rq,0.46
GRL,2022,rq,1.2
GRD,2022,rq,0.39
GUM,2022,rq,0.55
GTM,2022,rq,-0.29
GIN,2022,rq,-1.05
GNB,2022,rq,-1.32
GUY,2022,rq,-0.53
HTI,2022,rq,-1.31
HND,2022,rq,-0.49
HKG,2022,rq,1.59
HUN,2022,rq,0.41
ISL,2022,rq,1.31
IND,2022,rq,-0.05
IDN,2022,rq,0.21
IRN,2022,rq,-1.59
IRQ,2022,rq,-1.18
IRL,2022,rq,1.64
ISR,2022,rq,1.21
ITA,2022,rq,0.51
JAM,2022,rq,0.19
JPN,2022,rq,1.44
JEY,2022,rq,0.98
JOR,2022,rq,0.16
KAZ,2022,rq,-0.01
KEN,2022,rq,-0.38
KIR,2022,rq,-0.26
PRK,2022,rq,-2.39
KOR,2022,rq,1.15
KSV,2022,rq,-0.39
KWT,2022,rq,0.21
KGZ,2022,rq,-0.63
LAO,2022,rq,-0.99
LVA,2022,rq,1.17
LBN,2022,rq,-1.13
LSO,2022,rq,-0.62
LBR,2022,rq,-0.98
LBY,2022,rq,-2.09
LIE,2022,rq,1.63
LTU,2022,rq,1.3
LUX,2022,rq,1.83
MAC,2022,rq,1.82
MDG,2022,rq,-0.82
MWI,2022,rq,-0.74
MYS,2022,rq,0.64
MDV,2022,rq,-0.66
MLI,2022,rq,-0.63
MLT,2022,rq,0.67
MHL,2022,rq,-0.39
MTQ,2022,rq,0.97
MRT,2022,rq,-1.06
MUS,2022,rq,1.17
MEX,2022,rq,-0.15
FSM,2022,rq,-0.56
MDA,2022,rq,0.1
MCO,2022,rq,1.4
MNG,2022,rq,-0.27
MNE,2022,rq,0.54
MAR,2022,rq,-0.09
MOZ,2022,rq,-0.73
MMR,2022,rq,-1.24
NAM,2022,rq,-0.02
NRU,2022,rq,0.02
NPL,2022,rq,-0.65
NLD,2022,rq,1.71
NZL,2022,rq,1.87
NIC,2022,rq,-0.91
NER,2022,rq,-0.72
NGA,2022,rq,-1.16
NIU,2022,rq,0.13
MKD,2022,rq,0.45
NOR,2022,rq,1.52
OMN,2022,rq,0.43
PAK,2022,rq,-0.89
PLW,2022,rq,0.44
PAN,2022,rq,0.13
PNG,2022,rq,-0.68
PRY,2022,rq,-0.17
PER,2022,rq,0.21
PHL,2022,rq,0.06
POL,2022,rq,0.72
PRT,2022,rq,0.76
PRI,2022,rq,0.85
QAT,2022,rq,0.87
ROM,2022,rq,0.36
RUS,2022,rq,-1.14
RWA,2022,rq,0.16
REU,2022,rq,0.97
WSM,2022,rq,-0.27
SMR,2022,rq,0.55
SAU,2022,rq,0.42
SEN,2022,rq,-0.3
SRB,2022,rq,0.14
SYC,2022,rq,0.33
SLE,2022,rq,-1.06
SGP,2022,rq,2.21
SVK,2022,rq,0.85
SVN,2022,rq,0.69
SLB,2022,rq,-0.77
SOM,2022,rq,-1.9
ZAF,2022,rq,-0.19
SSD,2022,rq,-2.1
ESP,2022,rq,0.8
LKA,2022,rq,-0.65
KNA,2022,rq,0.58
LCA,2022,rq,0.44
VCT,2022,rq,0.35
SDN,2022,rq,-1.58
SUR,2022,rq,-0.79
SWE,2022,rq,1.68
CHE,2022,rq,1.62
SYR,2022,rq,-1.82
STP,2022,rq,-0.89
TWN,2022,rq,1.41
TJK,2022,rq,-1.2
TZA,2022,rq,-0.56
THA,2022,rq,0.17
TMP,2022,rq,-0.47
TGO,2022,rq,-0.56
TON,2022,rq,-0.35
TTO,2022,rq,-0.07
TUN,2022,rq,-0.41
TKM,2022,rq,-2.07
TUV,2022,rq,-0.14
TUR,2022,rq,-0.24
UGA,2022,rq,-0.49
UKR,2022,rq,-0.33
ARE,2022,rq,1.03
GBR,2022,rq,1.57
USA,2022,rq,1.42
URY,2022,rq,0.71
UZB,2022,rq,-0.55
VUT,2022,rq,-0.09
VEN,2022,rq,-2.05
VNM,2022,rq,-0.43
VIR,2022,rq,1.4
WBG,2022,rq,-0.04
YEM,2022,rq,-1.92
ZMB,2022,rq,-0.53
ZWE,2022,rq,-1.43
AFG,2022,va,-1.75
ALB,2022,va,0.14
DZA,2022,va,-1.01
ASM,2022,va,0.95
ADO,2022,va,1.11
AGO,2022,va,-0.81
ATG,2022,va,0.72
ARG,2022,va,0.55
ARM,2022,va,0.09
ABW,2022,va,1.01
AUS,2022,va,1.32
AUT,2022,va,1.41
AZE,2022,va,-1.44
BHS,2022,va,0.87
BHR,2022,va,-1.42
BGD,2022,va,-0.75
BRB,2022,va,1.13
BLR,2022,va,-1.63
BEL,2022,va,1.3
BLZ,2022,va,0.54
BEN,2022,va,-0.34
BTN,2022,va,0.16
BOL,2022,va,-0.2
BIH,2022,va,-0.32
BWA,2022,va,0.45
BRA,2022,va,0.23
BRN,2022,va,-0.82
BGR,2022,va,0.29
BFA,2022,va,-0.68
BDI,2022,va,-1.4
KHM,2022,va,-1.31
CMR,2022,va,-1.15
CAN,2022,va,1.44
CPV,2022,va,0.95
CYM,2022,va,0.76
CAF,2022,va,-1.21
TCD,2022,va,-1.47
CHL,2022,va,0.98
CHN,2022,va,-1.6
COL,2022,va,0.17
COM,2022,va,-0.85
ZAR,2022,va,-1.19
COG,2022,va,-1.2
COK,2022,va,0.87
CRI,2022,va,1.07
HRV,2022,va,0.62
CUB,2022,va,-1.34
CYP,2022,va,0.85
CZE,2022,va,1.04
CIV,2022,va,-0.39
DNK,2022,va,1.59
DJI,2022,va,-1.29
DMA,2022,va,0.8
DOM,2022,va,0.31
ECU,2022,va,0.03
EGY,2022,va,-1.45
SLV,2022,va,-0.37
GNQ,2022,va,-1.7
ERI,2022,va,-1.88
EST,2022,va,1.2
SWZ,2022,va,-1.22
ETH,2022,va,-1.05
FJI,2022,va,-0.14
FIN,2022,va,1.61
FRA,2022,va,1.11
GUF,2022,va,1.27
GAB,2022,va,-0.88
GMB,2022,va,-0.04
GEO,2022,va,0.02
DEU,2022,va,1.41
GHA,2022,va,0.4
GRC,2022,va,0.96
GRL,2022,va,1.27
GRD,2022,va,0.71
GUM,2022,va,1.1
GTM,2022,va,-0.52
GIN,2022,va,-1.08
GNB,2022,va,-0.42
GUY,2022,va,0.19
HTI,2022,va,-1.19
HND,2022,va,-0.49
HKG,2022,va,-0.4
HUN,2022,va,0.43
ISL,2022,va,1.43
IND,2022,va,0.05
IDN,2022,va,0.14
IRN,2022,va,-1.46
IRQ,2022,va,-0.95
IRL,2022,va,1.45
ISR,2022,va,0.68
ITA,2022,va,1.07
JAM,2022,va,0.59
JPN,2022,va,1.02
JEY,2022,va,1.27
JOR,2022,va,-0.8
KAZ,2022,va,-1.07
KEN,2022,va,-0.15
KIR,2022,va,1.09
PRK,2022,va,-2.02
KOR,2022,va,0.88
KSV,2022,va,-0.06
KWT,2022,va,-0.68
KGZ,2022,va,-0.73
LAO,2022,va,-1.66
LVA,2022,va,0.94
LBN,2022,va,-0.63
LSO,2022,va,0.05
LBR,2022,va,0
LBY,2022,va,-1.38
LIE,2022,va,1.38
LTU,2022,va,1.07
LUX,2022,va,1.54
MAC,2022,va,-0.53
MDG,2022,va,-0.29
MWI,2022,va,0.06
MYS,2022,va,0
MDV,2022,va,-0.21
MLI,2022,va,-0.92
MLT,2022,va,1.08
MHL,2022,va,1.11
MRT,2022,va,-0.73
MUS,2022,va,0.61
MEX,2022,va,-0.12
FSM,2022,va,1.13
MDA,2022,va,0.1
MCO,2022,va,0.72
MNG,2022,va,0.26
MNE,2022,va,0.28
MAR,2022,va,-0.55
MOZ,2022,va,-0.59
MMR,2022,va,-1.81
NAM,2022,va,0.57
NRU,2022,va,0.62
NPL,2022,va,-0.04
NLD,2022,va,1.55
NZL,2022,va,1.65
NIC,2022,va,-1.35
NER,2022,va,-0.38
NGA,2022,va,-0.6
NIU,2022,va,1.26
MKD,2022,va,0.16
NOR,2022,va,1.78
OMN,2022,va,-1.15
PAK,2022,va,-0.86
PLW,2022,va,1.07
PAN,2022,va,0.54
PNG,2022,va,-0.02
PRY,2022,va,0
PER,2022,va,0.05
PHL,2022,va,-0.05
POL,2022,va,0.6
PRT,2022,va,1.26
PRI,2022,va,0.45
QAT,2022,va,-1.05
ROM,2022,va,0.57
RUS,2022,va,-1.26
RWA,2022,va,-0.94
WSM,2022,va,1
SMR,2022,va,1.23
SAU,2022,va,-1.48
SEN,2022,va,0.18
SRB,2022,va,-0.1
SYC,2022,va,0.6
SLE,2022,va,-0.15
SGP,2022,va,-0.06
SVK,2022,va,0.89
SVN,2022,va,0.98
SLB,2022,va,0.34
SOM,2022,va,-1.67
ZAF,2022,va,0.72
SSD,2022,va,-1.7
ESP,2022,va,1.02
LKA,2022,va,-0.21
KNA,2022,va,0.77
LCA,2022,va,0.85
VCT,2022,va,0.85
SDN,2022,va,-1.49
SUR,2022,va,0.37
SWE,2022,va,1.53
CHE,2022,va,1.62
SYR,2022,va,-1.9
STP,2022,va,0.28
TWN,2022,va,1.08
TJK,2022,va,-1.67
TZA,2022,va,-0.65
THA,2022,va,-0.62
TMP,2022,va,0.49
TGO,2022,va,-0.76
TON,2022,va,0.85
TTO,2022,va,0.65
TUN,2022,va,-0.25
TKM,2022,va,-1.95
TUV,2022,va,1.21
TUR,2022,va,-0.93
UGA,2022,va,-0.8
UKR,2022,va,-0.02
ARE,2022,va,-1.13
GBR,2022,va,1.26
USA,2022,va,0.86
URY,2022,va,1.28
UZB,2022,va,-1.33
VUT,2022,va,0.59
VEN,2022,va,-1.54
VNM,2022,va,-1.29
WBG,2022,va,-1.04
YEM,2022,va,-1.62
ZMB,2022,va,-0.08
ZWE,2022,va,-1.11
AFG,2023,cc,-1.15
ALB,2023,cc,-0.33
DZA,2023,cc,-0.59
ASM,2023,cc,1.25
ADO,2023,cc,1.25
AGO,2023,cc,-0.61
AIA,2023,cc,1.25
ATG,2023,cc,0.33
ARG,2023,cc,-0.36
ARM,2023,cc,0.06
ABW,2023,cc,0.71
AUS,2023,cc,1.78
AUT,2023,cc,1.13
AZE,2023,cc,-1.2
BHS,2023,cc,1.27
BHR,2023,cc,0.18
BGD,2023,cc,-1.12
BRB,2023,cc,1.34
BLR,2023,cc,-0.67
BEL,2023,cc,1.34
BLZ,2023,cc,-0.23
BEN,2023,cc,-0.05
BMU,2023,cc,1.25
BTN,2023,cc,1.53
BOL,2023,cc,-0.84
BIH,2023,cc,-0.58
BWA,2023,cc,0.69
BRA,2023,cc,-0.5
BRN,2023,cc,1.28
BGR,2023,cc,-0.14
BFA,2023,cc,-0.17
BDI,2023,cc,-1.56
KHM,2023,cc,-1.3
CMR,2023,cc,-1.16
CAN,2023,cc,1.67
CPV,2023,cc,0.98
CYM,2023,cc,0.44
CAF,2023,cc,-1.31
TCD,2023,cc,-1.48
CHL,2023,cc,0.97
CHN,2023,cc,-0.01
COL,2023,cc,-0.31
COM,2023,cc,-0.99
ZAR,2023,cc,-1.48
COG,2023,cc,-1.35
COK,2023,cc,0.03
CRI,2023,cc,0.65
HRV,2023,cc,0.18
CUB,2023,cc,-0.06
CYP,2023,cc,0.33
CZE,2023,cc,0.77
CIV,2023,cc,-0.31
DNK,2023,cc,2.38
DJI,2023,cc,-0.78
DMA,2023,cc,0.54
DOM,2023,cc,-0.45
ECU,2023,cc,-0.65
EGY,2023,cc,-0.75
SLV,2023,cc,-0.56
GNQ,2023,cc,-1.57
ERI,2023,cc,-1.48
EST,2023,cc,1.54
SWZ,2023,cc,-0.73
ETH,2023,cc,-0.47
FJI,2023,cc,0.51
FIN,2023,cc,2.22
FRA,2023,cc,1.18
GUF,2023,cc,0.94
GAB,2023,cc,-1.02
GMB,2023,cc,-0.28
GEO,2023,cc,0.62
DEU,2023,cc,1.66
GHA,2023,cc,-0.1
GRC,2023,cc,0.1
GRL,2023,cc,1.03
GRD,2023,cc,0.56
GUM,2023,cc,1.25
GTM,2023,cc,-1.12
GIN,2023,cc,-0.9
GNB,2023,cc,-1.18
GUY,2023,cc,-0.38
HTI,2023,cc,-1.44
HND,2023,cc,-1.11
HKG,2023,cc,1.63
HUN,2023,cc,0
ISL,2023,cc,1.55
IND,2023,cc,-0.37
IDN,2023,cc,-0.49
IRN,2023,cc,-1.23
IRQ,2023,cc,-1.32
IRL,2023,cc,1.58
ISR,2023,cc,0.83
ITA,2023,cc,0.55
JAM,2023,cc,-0.11
JPN,2023,cc,1.4
JEY,2023,cc,1.03
JOR,2023,cc,0.09
KAZ,2023,cc,-0.27
KEN,2023,cc,-0.77
KIR,2023,cc,0.41
PRK,2023,cc,-1.58
KOR,2023,cc,0.89
KSV,2023,cc,-0.19
KWT,2023,cc,0.21
KGZ,2023,cc,-1.22
LAO,2023,cc,-0.97
LVA,2023,cc,0.7
LBN,2023,cc,-1.23
LSO,2023,cc,-0.51
LBR,2023,cc,-0.89
LBY,2023,cc,-1.53
LIE,2023,cc,1.71
LTU,2023,cc,0.78
LUX,2023,cc,1.93
MAC,2023,cc,0.85
MDG,2023,cc,-1
MWI,2023,cc,-0.6
MYS,2023,cc,0.3
MDV,2023,cc,-0.4
MLI,2023,cc,-0.86
MLT,2023,cc,0.11
MHL,2023,cc,0.41
MTQ,2023,cc,0.62
MRT,2023,cc,-0.82
MUS,2023,cc,0.45
MEX,2023,cc,-1.02
FSM,2023,cc,0.78
MDA,2023,cc,-0.28
MCO,2023,cc,1.25
MNG,2023,cc,-0.49
MNE,2023,cc,-0.08
MAR,2023,cc,-0.54
MOZ,2023,cc,-0.83
MMR,2023,cc,-1.22
NAM,2023,cc,0.11
NRU,2023,cc,0.59
NPL,2023,cc,-0.51
NLD,2023,cc,1.87
NZL,2023,cc,2.08
NIC,2023,cc,-1.39
NER,2023,cc,-0.56
NGA,2023,cc,-1.04
NIU,2023,cc,-0.18
MKD,2023,cc,-0.35
NOR,2023,cc,2.11
OMN,2023,cc,0.22
PAK,2023,cc,-1
PLW,2023,cc,0.59
PAN,2023,cc,-0.63
PNG,2023,cc,-0.66
PRY,2023,cc,-1.06
PER,2023,cc,-0.72
PHL,2023,cc,-0.54
POL,2023,cc,0.57
PRT,2023,cc,0.7
PRI,2023,cc,0.02
QAT,2023,cc,0.7
ROM,2023,cc,0.04
RUS,2023,cc,-1.1
RWA,2023,cc,0.67
REU,2023,cc,0.62
WSM,2023,cc,0.73
SMR,2023,cc,1.25
SAU,2023,cc,0.54
SEN,2023,cc,0.06
SRB,2023,cc,-0.45
SYC,2023,cc,1.63
SLE,2023,cc,-0.57
SGP,2023,cc,2.04
SVK,2023,cc,0.29
SVN,2023,cc,0.78
SLB,2023,cc,-0.13
SOM,2023,cc,-1.73
ZAF,2023,cc,-0.28
SSD,2023,cc,-1.97
ESP,2023,cc,0.63
LKA,2023,cc,-0.38
KNA,2023,cc,0.41
LCA,2023,cc,0.54
VCT,2023,cc,0.74
SDN,2023,cc,-1.5
SUR,2023,cc,-0.4
SWE,2023,cc,2.03
CHE,2023,cc,2.02
SYR,2023,cc,-1.75
STP,2023,cc,0.36
TWN,2023,cc,1.2
TJK,2023,cc,-1.38
TZA,2023,cc,-0.32
THA,2023,cc,-0.49
TMP,2023,cc,-0.23
TGO,2023,cc,-0.62
TON,2023,cc,-0.31
TTO,2023,cc,-0.37
TUN,2023,cc,-0.34
TKM,2023,cc,-1.42
TUV,2023,cc,0.65
TUR,2023,cc,-0.5
UGA,2023,cc,-1.04
UKR,2023,cc,-0.69
ARE,2023,cc,1.07
GBR,2023,cc,1.48
USA,2023,cc,1.12
URY,2023,cc,1.57
UZB,2023,cc,-0.81
VUT,2023,cc,-0.01
VEN,2023,cc,-1.69
VNM,2023,cc,-0.42
VIR,2023,cc,-0.02
WBG,2023,cc,-0.68
YEM,2023,cc,-1.65
ZMB,2023,cc,-0.48
ZWE,2023,cc,-1.26
AFG,2023,ge,-1.99
ALB,2023,ge,0.25
DZA,2023,ge,-0.67
ASM,2023,ge,0.65
ADO,2023,ge,1.48
AGO,2023,ge,-1.01
AIA,2023,ge,1.2
ATG,2023,ge,0.38
ARG,2023,ge,-0.38
ARM,2023,ge,-0.18
ABW,2023,ge,0.8
AUS,2023,ge,1.59
AUT,2023,ge,1.33
AZE,2023,ge,-0.03
BHS,2023,ge,0.27
BHR,2023,ge,0.7
BGD,2023,ge,-0.7
BRB,2023,ge,0.38
BLR,2023,ge,-0.99
BEL,2023,ge,1.04
BLZ,2023,ge,-0.38
BEN,2023,ge,-0.22
BMU,2023,ge,1.2
BTN,2023,ge,0.57
BOL,2023,ge,-0.64
BIH,2023,ge,-0.97
BWA,2023,ge,0.43
BRA,2023,ge,-0.55
BRN,2023,ge,1.4
BGR,2023,ge,0.05
BFA,2023,ge,-0.83
BDI,2023,ge,-1.2
KHM,2023,ge,-0.31
CMR,2023,ge,-0.91
CAN,2023,ge,1.52
CPV,2023,ge,0.01
CYM,2023,ge,1.24
CAF,2023,ge,-1.74
TCD,2023,ge,-1.48
CHL,2023,ge,0.72
CHN,2023,ge,0.68
COL,2023,ge,-0.08
COM,2023,ge,-1.54
ZAR,2023,ge,-1.69
COG,2023,ge,-1.33
COK,2023,ge,-0.15
CRI,2023,ge,0.26
HRV,2023,ge,0.71
CUB,2023,ge,-0.48
CYP,2023,ge,0.74
CZE,2023,ge,1.11
CIV,2023,ge,-0.36
DNK,2023,ge,2.02
DJI,2023,ge,-0.73
DMA,2023,ge,0.26
DOM,2023,ge,0.13
ECU,2023,ge,-0.49
EGY,2023,ge,-0.24
SLV,2023,ge,0.05
GNQ,2023,ge,-1.32
ERI,2023,ge,-1.79
EST,2023,ge,1.26
SWZ,2023,ge,-0.88
ETH,2023,ge,-0.77
FJI,2023,ge,0.49
FIN,2023,ge,1.74
FRA,2023,ge,1.14
GUF,2023,ge,1.28
GAB,2023,ge,-0.78
GMB,2023,ge,-0.59
GEO,2023,ge,0.79
DEU,2023,ge,1.19
GHA,2023,ge,-0.09
GRC,2023,ge,0.15
GRL,2023,ge,0.76
GRD,2023,ge,-0.01
GUM,2023,ge,0.65
GTM,2023,ge,-0.9
GIN,2023,ge,-0.91
GNB,2023,ge,-1.43
GUY,2023,ge,-0.29
HTI,2023,ge,-2.23
HND,2023,ge,-0.8
HKG,2023,ge,1.55
HUN,2023,ge,0.37
ISL,2023,ge,1.56
IND,2023,ge,0.48
IDN,2023,ge,0.58
IRN,2023,ge,-1.02
IRQ,2023,ge,-1.39
IRL,2023,ge,1.59
ISR,2023,ge,1.15
ITA,2023,ge,0.61
JAM,2023,ge,0.41
JPN,2023,ge,1.63
JEY,2023,ge,1.18
JOR,2023,ge,0.39
KAZ,2023,ge,0.15
KEN,2023,ge,-0.3
KIR,2023,ge,-0.1
PRK,2023,ge,-1.48
KOR,2023,ge,1.4
KSV,2023,ge,-0.08
KWT,2023,ge,0.01
KGZ,2023,ge,-0.89
LAO,2023,ge,-0.64
LVA,2023,ge,0.7
LBN,2023,ge,-1.58
LSO,2023,ge,-0.95
LBR,2023,ge,-1.36
LBY,2023,ge,-1.64
LIE,2023,ge,1.63
LTU,2023,ge,1.05
LUX,2023,ge,1.91
MAC,2023,ge,1.09
MDG,2023,ge,-1.02
MWI,2023,ge,-0.86
MYS,2023,ge,0.88
MDV,2023,ge,-0.13
MLI,2023,ge,-1.14
MLT,2023,ge,0.4
MHL,2023,ge,0.07
MTQ,2023,ge,0.65
MRT,2023,ge,-0.76
MUS,2023,ge,0.71
MEX,2023,ge,-0.2
FSM,2023,ge,0.23
MDA,2023,ge,-0.16
MCO,2023,ge,2.02
MNG,2023,ge,-0.47
MNE,2023,ge,0.25
MAR,2023,ge,-0.04
MOZ,2023,ge,-0.72
MMR,2023,ge,-1.75
NAM,2023,ge,0.03
NRU,2023,ge,-0.07
NPL,2023,ge,-0.81
NLD,2023,ge,1.63
NZL,2023,ge,1.53
NIC,2023,ge,-1.08
NER,2023,ge,-0.64
NGA,2023,ge,-0.85
NIU,2023,ge,1.16
MKD,2023,ge,-0.05
NOR,2023,ge,1.8
OMN,2023,ge,0.27
PAK,2023,ge,-0.58
PLW,2023,ge,0.44
PAN,2023,ge,-0.21
PNG,2023,ge,-0.8
PRY,2023,ge,-0.46
PER,2023,ge,-0.49
PHL,2023,ge,0.15
POL,2023,ge,0.42
PRT,2023,ge,0.99
PRI,2023,ge,-0.39
QAT,2023,ge,1.2
ROM,2023,ge,-0.09
RUS,2023,ge,-0.71
RWA,2023,ge,0.39
REU,2023,ge,0.65
WSM,2023,ge,0.49
SMR,2023,ge,1.2
SAU,2023,ge,0.8
SEN,2023,ge,0.07
SRB,2023,ge,0.01
SYC,2023,ge,0.62
SLE,2023,ge,-1.16
SGP,2023,ge,2.32
SVK,2023,ge,0.23
SVN,2023,ge,1.04
SLB,2023,ge,-0.73
SOM,2023,ge,-1.98
ZAF,2023,ge,-0.26
SSD,2023,ge,-2.33
ESP,2023,ge,0.75
LKA,2023,ge,-0.25
KNA,2023,ge,0.38
LCA,2023,ge,0.07
VCT,2023,ge,0.07
SDN,2023,ge,-1.98
SUR,2023,ge,-0.97
SWE,2023,ge,1.6
CHE,2023,ge,2.13
SYR,2023,ge,-1.79
STP,2023,ge,-0.9
TWN,2023,ge,1.48
TJK,2023,ge,-0.77
TZA,2023,ge,-0.46
THA,2023,ge,0.17
TMP,2023,ge,-0.84
TGO,2023,ge,-0.58
TON,2023,ge,-0.12
TTO,2023,ge,-0.04
TUN,2023,ge,-0.3
TKM,2023,ge,-1.21
TUV,2023,ge,-0.45
TUR,2023,ge,-0.25
UGA,2023,ge,-0.55
UKR,2023,ge,-0.36
ARE,2023,ge,1.6
GBR,2023,ge,1.16
USA,2023,ge,1.22
URY,2023,ge,0.85
UZB,2023,ge,-0.28
VUT,2023,ge,-0.57
VEN,2023,ge,-1.6
VNM,2023,ge,0.13
VIR,2023,ge,0.65
WBG,2023,ge,-1.21
YEM,2023,ge,-2.28
ZMB,2023,ge,-0.66
ZWE,2023,ge,-1.17
AFG,2023,pv,-2.48
ALB,2023,pv,0.18
DZA,2023,pv,-0.58
ASM,2023,pv,1.11
ADO,2023,pv,1.58
AGO,2023,pv,-0.34
AIA,2023,pv,1.11
ATG,2023,pv,0.92
ARG,2023,pv,-0.13
ARM,2023,pv,-0.83
ABW,2023,pv,1.43
AUS,2023,pv,0.92
AUT,2023,pv,0.73
AZE,2023,pv,-0.73
BHS,2023,pv,1.01
BHR,2023,pv,-0.37
BGD,2023,pv,-0.91
BRB,2023,pv,1.19
BLR,2023,pv,-0.73
BEL,2023,pv,0.4
BLZ,2023,pv,0.59
BEN,2023,pv,-0.35
BMU,2023,pv,1.02
BTN,2023,pv,0.98
BOL,2023,pv,-0.31
BIH,2023,pv,-0.35
BWA,2023,pv,1.04
BRA,2023,pv,-0.41
BRN,2023,pv,1.37
BGR,2023,pv,0.34
BFA,2023,pv,-2.04
BDI,2023,pv,-1.17
KHM,2023,pv,0.04
CMR,2023,pv,-1.4
CAN,2023,pv,0.82
CPV,2023,pv,0.9
CYM,2023,pv,1.63
CAF,2023,pv,-2.2
TCD,2023,pv,-1.56
CHL,2023,pv,0.14
CHN,2023,pv,-0.51
COL,2023,pv,-0.72
COM,2023,pv,-0.23
ZAR,2023,pv,-2.04
COG,2023,pv,0.02
COK,2023,pv,1.2
CRI,2023,pv,0.98
HRV,2023,pv,0.6
CUB,2023,pv,0.38
CYP,2023,pv,0.41
CZE,2023,pv,0.97
CIV,2023,pv,-0.63
DNK,2023,pv,0.85
DJI,2023,pv,-0.52
DMA,2023,pv,1.29
DOM,2023,pv,0.24
ECU,2023,pv,-0.34
EGY,2023,pv,-0.87
SLV,2023,pv,0
GNQ,2023,pv,-0.24
ERI,2023,pv,-0.79
EST,2023,pv,0.66
SWZ,2023,pv,-0.36
ETH,2023,pv,-1.97
FJI,2023,pv,0.74
FIN,2023,pv,0.71
FRA,2023,pv,0.34
GUF,2023,pv,0.23
GAB,2023,pv,-0.34
GMB,2023,pv,-0.01
GEO,2023,pv,-0.34
DEU,2023,pv,0.59
GHA,2023,pv,-0.02
GRC,2023,pv,0.24
GRL,2023,pv,1.5
GRD,2023,pv,1.02
GUM,2023,pv,0.89
GTM,2023,pv,-0.24
GIN,2023,pv,-0.88
GNB,2023,pv,-0.33
GUY,2023,pv,-0.06
HTI,2023,pv,-1.43
HND,2023,pv,-0.46
HKG,2023,pv,0.67
HUN,2023,pv,0.73
ISL,2023,pv,1.21
IND,2023,pv,-0.64
IDN,2023,pv,-0.4
IRN,2023,pv,-1.69
IRQ,2023,pv,-2.41
IRL,2023,pv,0.9
ISR,2023,pv,-1.46
ITA,2023,pv,0.58
JAM,2023,pv,0.38
JPN,2023,pv,0.95
JEY,2023,pv,1.74
JOR,2023,pv,-0.2
KAZ,2023,pv,-0.27
KEN,2023,pv,-0.94
KIR,2023,pv,1.1
PRK,2023,pv,-0.37
KOR,2023,pv,0.61
KSV,2023,pv,-0.32
KWT,2023,pv,0.41
KGZ,2023,pv,-0.48
LAO,2023,pv,0.81
LVA,2023,pv,0.59
LBN,2023,pv,-1.52
LSO,2023,pv,-0.31
LBR,2023,pv,-0.12
LBY,2023,pv,-2.17
LIE,2023,pv,1.61
LTU,2023,pv,0.74
LUX,2023,pv,1.05
MAC,2023,pv,1.07
MDG,2023,pv,-0.69
MWI,2023,pv,-0.24
MYS,2023,pv,0.17
MDV,2023,pv,0.53
MLI,2023,pv,-2.73
MLT,2023,pv,0.86
MHL,2023,pv,1.18
MTQ,2023,pv,0.51
MRT,2023,pv,-0.5
MUS,2023,pv,0.78
MEX,2023,pv,-0.63
FSM,2023,pv,1.08
MDA,2023,pv,-0.68
MCO,2023,pv,1.18
MNG,2023,pv,0.59
MNE,2023,pv,0.07
MAR,2023,pv,-0.37
MOZ,2023,pv,-1.27
MMR,2023,pv,-2.13
NAM,2023,pv,0.54
NRU,2023,pv,0.98
NPL,2023,pv,-0.23
NLD,2023,pv,0.66
NZL,2023,pv,1.36
NIC,2023,pv,-0.13
NER,2023,pv,-1.67
NGA,2023,pv,-1.77
MKD,2023,pv,0.17
NOR,2023,pv,0.89
OMN,2023,pv,0.59
PAK,2023,pv,-1.93
PLW,2023,pv,1.08
PAN,2023,pv,0.21
PNG,2023,pv,-0.48
PRY,2023,pv,0.08
PER,2023,pv,-0.52
PHL,2023,pv,-0.57
POL,2023,pv,0.56
PRT,2023,pv,0.71
PRI,2023,pv,0.51
QAT,2023,pv,0.99
ROM,2023,pv,0.37
RUS,2023,pv,-1.13
RWA,2023,pv,0.11
REU,2023,pv,0.05
WSM,2023,pv,1.1
SMR,2023,pv,1.18
SAU,2023,pv,-0.21
SEN,2023,pv,-0.14
SRB,2023,pv,-0.04
SYC,2023,pv,0.76
SLE,2023,pv,-0.24
SGP,2023,pv,1.42
SVK,2023,pv,0.57
SVN,2023,pv,0.82
SLB,2023,pv,0.45
SOM,2023,pv,-2.38
ZAF,2023,pv,-0.67
SSD,2023,pv,-2.19
ESP,2023,pv,0.29
LKA,2023,pv,-0.51
KNA,2023,pv,0.92
LCA,2023,pv,1.02
VCT,2023,pv,1.02
SDN,2023,pv,-2.47
SUR,2023,pv,0.41
SWE,2023,pv,0.76
CHE,2023,pv,1.07
SYR,2023,pv,-2.75
STP,2023,pv,0.44
TWN,2023,pv,0.76
TJK,2023,pv,-0.47
TZA,2023,pv,-0.05
THA,2023,pv,-0.28
TMP,2023,pv,0.26
TGO,2023,pv,-0.95
TON,2023,pv,1.09
TTO,2023,pv,0.4
TUN,2023,pv,-0.63
TKM,2023,pv,-0.11
TUV,2023,pv,1.19
TUR,2023,pv,-1.01
UGA,2023,pv,-0.7
UKR,2023,pv,-1.43
ARE,2023,pv,0.68
GBR,2023,pv,0.51
USA,2023,pv,0.03
URY,2023,pv,0.96
UZB,2023,pv,-0.15
VUT,2023,pv,0.93
VEN,2023,pv,-1.19
VNM,2023,pv,-0.04
VIR,2023,pv,0.53
WBG,2023,pv,-1.87
YEM,2023,pv,-2.56
ZMB,2023,pv,0.2
ZWE,2023,pv,-0.93
AFG,2023,rl,-1.65
ALB,2023,rl,-0.16
DZA,2023,rl,-0.68
ASM,2023,rl,1.21
ADO,2023,rl,1.48
AGO,2023,rl,-1.1
AIA,2023,rl,0.68
ATG,2023,rl,0.38
ARG,2023,rl,-0.41
ARM,2023,rl,-0.12
ABW,2023,rl,1.27
AUS,2023,rl,1.52
AUT,2023,rl,1.75
AZE,2023,rl,-0.57
BHS,2023,rl,0.18
BHR,2023,rl,0.47
BGD,2023,rl,-0.5
BRB,2023,rl,0.41
BLR,2023,rl,-1.25
BEL,2023,rl,1.3
BLZ,2023,rl,-0.64
BEN,2023,rl,-0.51
BMU,2023,rl,0.68
BTN,2023,rl,0.67
BOL,2023,rl,-1.22
BIH,2023,rl,-0.35
BWA,2023,rl,0.39
BRA,2023,rl,-0.31
BRN,2023,rl,0.89
BGR,2023,rl,-0.01
BFA,2023,rl,-0.74
BDI,2023,rl,-1.25
KHM,2023,rl,-0.82
CMR,2023,rl,-1.04
CAN,2023,rl,1.47
CPV,2023,rl,0.4
CYM,2023,rl,0.72
CAF,2023,rl,-1.76
TCD,2023,rl,-1.35
CHL,2023,rl,0.63
CHN,2023,rl,-0.04
COL,2023,rl,-0.46
COM,2023,rl,-1.34
ZAR,2023,rl,-1.67
COG,2023,rl,-1.02
COK,2023,rl,-0.53
CRI,2023,rl,0.39
HRV,2023,rl,0.36
CUB,2023,rl,-0.45
CYP,2023,rl,0.63
CZE,2023,rl,1.14
CIV,2023,rl,-0.46
DNK,2023,rl,1.91
DJI,2023,rl,-1.13
DMA,2023,rl,0.62
DOM,2023,rl,-0.13
ECU,2023,rl,-0.96
EGY,2023,rl,-0.18
SLV,2023,rl,-0.37
GNQ,2023,rl,-1.34
ERI,2023,rl,-1.76
EST,2023,rl,1.43
SWZ,2023,rl,-0.6
ETH,2023,rl,-0.67
FJI,2023,rl,0.3
FIN,2023,rl,1.97
FRA,2023,rl,1.18
GUF,2023,rl,1.13
GAB,2023,rl,-0.87
GMB,2023,rl,-0.37
GEO,2023,rl,0.18
DEU,2023,rl,1.55
GHA,2023,rl,-0.1
GRC,2023,rl,0.21
GRL,2023,rl,1.68
GRD,2023,rl,0.6
GUM,2023,rl,0.95
GTM,2023,rl,-1.08
GIN,2023,rl,-1.11
GNB,2023,rl,-1.44
GUY,2023,rl,-0.34
HTI,2023,rl,-1.36
HND,2023,rl,-1.1
HKG,2023,rl,1.29
HUN,2023,rl,0.43
ISL,2023,rl,1.72
IND,2023,rl,0.19
IDN,2023,rl,-0.15
IRN,2023,rl,-1.06
IRQ,2023,rl,-1.69
IRL,2023,rl,1.63
ISR,2023,rl,0.78
ITA,2023,rl,0.39
JAM,2023,rl,-0.17
JPN,2023,rl,1.54
JEY,2023,rl,1.68
JOR,2023,rl,0.26
KAZ,2023,rl,-0.45
KEN,2023,rl,-0.33
KIR,2023,rl,0.59
PRK,2023,rl,-1.64
KOR,2023,rl,1.25
KSV,2023,rl,-0.31
KWT,2023,rl,0.34
KGZ,2023,rl,-1.17
LAO,2023,rl,-0.83
LVA,2023,rl,1.04
LBN,2023,rl,-1.17
LSO,2023,rl,-0.48
LBR,2023,rl,-1.03
LBY,2023,rl,-1.77
LIE,2023,rl,1.71
LTU,2023,rl,1.27
LUX,2023,rl,1.75
MAC,2023,rl,0.78
MDG,2023,rl,-0.97
MWI,2023,rl,-0.16
MYS,2023,rl,0.57
MDV,2023,rl,-0.08
MLI,2023,rl,-0.98
MLT,2023,rl,0.7
MHL,2023,rl,0.68
MTQ,2023,rl,0.68
MRT,2023,rl,-0.64
MUS,2023,rl,0.81
MEX,2023,rl,-0.81
FSM,2023,rl,0.64
MDA,2023,rl,-0.15
MCO,2023,rl,1.48
MNG,2023,rl,-0.18
MNE,2023,rl,-0.04
MAR,2023,rl,-0.13
MOZ,2023,rl,-1.03
MMR,2023,rl,-1.62
NAM,2023,rl,0.45
NRU,2023,rl,-0.02
NPL,2023,rl,-0.46
NLD,2023,rl,1.64
NZL,2023,rl,1.71
NIC,2023,rl,-1.28
NER,2023,rl,-0.71
NGA,2023,rl,-0.89
NIU,2023,rl,-0.53
MKD,2023,rl,-0.17
NOR,2023,rl,1.83
OMN,2023,rl,0.61
PAK,2023,rl,-0.86
PLW,2023,rl,0.94
PAN,2023,rl,-0.35
PNG,2023,rl,-0.54
PRY,2023,rl,-0.58
PER,2023,rl,-0.54
PHL,2023,rl,-0.42
POL,2023,rl,0.46
PRT,2023,rl,1.07
PRI,2023,rl,0.49
QAT,2023,rl,0.93
ROM,2023,rl,0.44
RUS,2023,rl,-1.19
RWA,2023,rl,0.21
REU,2023,rl,0.68
WSM,2023,rl,0.9
SMR,2023,rl,1.48
SAU,2023,rl,0.41
SEN,2023,rl,-0.27
SRB,2023,rl,-0.07
SYC,2023,rl,0.43
SLE,2023,rl,-0.83
SGP,2023,rl,1.75
SVK,2023,rl,0.6
SVN,2023,rl,1.04
SLB,2023,rl,-0.26
SOM,2023,rl,-2.21
ZAF,2023,rl,0.09
SSD,2023,rl,-2.14
ESP,2023,rl,0.82
LKA,2023,rl,-0.09
KNA,2023,rl,0.48
LCA,2023,rl,0.61
VCT,2023,rl,0.57
SDN,2023,rl,-1.67
SUR,2023,rl,-0.06
SWE,2023,rl,1.6
CHE,2023,rl,1.76
SYR,2023,rl,-2.04
STP,2023,rl,-0.69
TWN,2023,rl,1.26
TJK,2023,rl,-1.28
TZA,2023,rl,-0.37
THA,2023,rl,0.24
TMP,2023,rl,-0.83
TGO,2023,rl,-0.53
TON,2023,rl,0.55
TTO,2023,rl,-0.28
TUN,2023,rl,-0.14
TKM,2023,rl,-1.49
TUV,2023,rl,1.01
TUR,2023,rl,-0.51
UGA,2023,rl,-0.47
UKR,2023,rl,-0.89
ARE,2023,rl,0.88
GBR,2023,rl,1.4
USA,2023,rl,1.33
URY,2023,rl,0.72
UZB,2023,rl,-0.83
VUT,2023,rl,0.14
VEN,2023,rl,-2.15
VNM,2023,rl,-0.09
VIR,2023,rl,0.95
WBG,2023,rl,-0.68
YEM,2023,rl,-1.84
ZMB,2023,rl,-0.53
ZWE,2023,rl,-1.28
AFG,2023,rq,-1.27
ALB,2023,rq,0.17
DZA,2023,rq,-0.95
ASM,2023,rq,0.51
ADO,2023,rq,1.35
AGO,2023,rq,-0.76
AIA,2023,rq,0.93
ATG,2023,rq,0.55
ARG,2023,rq,-0.48
ARM,2023,rq,0.05
ABW,2023,rq,0.95
AUS,2023,rq,1.94
AUT,2023,rq,1.36
AZE,2023,rq,-0.11
BHS,2023,rq,0.01
BHR,2023,rq,1.08
BGD,2023,rq,-0.91
BRB,2023,rq,0.5
BLR,2023,rq,-1.42
BEL,2023,rq,1.17
BLZ,2023,rq,-0.43
BEN,2023,rq,-0.3
BMU,2023,rq,0.93
BTN,2023,rq,-0.4
BOL,2023,rq,-1.18
BIH,2023,rq,-0.14
BWA,2023,rq,0.5
BRA,2023,rq,-0.3
BRN,2023,rq,0.98
BGR,2023,rq,0.41
BFA,2023,rq,-0.49
BDI,2023,rq,-0.99
KHM,2023,rq,-0.68
CMR,2023,rq,-0.91
CAN,2023,rq,1.64
CPV,2023,rq,0.24
CYM,2023,rq,1.07
CAF,2023,rq,-1.47
TCD,2023,rq,-1.16
CHL,2023,rq,0.93
CHN,2023,rq,-0.36
COL,2023,rq,0.1
COM,2023,rq,-1.24
ZAR,2023,rq,-1.41
COG,2023,rq,-1.24
COK,2023,rq,-0.09
CRI,2023,rq,0.54
HRV,2023,rq,0.64
CUB,2023,rq,-1.5
CYP,2023,rq,0.78
CZE,2023,rq,1.3
CIV,2023,rq,-0.12
DNK,2023,rq,1.84
DJI,2023,rq,-0.93
DMA,2023,rq,0.31
DOM,2023,rq,0.17
ECU,2023,rq,-0.72
EGY,2023,rq,-0.67
SLV,2023,rq,-0.31
GNQ,2023,rq,-1.47
ERI,2023,rq,-2.36
EST,2023,rq,1.43
SWZ,2023,rq,-0.72
ETH,2023,rq,-1.02
FJI,2023,rq,-0.09
FIN,2023,rq,1.77
FRA,2023,rq,1.15
GUF,2023,rq,1.07
GAB,2023,rq,-0.7
GMB,2023,rq,-0.64
GEO,2023,rq,0.95
DEU,2023,rq,1.46
GHA,2023,rq,-0.18
GRC,2023,rq,0.58
GRL,2023,rq,1.21
GRD,2023,rq,0.31
GUM,2023,rq,0.51
GTM,2023,rq,-0.29
GIN,2023,rq,-1.08
GNB,2023,rq,-1.25
GUY,2023,rq,-0.56
HTI,2023,rq,-1.39
HND,2023,rq,-0.55
HKG,2023,rq,1.6
HUN,2023,rq,0.32
ISL,2023,rq,1.28
IND,2023,rq,-0.14
IDN,2023,rq,0.3
IRN,2023,rq,-1.69
IRQ,2023,rq,-1.44
IRL,2023,rq,1.75
ISR,2023,rq,1.12
ITA,2023,rq,0.64
JAM,2023,rq,0.1
JPN,2023,rq,1.47
JEY,2023,rq,0.98
JOR,2023,rq,0.22
KAZ,2023,rq,0.07
KEN,2023,rq,-0.39
KIR,2023,rq,-0.28
PRK,2023,rq,-2.39
KOR,2023,rq,1.12
KSV,2023,rq,-0.3
KWT,2023,rq,0.32
KGZ,2023,rq,-0.62
LAO,2023,rq,-0.93
LVA,2023,rq,1.17
LBN,2023,rq,-1.01
LSO,2023,rq,-0.59
LBR,2023,rq,-0.92
LBY,2023,rq,-1.95
LIE,2023,rq,1.62
LTU,2023,rq,1.34
LUX,2023,rq,1.93
MAC,2023,rq,1.79
MDG,2023,rq,-0.8
MWI,2023,rq,-0.77
MYS,2023,rq,0.66
MDV,2023,rq,-0.67
MLI,2023,rq,-0.68
MLT,2023,rq,0.69
MHL,2023,rq,-0.42
MTQ,2023,rq,0.93
MRT,2023,rq,-1
MUS,2023,rq,1.06
MEX,2023,rq,-0.17
FSM,2023,rq,-0.58
MDA,2023,rq,0.11
MCO,2023,rq,1.35
MNG,2023,rq,-0.18
MNE,2023,rq,0.37
MAR,2023,rq,-0.06
MOZ,2023,rq,-0.71
MMR,2023,rq,-1.44
NAM,2023,rq,-0.06
NRU,2023,rq,0.01
NPL,2023,rq,-0.66
NLD,2023,rq,1.79
NZL,2023,rq,1.91
NIC,2023,rq,-0.88
NER,2023,rq,-0.82
NGA,2023,rq,-0.94
NIU,2023,rq,0.11
MKD,2023,rq,0.43
NOR,2023,rq,1.6
OMN,2023,rq,0.43
PAK,2023,rq,-0.9
PLW,2023,rq,0.4
PAN,2023,rq,0.12
PNG,2023,rq,-0.64
PRY,2023,rq,-0.08
PER,2023,rq,0.29
PHL,2023,rq,0.16
POL,2023,rq,0.78
PRT,2023,rq,0.76
PRI,2023,rq,0.64
QAT,2023,rq,0.98
ROM,2023,rq,0.32
RUS,2023,rq,-1.12
RWA,2023,rq,0.12
REU,2023,rq,0.93
WSM,2023,rq,-0.27
SMR,2023,rq,0.93
SAU,2023,rq,0.52
SEN,2023,rq,-0.35
SRB,2023,rq,0.14
SYC,2023,rq,0.21
SLE,2023,rq,-1.06
SGP,2023,rq,2.31
SVK,2023,rq,0.6
SVN,2023,rq,0.73
SLB,2023,rq,-0.78
SOM,2023,rq,-1.88
ZAF,2023,rq,-0.22
SSD,2023,rq,-2.12
ESP,2023,rq,0.69
LKA,2023,rq,-0.51
KNA,2023,rq,0.54
LCA,2023,rq,0.4
VCT,2023,rq,0.32
SDN,2023,rq,-1.6
SUR,2023,rq,-0.73
SWE,2023,rq,1.72
CHE,2023,rq,1.73
SYR,2023,rq,-1.81
STP,2023,rq,-0.94
TWN,2023,rq,1.45
TJK,2023,rq,-1.18
TZA,2023,rq,-0.59
THA,2023,rq,0.16
TMP,2023,rq,-0.49
TGO,2023,rq,-0.49
TON,2023,rq,-0.39
TTO,2023,rq,-0.13
TUN,2023,rq,-0.62
TKM,2023,rq,-2.07
TUV,2023,rq,-0.19
TUR,2023,rq,-0.23
UGA,2023,rq,-0.52
UKR,2023,rq,-0.27
ARE,2023,rq,1.04
GBR,2023,rq,1.54
USA,2023,rq,1.39
URY,2023,rq,0.68
UZB,2023,rq,-0.58
VUT,2023,rq,-0.12
VEN,2023,rq,-2.03
VNM,2023,rq,-0.38
VIR,2023,rq,1.35
WBG,2023,rq,-0.28
YEM,2023,rq,-1.84
ZMB,2023,rq,-0.5
ZWE,2023,rq,-1.34
AFG,2023,va,-1.85
ALB,2023,va,0.17
DZA,2023,va,-0.98
ADO,2023,va,1
AGO,2023,va,-0.74
ATG,2023,va,0.74
ARG,2023,va,0.53
ARM,2023,va,0.08
ABW,2023,va,1.02
AUS,2023,va,1.51
AUT,2023,va,1.41
AZE,2023,va,-1.41
BHS,2023,va,0.86
BHR,2023,va,-1.38
BGD,2023,va,-0.75
BRB,2023,va,1.16
BLR,2023,va,-1.67
BEL,2023,va,1.33
BLZ,2023,va,0.54
BEN,2023,va,-0.22
BTN,2023,va,0.2
BOL,2023,va,-0.27
BIH,2023,va,-0.32
BWA,2023,va,0.5
BRA,2023,va,0.38
BRN,2023,va,-0.72
BGR,2023,va,0.39
BFA,2023,va,-0.81
BDI,2023,va,-1.37
KHM,2023,va,-1.29
CMR,2023,va,-1.07
CAN,2023,va,1.48
CPV,2023,va,0.96
CYM,2023,va,0.76
CAF,2023,va,-1.26
TCD,2023,va,-1.43
CHL,2023,va,1.02
CHN,2023,va,-1.5
COL,2023,va,0.21
COM,2023,va,-0.81
ZAR,2023,va,-1.21
COG,2023,va,-1.15
COK,2023,va,0.88
CRI,2023,va,1.07
HRV,2023,va,0.57
CUB,2023,va,-1.25
CYP,2023,va,0.97
CZE,2023,va,1.08
CIV,2023,va,-0.38
DNK,2023,va,1.66
DJI,2023,va,-1.27
DMA,2023,va,0.79
DOM,2023,va,0.33
ECU,2023,va,-0.06
EGY,2023,va,-1.38
SLV,2023,va,-0.47
GNQ,2023,va,-1.68
ERI,2023,va,-1.86
EST,2023,va,1.22
SWZ,2023,va,-1.16
ETH,2023,va,-1.06
FJI,2023,va,0.19
FIN,2023,va,1.63
FRA,2023,va,1.15
GUF,2023,va,1.27
GAB,2023,va,-0.92
GMB,2023,va,-0.04
GEO,2023,va,0.03
DEU,2023,va,1.46
GHA,2023,va,0.41
GRC,2023,va,1.01
GRL,2023,va,1.27
GRD,2023,va,0.75
GTM,2023,va,-0.53
GIN,2023,va,-1.15
GNB,2023,va,-0.44
GUY,2023,va,0.15
HTI,2023,va,-1.18
HND,2023,va,-0.45
HKG,2023,va,-0.32
HUN,2023,va,0.36
ISL,2023,va,1.45
IND,2023,va,0.09
IDN,2023,va,0.14
IRN,2023,va,-1.45
IRQ,2023,va,-0.96
IRL,2023,va,1.48
ISR,2023,va,0.64
ITA,2023,va,1.12
JAM,2023,va,0.56
JPN,2023,va,1.11
JEY,2023,va,1.27
JOR,2023,va,-0.77
KAZ,2023,va,-1
KEN,2023,va,-0.12
KIR,2023,va,1.09
PRK,2023,va,-1.98
KOR,2023,va,0.86
KSV,2023,va,-0.09
KWT,2023,va,-0.59
KGZ,2023,va,-0.72
LAO,2023,va,-1.63
LVA,2023,va,0.99
LBN,2023,va,-0.65
LSO,2023,va,0.03
LBR,2023,va,0.05
LBY,2023,va,-1.39
LIE,2023,va,1.4
LTU,2023,va,1.07
LUX,2023,va,1.63
MAC,2023,va,-0.51
MDG,2023,va,-0.32
MWI,2023,va,0.08
MYS,2023,va,0.09
MDV,2023,va,-0.14
MLI,2023,va,-1.01
MLT,2023,va,0.91
MHL,2023,va,1.13
MRT,2023,va,-0.66
MUS,2023,va,0.62
MEX,2023,va,-0.12
FSM,2023,va,1.09
MDA,2023,va,0.24
MCO,2023,va,0.65
MNG,2023,va,0.25
MNE,2023,va,0.34
MAR,2023,va,-0.49
MOZ,2023,va,-0.59
MMR,2023,va,-1.84
NAM,2023,va,0.58
NRU,2023,va,0.64
NPL,2023,va,-0.02
NLD,2023,va,1.56
NZL,2023,va,1.69
NIC,2023,va,-1.39
NER,2023,va,-0.7
NGA,2023,va,-0.55
MKD,2023,va,0.16
NOR,2023,va,1.78
OMN,2023,va,-1
PAK,2023,va,-0.96
PLW,2023,va,1.09
PAN,2023,va,0.55
PNG,2023,va,0.01
PRY,2023,va,0.04
PER,2023,va,0.06
PHL,2023,va,-0.02
POL,2023,va,0.63
PRT,2023,va,1.21
PRI,2023,va,0.45
QAT,2023,va,-0.97
ROM,2023,va,0.5
RUS,2023,va,-1.29
RWA,2023,va,-0.9
WSM,2023,va,1.02
SMR,2023,va,1.25
SAU,2023,va,-1.42
SEN,2023,va,0.13
SRB,2023,va,-0.06
SYC,2023,va,0.56
SLE,2023,va,-0.3
SGP,2023,va,-0.07
SVK,2023,va,0.91
SVN,2023,va,1.08
SLB,2023,va,0.34
SOM,2023,va,-1.66
ZAF,2023,va,0.74
SSD,2023,va,-1.68
ESP,2023,va,1.19
LKA,2023,va,-0.23
KNA,2023,va,0.77
LCA,2023,va,0.86
VCT,2023,va,0.83
SDN,2023,va,-1.6
SUR,2023,va,0.35
SWE,2023,va,1.57
CHE,2023,va,1.67
SYR,2023,va,-1.85
STP,2023,va,0.25
TWN,2023,va,1.1
TJK,2023,va,-1.63
TZA,2023,va,-0.53
THA,2023,va,-0.45
TMP,2023,va,0.43
TGO,2023,va,-0.78
TON,2023,va,0.87
TTO,2023,va,0.62
TUN,2023,va,-0.21
TKM,2023,va,-1.88
TUV,2023,va,1.22
TUR,2023,va,-0.86
UGA,2023,va,-0.7
UKR,2023,va,-0.1
ARE,2023,va,-1.09
GBR,2023,va,1.26
USA,2023,va,0.88
URY,2023,va,1.28
UZB,2023,va,-1.31
VUT,2023,va,0.63
VEN,2023,va,-1.53
VNM,2023,va,-1.24
WBG,2023,va,-1.12
YEM,2023,va,-1.55
ZMB,2023,va,-0.05
ZWE,2023,va,-1.09
